10.139600000143052	DATA	Keydown: 6
10.66060000014305	DATA	Keydown: 9
11.081100000143051	DATA	Keydown: 2
16.118900000095365	EXP	Created welcomeText = TextStim( name=welcomeText, win=Window( name=Window, fullscr=true, color=#000000, ~), autoDraw=null, autoLog=true, units=height, pos=[0,0], size=undefined, ori=null, opacity=1, depth=-1, clipMask=null, boundingBox={"x":-0.4984271006655574,"y":-0.281198003327787,"w~, text=Welcome to the arithmetic study! This experiment s~, alignHoriz=center, alignVert=center, flipHoriz=null, flipVert=null, font=Open Sans, height=0.04, wrapWidth=1, bold=null, italic=null, color=#FFFFFF, contrast=1 )
16.122999999999998	EXP	Created typingInst_Text = TextStim( name=typingInst_Text, win=Window( name=Window, fullscr=true, color=#000000, ~), autoDraw=null, autoLog=true, units=height, pos=[0,0], size=undefined, ori=null, opacity=1, depth=null, clipMask=null, boundingBox={"x":-0.4917975249584027,"y":-0.194675540765391,"w~, text=Imagine that you are playing a game. In this game,~, alignHoriz=center, alignVert=center, flipHoriz=null, flipVert=null, font=Open Sans, height=0.04, wrapWidth=1, bold=null, italic=null, color=#FFFFFF, contrast=1 )
16.132800000190734	EXP	Created text = TextStim( name=text, win=Window( name=Window, fullscr=true, color=#000000, ~), autoDraw=null, autoLog=true, units=height, pos=[0,0], size=undefined, ori=null, opacity=1, depth=null, clipMask=null, boundingBox={"x":0,"y":-0.04492512479201331,"width":0,"height"~, text=null, alignHoriz=center, alignVert=center, flipHoriz=null, flipVert=null, font=Open Sans, height=0.08, wrapWidth=1, bold=null, italic=null, color=#FFFFFF, contrast=1 )
16.1415	EXP	Created fix250 = TextStim( name=fix250, win=Window( name=Window, fullscr=true, color=#000000, ~), autoDraw=null, autoLog=true, units=height, pos=[0,0], size=undefined, ori=null, opacity=1, depth=-1, clipMask=null, boundingBox={"x":0,"y":-0.05574043261231281,"width":0,"height"~, text= , alignHoriz=center, alignVert=center, flipHoriz=null, flipVert=null, font=Open Sans, height=0.1, wrapWidth=1, bold=null, italic=null, color=#FFFFFF, contrast=1 )
16.14820000004768	EXP	Created ps_input = TextStim( name=ps_input, win=Window( name=Window, fullscr=true, color=#000000, ~), autoDraw=null, autoLog=true, units=height, pos=[0,-0.05], size=undefined, ori=null, opacity=1, depth=-2, clipMask=null, boundingBox={"x":0,"y":-0.07745424292845259,"width":0,"height"~, text=null, alignHoriz=center, alignVert=center, flipHoriz=null, flipVert=null, font=Open Sans, height=0.05, wrapWidth=1, bold=null, italic=null, color=#FFFFFF, contrast=1 )
16.153400000095367	EXP	Created AnswerBox = Rect( name=AnswerBox, win=Window( name=Window, fullscr=true, color=#000000, ~), autoDraw=null, autoLog=true, units=height, pos=[0,-0.05], size=[1,1], ori=null, opacity=0.5, depth=-3, clipMask=null, boundingBox={"x":-0.15,"y":-0.1,"width":0.3,"height":0.1,"type~, vertices=[[-0.15,-0.05],[0.15,-0.05],[0.15,0.05],[-0.15,0.0~, closeShape=true, interpolate=true, lineWidth=1, lineColor=#FFFFFF, fillColor=#808080, contrast=1, width=0.3, height=0.1 )
16.15570000004768	EXP	Created ps_text = TextStim( name=ps_text, win=Window( name=Window, fullscr=true, color=#000000, ~), autoDraw=null, autoLog=true, units=height, pos=[0,0.18], size=undefined, ori=null, opacity=1, depth=-4, clipMask=null, boundingBox={"x":0,"y":0.13507487520798667,"width":0,"height":~, text=null, alignHoriz=center, alignVert=center, flipHoriz=null, flipVert=null, font=Open Sans, height=0.08, wrapWidth=1, bold=null, italic=null, color=#FFFFFF, contrast=1 )
16.166300000190738	EXP	Created reminderText1 = TextStim( name=reminderText1, win=Window( name=Window, fullscr=true, color=#000000, ~), autoDraw=null, autoLog=true, units=height, pos=[0,-0.4], size=undefined, ori=null, opacity=1, depth=-5, clipMask=null, boundingBox={"x":-0.19670950434172213,"y":-0.41913477537437605~, text=Press "ENTER" when done., alignHoriz=center, alignVert=center, flipHoriz=null, flipVert=null, font=Open Sans, height=0.035, wrapWidth=1, bold=null, italic=null, color=#FFFFFF, contrast=1 )
16.169400000095365	EXP	Created trialInstr_text = TextStim( name=trialInstr_text, win=Window( name=Window, fullscr=true, color=#000000, ~), autoDraw=null, autoLog=true, units=height, pos=[0,0], size=undefined, ori=null, opacity=1, depth=null, clipMask=null, boundingBox={"x":-0.4859966462146423,"y":-0.23793677204658903,~, text=In this final task, we will test your multiplicati~, alignHoriz=center, alignVert=center, flipHoriz=null, flipVert=null, font=Open Sans, height=0.04, wrapWidth=1, bold=null, italic=null, color=#FFFFFF, contrast=1 )
16.17220000004768	EXP	Created fixation = TextStim( name=fixation, win=Window( name=Window, fullscr=true, color=#000000, ~), autoDraw=null, autoLog=true, units=height, pos=[0,0], size=undefined, ori=null, opacity=1, depth=-2, clipMask=null, boundingBox={"x":-0.01407566165765391,"y":-0.02745424292845258~, text=+, alignHoriz=center, alignVert=center, flipHoriz=null, flipVert=null, font=Open Sans, height=0.05, wrapWidth=1, bold=null, italic=null, color=#FFFFFF, contrast=1 )
16.174	EXP	Created Questions = TextStim( name=Questions, win=Window( name=Window, fullscr=true, color=#000000, ~), autoDraw=null, autoLog=true, units=height, pos=[-0.15,0], size=undefined, ori=null, opacity=1, depth=-3, clipMask=null, boundingBox={"x":-0.15,"y":-0.05574043261231281,"width":0,"hei~, text=null, alignHoriz=center, alignVert=center, flipHoriz=null, flipVert=null, font=Open Sans, height=0.1, wrapWidth=1, bold=null, italic=null, color=#FFFFFF, contrast=1 )
16.174999999999997	EXP	Created inputTyping = TextStim( name=inputTyping, win=Window( name=Window, fullscr=true, color=#000000, ~), autoDraw=null, autoLog=true, units=height, pos=[0.15,0], size=undefined, ori=null, opacity=1, depth=-4, clipMask=null, boundingBox={"x":0.15,"y":-0.05574043261231281,"width":0,"heig~, text=null, alignHoriz=center, alignVert=center, flipHoriz=null, flipVert=null, font=Open Sans, height=0.1, wrapWidth=1, bold=null, italic=null, color=#FFFFFF, contrast=1 )
16.175800000190733	EXP	Created text_clock = TextStim( name=text_clock, win=Window( name=Window, fullscr=true, color=#000000, ~), autoDraw=null, autoLog=true, units=height, pos=[0,0.3], size=undefined, ori=null, opacity=1, depth=-5, clipMask=null, boundingBox={"x":0,"y":0.27254575707154743,"width":0,"height":~, text=null, alignHoriz=center, alignVert=center, flipHoriz=null, flipVert=null, font=Open Sans, height=0.05, wrapWidth=1, bold=null, italic=null, color=#FFFFFF, contrast=1 )
16.177999999999997	EXP	Created timerBorder = Rect( name=timerBorder, win=Window( name=Window, fullscr=true, color=#000000, ~), autoDraw=null, autoLog=true, units=height, pos=[0,0.3], size=[1,1], ori=null, opacity=0.5, depth=-6, clipMask=null, boundingBox={"x":-0.1,"y":0.25,"width":0.2,"height":0.1,"type"~, vertices=[[-0.1,-0.05],[0.1,-0.05],[0.1,0.05],[-0.1,0.05]], closeShape=true, interpolate=true, lineWidth=1, lineColor=#FFFFFF, fillColor=#808080, contrast=1, width=0.2, height=0.1 )
16.178900000095368	EXP	Created reminderText2 = TextStim( name=reminderText2, win=Window( name=Window, fullscr=true, color=#000000, ~), autoDraw=null, autoLog=true, units=height, pos=[0,-0.4], size=undefined, ori=null, opacity=1, depth=-7, clipMask=null, boundingBox={"x":-0.19234178387583195,"y":-0.41913477537437605~, text=Press "ENTER" when done, alignHoriz=center, alignVert=center, flipHoriz=null, flipVert=null, font=Open Sans, height=0.035, wrapWidth=1, bold=null, italic=null, color=#FFFFFF, contrast=1 )
16.179900000095365	EXP	Created trial_textCounter = TextStim( name=trial_textCounter, win=Window( name=Window, fullscr=true, color=#000000, ~), autoDraw=null, autoLog=true, units=height, pos=[0,0.4], size=undefined, ori=null, opacity=1, depth=-8, clipMask=null, boundingBox={"x":0,"y":0.37836938435940104,"width":0,"height":~, text=null, alignHoriz=center, alignVert=center, flipHoriz=null, flipVert=null, font=Open Sans, height=0.04, wrapWidth=1, bold=null, italic=null, color=#FFFFFF, contrast=1 )
16.181700000047684	EXP	Created endText = TextStim( name=endText, win=Window( name=Window, fullscr=true, color=#000000, ~), autoDraw=null, autoLog=true, units=height, pos=[0,0], size=undefined, ori=null, opacity=1, depth=null, clipMask=null, boundingBox={"x":-0.44489327683028285,"y":-0.129783693843594,"~, text=You will now be directed to the real experimental ~, alignHoriz=center, alignVert=center, flipHoriz=null, flipVert=null, font=Open Sans, height=0.04, wrapWidth=1, bold=null, italic=null, color=#FFFFFF, contrast=1 )
16.25340000009537	EXP	welcomeText: units = height
16.25340000009537	EXP	welcomeText: pos = [0,0]
16.25340000009537	EXP	welcomeText: size = undefined
16.25340000009537	EXP	welcomeText: ori = null
16.25340000009537	EXP	welcomeText: opacity = 1
16.25340000009537	EXP	welcomeText: depth = -1
16.25340000009537	EXP	welcomeText: clipMask = null
16.25340000009537	EXP	welcomeText: boundingBox = {"x":0,"y":0,"width":0,"height":0,"type":1}
16.25340000009537	EXP	welcomeText: text = Welcome to the arithmetic study! This experiment should take you 2-4 minutes.

In this study, we are testing your typing speed and multiplication fluency. You will be asked to either type the Arabic words presented on the screen or solve as many multiplication problem as possible. 

There is a time limit to both tasks. The accuracy and speed are important in both tasks. Please bring out the gamer side of you (be competitive). 

If you understand, please press 'SPACE BAR' to continue. 
16.25340000009537	EXP	welcomeText: alignHoriz = center
16.25340000009537	EXP	welcomeText: alignVert = center
16.25340000009537	EXP	welcomeText: flipHoriz = null
16.25340000009537	EXP	welcomeText: flipVert = null
16.25340000009537	EXP	welcomeText: font = Open Sans
16.25340000009537	EXP	welcomeText: height = 0.04
16.25340000009537	EXP	welcomeText: wrapWidth = 1
16.25340000009537	EXP	welcomeText: bold = null
16.25340000009537	EXP	welcomeText: italic = null
16.25340000009537	EXP	welcomeText: color = #FFFFFF
16.25340000009537	EXP	welcomeText: contrast = 1
16.25340000009537	EXP	typingInst_Text: units = height
16.25340000009537	EXP	typingInst_Text: pos = [0,0]
16.25340000009537	EXP	typingInst_Text: size = undefined
16.25340000009537	EXP	typingInst_Text: ori = null
16.25340000009537	EXP	typingInst_Text: opacity = 1
16.25340000009537	EXP	typingInst_Text: depth = null
16.25340000009537	EXP	typingInst_Text: clipMask = null
16.25340000009537	EXP	typingInst_Text: boundingBox = {"x":0,"y":0,"width":0,"height":0,"type":1}
16.25340000009537	EXP	typingInst_Text: text = Imagine that you are playing a game. In this game, you will see an Arabic number presented on the screen. 

You are asked to type the number you saw as fast as possible. Once you have cleared all the trials, you will move on to the next level. Please note that only the numerical keys above the keyboard will be enabled.

Please press 'SPACE BAR' if you are ready to start.
16.25340000009537	EXP	typingInst_Text: alignHoriz = center
16.25340000009537	EXP	typingInst_Text: alignVert = center
16.25340000009537	EXP	typingInst_Text: flipHoriz = null
16.25340000009537	EXP	typingInst_Text: flipVert = null
16.25340000009537	EXP	typingInst_Text: font = Open Sans
16.25340000009537	EXP	typingInst_Text: height = 0.04
16.25340000009537	EXP	typingInst_Text: wrapWidth = 1
16.25340000009537	EXP	typingInst_Text: bold = null
16.25340000009537	EXP	typingInst_Text: italic = null
16.25340000009537	EXP	typingInst_Text: color = #FFFFFF
16.25340000009537	EXP	typingInst_Text: contrast = 1
16.25340000009537	EXP	text: units = height
16.25340000009537	EXP	text: pos = [0,0]
16.25340000009537	EXP	text: size = undefined
16.25340000009537	EXP	text: ori = null
16.25340000009537	EXP	text: opacity = 1
16.25340000009537	EXP	text: depth = null
16.25340000009537	EXP	text: clipMask = null
16.25340000009537	EXP	text: boundingBox = {"x":0,"y":0,"width":0,"height":0,"type":1}
16.25340000009537	EXP	text: text = null
16.25340000009537	EXP	text: alignHoriz = center
16.25340000009537	EXP	text: alignVert = center
16.25340000009537	EXP	text: flipHoriz = null
16.25340000009537	EXP	text: flipVert = null
16.25340000009537	EXP	text: font = Open Sans
16.25340000009537	EXP	text: height = 0.08
16.25340000009537	EXP	text: wrapWidth = 1
16.25340000009537	EXP	text: bold = null
16.25340000009537	EXP	text: italic = null
16.25340000009537	EXP	text: color = #FFFFFF
16.25340000009537	EXP	text: contrast = 1
16.25340000009537	EXP	fix250: units = height
16.25340000009537	EXP	fix250: pos = [0,0]
16.25340000009537	EXP	fix250: size = undefined
16.25340000009537	EXP	fix250: ori = null
16.25340000009537	EXP	fix250: opacity = 1
16.25340000009537	EXP	fix250: depth = -1
16.25340000009537	EXP	fix250: clipMask = null
16.25340000009537	EXP	fix250: boundingBox = {"x":0,"y":0,"width":0,"height":0,"type":1}
16.25340000009537	EXP	fix250: text =  
16.25340000009537	EXP	fix250: alignHoriz = center
16.25340000009537	EXP	fix250: alignVert = center
16.25340000009537	EXP	fix250: flipHoriz = null
16.25340000009537	EXP	fix250: flipVert = null
16.25340000009537	EXP	fix250: font = Open Sans
16.25340000009537	EXP	fix250: height = 0.1
16.25340000009537	EXP	fix250: wrapWidth = 1
16.25340000009537	EXP	fix250: bold = null
16.25340000009537	EXP	fix250: italic = null
16.25340000009537	EXP	fix250: color = #FFFFFF
16.25340000009537	EXP	fix250: contrast = 1
16.25340000009537	EXP	ps_input: units = height
16.25340000009537	EXP	ps_input: pos = [0,-0.05]
16.25340000009537	EXP	ps_input: size = undefined
16.25340000009537	EXP	ps_input: ori = null
16.25340000009537	EXP	ps_input: opacity = 1
16.25340000009537	EXP	ps_input: depth = -2
16.25340000009537	EXP	ps_input: clipMask = null
16.25340000009537	EXP	ps_input: boundingBox = {"x":0,"y":0,"width":0,"height":0,"type":1}
16.25340000009537	EXP	ps_input: text = null
16.25340000009537	EXP	ps_input: alignHoriz = center
16.25340000009537	EXP	ps_input: alignVert = center
16.25340000009537	EXP	ps_input: flipHoriz = null
16.25340000009537	EXP	ps_input: flipVert = null
16.25340000009537	EXP	ps_input: font = Open Sans
16.25340000009537	EXP	ps_input: height = 0.05
16.25340000009537	EXP	ps_input: wrapWidth = 1
16.25340000009537	EXP	ps_input: bold = null
16.25340000009537	EXP	ps_input: italic = null
16.25340000009537	EXP	ps_input: color = #FFFFFF
16.25340000009537	EXP	ps_input: contrast = 1
16.25340000009537	EXP	AnswerBox: units = height
16.25340000009537	EXP	AnswerBox: pos = [0,-0.05]
16.25340000009537	EXP	AnswerBox: size = undefined
16.25340000009537	EXP	AnswerBox: ori = null
16.25340000009537	EXP	AnswerBox: opacity = 0.5
16.25340000009537	EXP	AnswerBox: depth = -3
16.25340000009537	EXP	AnswerBox: clipMask = null
16.25340000009537	EXP	AnswerBox: boundingBox = {"x":0,"y":0,"width":0,"height":0,"type":1}
16.25340000009537	EXP	AnswerBox: size = [1,1]
16.25340000009537	EXP	AnswerBox: vertices = [[-0.5,0],[0,0.5],[0.5,0]]
16.25340000009537	EXP	AnswerBox: closeShape = true
16.25340000009537	EXP	AnswerBox: interpolate = true
16.25340000009537	EXP	AnswerBox: lineWidth = 1
16.25340000009537	EXP	AnswerBox: lineColor = #FFFFFF
16.25340000009537	EXP	AnswerBox: fillColor = #808080
16.25340000009537	EXP	AnswerBox: contrast = 1
16.25340000009537	EXP	AnswerBox: width = 0.3
16.25340000009537	EXP	AnswerBox: height = 0.1
16.25340000009537	EXP	AnswerBox: vertices = [[-0.15,-0.05],[0.15,-0.05],[0.15,0.05],[-0.15,0.05]]
16.25340000009537	EXP	ps_text: units = height
16.25340000009537	EXP	ps_text: pos = [0,0.18]
16.25340000009537	EXP	ps_text: size = undefined
16.25340000009537	EXP	ps_text: ori = null
16.25340000009537	EXP	ps_text: opacity = 1
16.25340000009537	EXP	ps_text: depth = -4
16.25340000009537	EXP	ps_text: clipMask = null
16.25340000009537	EXP	ps_text: boundingBox = {"x":0,"y":0,"width":0,"height":0,"type":1}
16.25340000009537	EXP	ps_text: text = null
16.25340000009537	EXP	ps_text: alignHoriz = center
16.25340000009537	EXP	ps_text: alignVert = center
16.25340000009537	EXP	ps_text: flipHoriz = null
16.25340000009537	EXP	ps_text: flipVert = null
16.25340000009537	EXP	ps_text: font = Open Sans
16.25340000009537	EXP	ps_text: height = 0.08
16.25340000009537	EXP	ps_text: wrapWidth = 1
16.25340000009537	EXP	ps_text: bold = null
16.25340000009537	EXP	ps_text: italic = null
16.25340000009537	EXP	ps_text: color = #FFFFFF
16.25340000009537	EXP	ps_text: contrast = 1
16.25340000009537	EXP	reminderText1: units = height
16.25340000009537	EXP	reminderText1: pos = [0,-0.4]
16.25340000009537	EXP	reminderText1: size = undefined
16.25340000009537	EXP	reminderText1: ori = null
16.25340000009537	EXP	reminderText1: opacity = 1
16.25340000009537	EXP	reminderText1: depth = -5
16.25340000009537	EXP	reminderText1: clipMask = null
16.25340000009537	EXP	reminderText1: boundingBox = {"x":0,"y":0,"width":0,"height":0,"type":1}
16.25340000009537	EXP	reminderText1: text = Press "ENTER" when done.
16.25340000009537	EXP	reminderText1: alignHoriz = center
16.25340000009537	EXP	reminderText1: alignVert = center
16.25340000009537	EXP	reminderText1: flipHoriz = null
16.25340000009537	EXP	reminderText1: flipVert = null
16.25340000009537	EXP	reminderText1: font = Open Sans
16.25340000009537	EXP	reminderText1: height = 0.035
16.25340000009537	EXP	reminderText1: wrapWidth = 1
16.25340000009537	EXP	reminderText1: bold = null
16.25340000009537	EXP	reminderText1: italic = null
16.25340000009537	EXP	reminderText1: color = #FFFFFF
16.25340000009537	EXP	reminderText1: contrast = 1
16.25340000009537	EXP	trialInstr_text: units = height
16.25340000009537	EXP	trialInstr_text: pos = [0,0]
16.25340000009537	EXP	trialInstr_text: size = undefined
16.25340000009537	EXP	trialInstr_text: ori = null
16.25340000009537	EXP	trialInstr_text: opacity = 1
16.25340000009537	EXP	trialInstr_text: depth = null
16.25340000009537	EXP	trialInstr_text: clipMask = null
16.25340000009537	EXP	trialInstr_text: boundingBox = {"x":0,"y":0,"width":0,"height":0,"type":1}
16.25340000009537	EXP	trialInstr_text: text = In this final task, we will test your multiplication skills. 

You will be presented with a multiplication problem on the screen. Please solve the problem by typing your answer. Please note that only the numerical keys above the keyboard will be enabled.

You are given 90s to solve as many problems as possible. Be as fast and as accurate as possible. Stay calm and good luck!

Please press 'SPACE BAR' when you are ready to start.
16.25340000009537	EXP	trialInstr_text: alignHoriz = center
16.25340000009537	EXP	trialInstr_text: alignVert = center
16.25340000009537	EXP	trialInstr_text: flipHoriz = null
16.25340000009537	EXP	trialInstr_text: flipVert = null
16.25340000009537	EXP	trialInstr_text: font = Open Sans
16.25340000009537	EXP	trialInstr_text: height = 0.04
16.25340000009537	EXP	trialInstr_text: wrapWidth = 1
16.25340000009537	EXP	trialInstr_text: bold = null
16.25340000009537	EXP	trialInstr_text: italic = null
16.25340000009537	EXP	trialInstr_text: color = #FFFFFF
16.25340000009537	EXP	trialInstr_text: contrast = 1
16.25340000009537	EXP	fixation: units = height
16.25340000009537	EXP	fixation: pos = [0,0]
16.25340000009537	EXP	fixation: size = undefined
16.25340000009537	EXP	fixation: ori = null
16.25340000009537	EXP	fixation: opacity = 1
16.25340000009537	EXP	fixation: depth = -2
16.25340000009537	EXP	fixation: clipMask = null
16.25340000009537	EXP	fixation: boundingBox = {"x":0,"y":0,"width":0,"height":0,"type":1}
16.25340000009537	EXP	fixation: text = +
16.25340000009537	EXP	fixation: alignHoriz = center
16.25340000009537	EXP	fixation: alignVert = center
16.25340000009537	EXP	fixation: flipHoriz = null
16.25340000009537	EXP	fixation: flipVert = null
16.25340000009537	EXP	fixation: font = Open Sans
16.25340000009537	EXP	fixation: height = 0.05
16.25340000009537	EXP	fixation: wrapWidth = 1
16.25340000009537	EXP	fixation: bold = null
16.25340000009537	EXP	fixation: italic = null
16.25340000009537	EXP	fixation: color = #FFFFFF
16.25340000009537	EXP	fixation: contrast = 1
16.25340000009537	EXP	Questions: units = height
16.25340000009537	EXP	Questions: pos = [-0.15,0]
16.25340000009537	EXP	Questions: size = undefined
16.25340000009537	EXP	Questions: ori = null
16.25340000009537	EXP	Questions: opacity = 1
16.25340000009537	EXP	Questions: depth = -3
16.25340000009537	EXP	Questions: clipMask = null
16.25340000009537	EXP	Questions: boundingBox = {"x":0,"y":0,"width":0,"height":0,"type":1}
16.25340000009537	EXP	Questions: text = null
16.25340000009537	EXP	Questions: alignHoriz = center
16.25340000009537	EXP	Questions: alignVert = center
16.25340000009537	EXP	Questions: flipHoriz = null
16.25340000009537	EXP	Questions: flipVert = null
16.25340000009537	EXP	Questions: font = Open Sans
16.25340000009537	EXP	Questions: height = 0.1
16.25340000009537	EXP	Questions: wrapWidth = 1
16.25340000009537	EXP	Questions: bold = null
16.25340000009537	EXP	Questions: italic = null
16.25340000009537	EXP	Questions: color = #FFFFFF
16.25340000009537	EXP	Questions: contrast = 1
16.25340000009537	EXP	inputTyping: units = height
16.25340000009537	EXP	inputTyping: pos = [0.15,0]
16.25340000009537	EXP	inputTyping: size = undefined
16.25340000009537	EXP	inputTyping: ori = null
16.25340000009537	EXP	inputTyping: opacity = 1
16.25340000009537	EXP	inputTyping: depth = -4
16.25340000009537	EXP	inputTyping: clipMask = null
16.25340000009537	EXP	inputTyping: boundingBox = {"x":0,"y":0,"width":0,"height":0,"type":1}
16.25340000009537	EXP	inputTyping: text = null
16.25340000009537	EXP	inputTyping: alignHoriz = center
16.25340000009537	EXP	inputTyping: alignVert = center
16.25340000009537	EXP	inputTyping: flipHoriz = null
16.25340000009537	EXP	inputTyping: flipVert = null
16.25340000009537	EXP	inputTyping: font = Open Sans
16.25340000009537	EXP	inputTyping: height = 0.1
16.25340000009537	EXP	inputTyping: wrapWidth = 1
16.25340000009537	EXP	inputTyping: bold = null
16.25340000009537	EXP	inputTyping: italic = null
16.25340000009537	EXP	inputTyping: color = #FFFFFF
16.25340000009537	EXP	inputTyping: contrast = 1
16.25340000009537	EXP	text_clock: units = height
16.25340000009537	EXP	text_clock: pos = [0,0.3]
16.25340000009537	EXP	text_clock: size = undefined
16.25340000009537	EXP	text_clock: ori = null
16.25340000009537	EXP	text_clock: opacity = 1
16.25340000009537	EXP	text_clock: depth = -5
16.25340000009537	EXP	text_clock: clipMask = null
16.25340000009537	EXP	text_clock: boundingBox = {"x":0,"y":0,"width":0,"height":0,"type":1}
16.25340000009537	EXP	text_clock: text = null
16.25340000009537	EXP	text_clock: alignHoriz = center
16.25340000009537	EXP	text_clock: alignVert = center
16.25340000009537	EXP	text_clock: flipHoriz = null
16.25340000009537	EXP	text_clock: flipVert = null
16.25340000009537	EXP	text_clock: font = Open Sans
16.25340000009537	EXP	text_clock: height = 0.05
16.25340000009537	EXP	text_clock: wrapWidth = 1
16.25340000009537	EXP	text_clock: bold = null
16.25340000009537	EXP	text_clock: italic = null
16.25340000009537	EXP	text_clock: color = #FFFFFF
16.25340000009537	EXP	text_clock: contrast = 1
16.25340000009537	EXP	timerBorder: units = height
16.25340000009537	EXP	timerBorder: pos = [0,0.3]
16.25340000009537	EXP	timerBorder: size = undefined
16.25340000009537	EXP	timerBorder: ori = null
16.25340000009537	EXP	timerBorder: opacity = 0.5
16.25340000009537	EXP	timerBorder: depth = -6
16.25340000009537	EXP	timerBorder: clipMask = null
16.25340000009537	EXP	timerBorder: boundingBox = {"x":0,"y":0,"width":0,"height":0,"type":1}
16.25340000009537	EXP	timerBorder: size = [1,1]
16.25340000009537	EXP	timerBorder: vertices = [[-0.5,0],[0,0.5],[0.5,0]]
16.25340000009537	EXP	timerBorder: closeShape = true
16.25340000009537	EXP	timerBorder: interpolate = true
16.25340000009537	EXP	timerBorder: lineWidth = 1
16.25340000009537	EXP	timerBorder: lineColor = #FFFFFF
16.25340000009537	EXP	timerBorder: fillColor = #808080
16.25340000009537	EXP	timerBorder: contrast = 1
16.25340000009537	EXP	timerBorder: width = 0.2
16.25340000009537	EXP	timerBorder: height = 0.1
16.25340000009537	EXP	timerBorder: vertices = [[-0.1,-0.05],[0.1,-0.05],[0.1,0.05],[-0.1,0.05]]
16.25340000009537	EXP	reminderText2: units = height
16.25340000009537	EXP	reminderText2: pos = [0,-0.4]
16.25340000009537	EXP	reminderText2: size = undefined
16.25340000009537	EXP	reminderText2: ori = null
16.25340000009537	EXP	reminderText2: opacity = 1
16.25340000009537	EXP	reminderText2: depth = -7
16.25340000009537	EXP	reminderText2: clipMask = null
16.25340000009537	EXP	reminderText2: boundingBox = {"x":0,"y":0,"width":0,"height":0,"type":1}
16.25340000009537	EXP	reminderText2: text = Press "ENTER" when done
16.25340000009537	EXP	reminderText2: alignHoriz = center
16.25340000009537	EXP	reminderText2: alignVert = center
16.25340000009537	EXP	reminderText2: flipHoriz = null
16.25340000009537	EXP	reminderText2: flipVert = null
16.25340000009537	EXP	reminderText2: font = Open Sans
16.25340000009537	EXP	reminderText2: height = 0.035
16.25340000009537	EXP	reminderText2: wrapWidth = 1
16.25340000009537	EXP	reminderText2: bold = null
16.25340000009537	EXP	reminderText2: italic = null
16.25340000009537	EXP	reminderText2: color = #FFFFFF
16.25340000009537	EXP	reminderText2: contrast = 1
16.25340000009537	EXP	trial_textCounter: units = height
16.25340000009537	EXP	trial_textCounter: pos = [0,0.4]
16.25340000009537	EXP	trial_textCounter: size = undefined
16.25340000009537	EXP	trial_textCounter: ori = null
16.25340000009537	EXP	trial_textCounter: opacity = 1
16.25340000009537	EXP	trial_textCounter: depth = -8
16.25340000009537	EXP	trial_textCounter: clipMask = null
16.25340000009537	EXP	trial_textCounter: boundingBox = {"x":0,"y":0,"width":0,"height":0,"type":1}
16.25340000009537	EXP	trial_textCounter: text = null
16.25340000009537	EXP	trial_textCounter: alignHoriz = center
16.25340000009537	EXP	trial_textCounter: alignVert = center
16.25340000009537	EXP	trial_textCounter: flipHoriz = null
16.25340000009537	EXP	trial_textCounter: flipVert = null
16.25340000009537	EXP	trial_textCounter: font = Open Sans
16.25340000009537	EXP	trial_textCounter: height = 0.04
16.25340000009537	EXP	trial_textCounter: wrapWidth = 1
16.25340000009537	EXP	trial_textCounter: bold = null
16.25340000009537	EXP	trial_textCounter: italic = null
16.25340000009537	EXP	trial_textCounter: color = #FFFFFF
16.25340000009537	EXP	trial_textCounter: contrast = 1
16.25340000009537	EXP	endText: units = height
16.25340000009537	EXP	endText: pos = [0,0]
16.25340000009537	EXP	endText: size = undefined
16.25340000009537	EXP	endText: ori = null
16.25340000009537	EXP	endText: opacity = 1
16.25340000009537	EXP	endText: depth = null
16.25340000009537	EXP	endText: clipMask = null
16.25340000009537	EXP	endText: boundingBox = {"x":0,"y":0,"width":0,"height":0,"type":1}
16.25340000009537	EXP	endText: text = You will now be directed to the real experimental tasks. Please stay with us. 

The next task should take you about 7-9 minutes.

Press 'SPACE BAR' to the next study. 
16.25340000009537	EXP	endText: alignHoriz = center
16.25340000009537	EXP	endText: alignVert = center
16.25340000009537	EXP	endText: flipHoriz = null
16.25340000009537	EXP	endText: flipVert = null
16.25340000009537	EXP	endText: font = Open Sans
16.25340000009537	EXP	endText: height = 0.04
16.25340000009537	EXP	endText: wrapWidth = 1
16.25340000009537	EXP	endText: bold = null
16.25340000009537	EXP	endText: italic = null
16.25340000009537	EXP	endText: color = #FFFFFF
16.25340000009537	EXP	endText: contrast = 1
16.25340000009537	EXP	welcomeText: autoDraw = true
27.0995	DATA	Keydown:  
27.128200000047684	EXP	welcomeText: autoDraw = null
27.128200000047684	EXP	typingInst_Text: autoDraw = true
37.5875	DATA	Keydown:  
37.67880000019073	EXP	typingInst_Text: autoDraw = null
37.67880000019073	EXP	text: text = Round 1
37.67880000019073	EXP	text: autoDraw = true
38.622	EXP	text: autoDraw = null
38.622	EXP	ps_input: text = null
38.622	EXP	ps_text: text = 42
38.622	EXP	fix250: autoDraw = true
38.8575	EXP	fix250: autoDraw = null
38.91020000004769	EXP	ps_input: autoDraw = true
38.91020000004769	EXP	AnswerBox: autoDraw = true
38.91020000004769	EXP	ps_text: autoDraw = true
38.91020000004769	EXP	reminderText1: autoDraw = true
40.118600000143054	DATA	Keydown: 4
40.12810000014305	EXP	ps_input: text = 4
40.197	DATA	Keydown: 2
40.21130000019074	EXP	ps_input: text = 42
41.430200000047684	DATA	Keydown: Enter
41.4475	EXP	fix250: autoDraw = null
41.4475	EXP	ps_input: autoDraw = null
41.4475	EXP	AnswerBox: autoDraw = null
41.4475	EXP	ps_text: autoDraw = null
41.4475	EXP	reminderText1: autoDraw = null
41.4475	EXP	ps_input: text = null
41.4475	EXP	ps_text: text = 45
41.4475	EXP	fix250: autoDraw = true
41.69540000009537	EXP	fix250: autoDraw = null
41.71810000014305	EXP	ps_input: autoDraw = true
41.71810000014305	EXP	AnswerBox: autoDraw = true
41.71810000014305	EXP	ps_text: autoDraw = true
41.71810000014305	EXP	reminderText1: autoDraw = true
42.78290000009537	DATA	Keydown: 4
42.79910000014305	EXP	ps_input: text = 4
42.97030000019073	DATA	Keydown: 5
42.98180000019074	EXP	ps_input: text = 45
43.16070000004768	DATA	Keydown: Enter
43.165	EXP	fix250: autoDraw = null
43.165	EXP	ps_input: autoDraw = null
43.165	EXP	AnswerBox: autoDraw = null
43.165	EXP	ps_text: autoDraw = null
43.165	EXP	reminderText1: autoDraw = null
43.165	EXP	ps_input: text = null
43.165	EXP	ps_text: text = 8
43.165	EXP	fix250: autoDraw = true
43.41470000004769	EXP	fix250: autoDraw = null
43.438300000190736	EXP	ps_input: autoDraw = true
43.438300000190736	EXP	AnswerBox: autoDraw = true
43.438300000190736	EXP	ps_text: autoDraw = true
43.438300000190736	EXP	reminderText1: autoDraw = true
44.676500000000004	DATA	Keydown: 8
44.68490000009537	EXP	ps_input: text = 8
44.82210000014305	DATA	Keydown: Enter
44.835	EXP	fix250: autoDraw = null
44.835	EXP	ps_input: autoDraw = null
44.835	EXP	AnswerBox: autoDraw = null
44.835	EXP	ps_text: autoDraw = null
44.835	EXP	reminderText1: autoDraw = null
44.835	EXP	ps_input: text = null
44.835	EXP	ps_text: text = 20
44.835	EXP	fix250: autoDraw = true
45.0835	EXP	fix250: autoDraw = null
45.10670000004769	EXP	ps_input: autoDraw = true
45.10670000004769	EXP	AnswerBox: autoDraw = true
45.10670000004769	EXP	ps_text: autoDraw = true
45.10670000004769	EXP	reminderText1: autoDraw = true
46.23290000009537	DATA	Keydown: 2
46.23590000009537	EXP	ps_input: text = 2
46.362200000047686	DATA	Keydown: 0
46.385400000095366	EXP	ps_input: text = 20
46.604800000190735	DATA	Keydown: Enter
46.61960000014305	EXP	fix250: autoDraw = null
46.61960000014305	EXP	ps_input: autoDraw = null
46.61960000014305	EXP	AnswerBox: autoDraw = null
46.61960000014305	EXP	ps_text: autoDraw = null
46.61960000014305	EXP	reminderText1: autoDraw = null
46.61960000014305	EXP	ps_input: text = null
46.61960000014305	EXP	ps_text: text = 25
46.61960000014305	EXP	fix250: autoDraw = true
46.85290000009537	EXP	fix250: autoDraw = null
46.886	EXP	ps_input: autoDraw = true
46.886	EXP	AnswerBox: autoDraw = true
46.886	EXP	ps_text: autoDraw = true
46.886	EXP	reminderText1: autoDraw = true
47.623700000047684	DATA	Keydown: 2
47.65470000004768	EXP	ps_input: text = 2
47.884300000190734	DATA	Keydown: 5
47.9045	EXP	ps_input: text = 25
48.23260000014305	DATA	Keydown: Enter
48.25570000004768	EXP	fix250: autoDraw = null
48.25570000004768	EXP	ps_input: autoDraw = null
48.25570000004768	EXP	AnswerBox: autoDraw = null
48.25570000004768	EXP	ps_text: autoDraw = null
48.25570000004768	EXP	reminderText1: autoDraw = null
48.25570000004768	EXP	ps_input: text = null
48.25570000004768	EXP	ps_text: text = 24
48.25570000004768	EXP	fix250: autoDraw = true
48.50540000009537	EXP	fix250: autoDraw = null
48.50540000009537	EXP	ps_input: autoDraw = true
48.50540000009537	EXP	AnswerBox: autoDraw = true
48.50540000009537	EXP	ps_text: autoDraw = true
48.50540000009537	EXP	reminderText1: autoDraw = true
49.202	DATA	Keydown: 2
49.22360000014305	EXP	ps_input: text = 2
49.46280000019074	DATA	Keydown: 4
49.490300000190736	EXP	ps_input: text = 24
49.801300000190736	DATA	Keydown: Enter
49.824	EXP	fix250: autoDraw = null
49.824	EXP	ps_input: autoDraw = null
49.824	EXP	AnswerBox: autoDraw = null
49.824	EXP	ps_text: autoDraw = null
49.824	EXP	reminderText1: autoDraw = null
49.824	EXP	ps_input: text = null
49.824	EXP	ps_text: text = 63
49.824	EXP	fix250: autoDraw = true
50.058300000190734	EXP	fix250: autoDraw = null
50.09140000009537	EXP	ps_input: autoDraw = true
50.09140000009537	EXP	AnswerBox: autoDraw = true
50.09140000009537	EXP	ps_text: autoDraw = true
50.09140000009537	EXP	reminderText1: autoDraw = true
51.14640000009537	DATA	Keydown: 6
51.17640000009537	EXP	ps_input: text = 6
51.39530000019074	DATA	Keydown: 3
51.42680000019074	EXP	ps_input: text = 63
51.690400000095366	DATA	Keydown: Enter
51.71040000009537	EXP	fix250: autoDraw = null
51.71040000009537	EXP	ps_input: autoDraw = null
51.71040000009537	EXP	AnswerBox: autoDraw = null
51.71040000009537	EXP	ps_text: autoDraw = null
51.71040000009537	EXP	reminderText1: autoDraw = null
51.71040000009537	EXP	ps_input: text = null
51.71040000009537	EXP	ps_text: text = 15
51.71040000009537	EXP	fix250: autoDraw = true
51.9445	EXP	fix250: autoDraw = null
51.97780000019073	EXP	ps_input: autoDraw = true
51.97780000019073	EXP	AnswerBox: autoDraw = true
51.97780000019073	EXP	ps_text: autoDraw = true
51.97780000019073	EXP	reminderText1: autoDraw = true
52.62960000014305	DATA	Keydown: 1
52.64530000019074	EXP	ps_input: text = 1
53.04940000009537	DATA	Keydown: 5
53.07910000014305	EXP	ps_input: text = 15
53.34680000019073	DATA	Keydown: Enter
53.363200000047684	EXP	fix250: autoDraw = null
53.363200000047684	EXP	ps_input: autoDraw = null
53.363200000047684	EXP	AnswerBox: autoDraw = null
53.363200000047684	EXP	ps_text: autoDraw = null
53.363200000047684	EXP	reminderText1: autoDraw = null
53.363200000047684	EXP	ps_input: text = null
53.363200000047684	EXP	ps_text: text = 10
53.363200000047684	EXP	fix250: autoDraw = true
53.597	EXP	fix250: autoDraw = null
53.63020000004769	EXP	ps_input: autoDraw = true
53.63020000004769	EXP	AnswerBox: autoDraw = true
53.63020000004769	EXP	ps_text: autoDraw = true
53.63020000004769	EXP	reminderText1: autoDraw = true
54.257	DATA	Keydown: 1
54.28120000004768	EXP	ps_input: text = 1
54.42860000014305	DATA	Keydown: 0
54.447900000095366	EXP	ps_input: text = 10
54.73590000009537	DATA	Keydown: Enter
54.76540000009537	EXP	fix250: autoDraw = null
54.76540000009537	EXP	ps_input: autoDraw = null
54.76540000009537	EXP	AnswerBox: autoDraw = null
54.76540000009537	EXP	ps_text: autoDraw = null
54.76540000009537	EXP	reminderText1: autoDraw = null
54.76540000009537	EXP	ps_input: text = null
54.76540000009537	EXP	ps_text: text = 9
54.76540000009537	EXP	fix250: autoDraw = true
55.0155	EXP	fix250: autoDraw = null
55.0155	EXP	ps_input: autoDraw = true
55.0155	EXP	AnswerBox: autoDraw = true
55.0155	EXP	ps_text: autoDraw = true
55.0155	EXP	reminderText1: autoDraw = true
55.784	DATA	Keydown: 9
55.800100000143054	EXP	ps_input: text = 9
56.118900000095365	DATA	Keydown: Enter
56.15210000014305	EXP	fix250: autoDraw = null
56.15210000014305	EXP	ps_input: autoDraw = null
56.15210000014305	EXP	AnswerBox: autoDraw = null
56.15210000014305	EXP	ps_text: autoDraw = null
56.15210000014305	EXP	reminderText1: autoDraw = null
56.15210000014305	EXP	ps_input: text = null
56.15210000014305	EXP	ps_text: text = 28
56.15210000014305	EXP	fix250: autoDraw = true
56.40130000019074	EXP	fix250: autoDraw = null
56.40130000019074	EXP	ps_input: autoDraw = true
56.40130000019074	EXP	AnswerBox: autoDraw = true
56.40130000019074	EXP	ps_text: autoDraw = true
56.40130000019074	EXP	reminderText1: autoDraw = true
57.677700000047686	DATA	Keydown: 2
57.703	EXP	ps_input: text = 2
57.864400000095365	DATA	Keydown: 8
57.8865	EXP	ps_input: text = 28
58.172100000143054	DATA	Keydown: Enter
58.20370000004768	EXP	fix250: autoDraw = null
58.20370000004768	EXP	ps_input: autoDraw = null
58.20370000004768	EXP	AnswerBox: autoDraw = null
58.20370000004768	EXP	ps_text: autoDraw = null
58.20370000004768	EXP	reminderText1: autoDraw = null
58.20370000004768	EXP	ps_input: text = null
58.20370000004768	EXP	ps_text: text = 12
58.20370000004768	EXP	fix250: autoDraw = true
58.45430000019074	EXP	fix250: autoDraw = null
58.45430000019074	EXP	ps_input: autoDraw = true
58.45430000019074	EXP	AnswerBox: autoDraw = true
58.45430000019074	EXP	ps_text: autoDraw = true
58.45430000019074	EXP	reminderText1: autoDraw = true
59.087	DATA	Keydown: 1
59.105500000000006	EXP	ps_input: text = 1
59.19500000000001	DATA	Keydown: 2
59.221900000095374	EXP	ps_input: text = 12
59.3965	DATA	Keydown: Enter
59.42230000019073	EXP	fix250: autoDraw = null
59.42230000019073	EXP	ps_input: autoDraw = null
59.42230000019073	EXP	AnswerBox: autoDraw = null
59.42230000019073	EXP	ps_text: autoDraw = null
59.42230000019073	EXP	reminderText1: autoDraw = null
59.42230000019073	EXP	ps_input: text = null
59.42230000019073	EXP	ps_text: text = 18
59.42230000019073	EXP	fix250: autoDraw = true
59.67270000004768	EXP	fix250: autoDraw = null
59.67270000004768	EXP	ps_input: autoDraw = true
59.67270000004768	EXP	AnswerBox: autoDraw = true
59.67270000004768	EXP	ps_text: autoDraw = true
59.67270000004768	EXP	reminderText1: autoDraw = true
60.262200000047685	DATA	Keydown: 1
60.29070000004768	EXP	ps_input: text = 1
60.75880000019073	DATA	Keydown: 8
60.77460000014305	EXP	ps_input: text = 18
61.059	DATA	Keydown: Enter
61.07540000009537	EXP	fix250: autoDraw = null
61.07540000009537	EXP	ps_input: autoDraw = null
61.07540000009537	EXP	AnswerBox: autoDraw = null
61.07540000009537	EXP	ps_text: autoDraw = null
61.07540000009537	EXP	reminderText1: autoDraw = null
61.07540000009537	EXP	ps_input: text = null
61.07540000009537	EXP	ps_text: text = 32
61.07540000009537	EXP	fix250: autoDraw = true
61.30880000019074	EXP	fix250: autoDraw = null
61.341900000095364	EXP	ps_input: autoDraw = true
61.341900000095364	EXP	AnswerBox: autoDraw = true
61.341900000095364	EXP	ps_text: autoDraw = true
61.341900000095364	EXP	reminderText1: autoDraw = true
62.52590000009536	DATA	Keydown: 2
62.54410000014305	EXP	ps_input: text = 2
62.705700000047685	DATA	Keydown: Enter
62.727600000143056	EXP	fix250: autoDraw = null
62.727600000143056	EXP	ps_input: autoDraw = null
62.727600000143056	EXP	AnswerBox: autoDraw = null
62.727600000143056	EXP	ps_text: autoDraw = null
62.727600000143056	EXP	reminderText1: autoDraw = null
62.727600000143056	EXP	ps_input: text = null
62.727600000143056	EXP	ps_text: text = 4
62.727600000143056	EXP	fix250: autoDraw = true
62.961700000047685	EXP	fix250: autoDraw = null
62.994200000047684	EXP	ps_input: autoDraw = true
62.994200000047684	EXP	AnswerBox: autoDraw = true
62.994200000047684	EXP	ps_text: autoDraw = true
62.994200000047684	EXP	reminderText1: autoDraw = true
64.38130000019073	DATA	Keydown: 4
64.41370000004768	EXP	ps_input: text = 4
64.638	DATA	Keydown: Enter
64.66340000009536	EXP	fix250: autoDraw = null
64.66340000009536	EXP	ps_input: autoDraw = null
64.66340000009536	EXP	AnswerBox: autoDraw = null
64.66340000009536	EXP	ps_text: autoDraw = null
64.66340000009536	EXP	reminderText1: autoDraw = null
64.66340000009536	EXP	ps_input: text = null
64.66340000009536	EXP	ps_text: text = 35
64.66340000009536	EXP	fix250: autoDraw = true
64.914	EXP	fix250: autoDraw = null
64.914	EXP	ps_input: autoDraw = true
64.914	EXP	AnswerBox: autoDraw = true
64.914	EXP	ps_text: autoDraw = true
64.914	EXP	reminderText1: autoDraw = true
66.00890000009537	DATA	Keydown: 3
66.03230000019073	EXP	ps_input: text = 3
66.29530000019074	DATA	Keydown: 5
66.31640000009537	EXP	ps_input: text = 35
66.74160000014305	DATA	Keydown: Enter
66.76720000004768	EXP	fix250: autoDraw = null
66.76720000004768	EXP	ps_input: autoDraw = null
66.76720000004768	EXP	AnswerBox: autoDraw = null
66.76720000004768	EXP	ps_text: autoDraw = null
66.76720000004768	EXP	reminderText1: autoDraw = null
66.76720000004768	EXP	ps_input: text = null
66.76720000004768	EXP	ps_text: text = 48
66.76720000004768	EXP	fix250: autoDraw = true
67.00060000014305	EXP	fix250: autoDraw = null
67.034	EXP	ps_input: autoDraw = true
67.034	EXP	AnswerBox: autoDraw = true
67.034	EXP	ps_text: autoDraw = true
67.034	EXP	reminderText1: autoDraw = true
68.08710000014305	DATA	Keydown: 4
68.10340000009536	EXP	ps_input: text = 4
68.32580000019074	DATA	Keydown: 8
68.35230000019074	EXP	ps_input: text = 48
68.65380000019074	DATA	Keydown: Shift
69.21070000004768	DATA	Keydown: Enter
69.23720000004768	EXP	fix250: autoDraw = null
69.23720000004768	EXP	ps_input: autoDraw = null
69.23720000004768	EXP	AnswerBox: autoDraw = null
69.23720000004768	EXP	ps_text: autoDraw = null
69.23720000004768	EXP	reminderText1: autoDraw = null
69.23720000004768	EXP	ps_input: text = null
69.23720000004768	EXP	ps_text: text = 49
69.23720000004768	EXP	fix250: autoDraw = true
69.4715	EXP	fix250: autoDraw = null
69.50440000009537	EXP	ps_input: autoDraw = true
69.50440000009537	EXP	AnswerBox: autoDraw = true
69.50440000009537	EXP	ps_text: autoDraw = true
69.50440000009537	EXP	reminderText1: autoDraw = true
70.7235	DATA	Keydown: 4
70.73980000019074	EXP	ps_input: text = 4
70.90370000004768	DATA	Keydown: 9
70.92330000019074	EXP	ps_input: text = 49
71.21370000004768	DATA	Keydown: Enter
71.24080000019073	EXP	fix250: autoDraw = null
71.24080000019073	EXP	ps_input: autoDraw = null
71.24080000019073	EXP	AnswerBox: autoDraw = null
71.24080000019073	EXP	ps_text: autoDraw = null
71.24080000019073	EXP	reminderText1: autoDraw = null
71.24080000019073	EXP	ps_input: text = null
71.24080000019073	EXP	ps_text: text = 56
71.24080000019073	EXP	fix250: autoDraw = true
71.47430000019074	EXP	fix250: autoDraw = null
71.50750000000001	EXP	ps_input: autoDraw = true
71.50750000000001	EXP	AnswerBox: autoDraw = true
71.50750000000001	EXP	ps_text: autoDraw = true
71.50750000000001	EXP	reminderText1: autoDraw = true
72.57720000004768	DATA	Keydown: 5
72.59240000009537	EXP	ps_input: text = 5
72.70270000004768	DATA	Keydown: 6
72.726	EXP	ps_input: text = 56
73.59440000009536	DATA	Keydown: Enter
73.6105	EXP	fix250: autoDraw = null
73.6105	EXP	ps_input: autoDraw = null
73.6105	EXP	AnswerBox: autoDraw = null
73.6105	EXP	ps_text: autoDraw = null
73.6105	EXP	reminderText1: autoDraw = null
73.6105	EXP	ps_input: text = null
73.6105	EXP	ps_text: text = 64
73.6105	EXP	fix250: autoDraw = true
73.86090000009537	EXP	fix250: autoDraw = null
73.86090000009537	EXP	ps_input: autoDraw = true
73.86090000009537	EXP	AnswerBox: autoDraw = true
73.86090000009537	EXP	ps_text: autoDraw = true
73.86090000009537	EXP	reminderText1: autoDraw = true
74.79030000019074	DATA	Keydown: 6
74.81270000004768	EXP	ps_input: text = 6
75.09710000014306	DATA	Keydown: 4
75.11330000019073	EXP	ps_input: text = 64
75.42360000014305	DATA	Keydown: Enter
75.44690000009537	EXP	fix250: autoDraw = null
75.44690000009537	EXP	ps_input: autoDraw = null
75.44690000009537	EXP	AnswerBox: autoDraw = null
75.44690000009537	EXP	ps_text: autoDraw = null
75.44690000009537	EXP	reminderText1: autoDraw = null
75.44690000009537	EXP	ps_input: text = null
75.44690000009537	EXP	ps_text: text = 6
75.44690000009537	EXP	fix250: autoDraw = true
75.68120000004768	EXP	fix250: autoDraw = null
75.71380000019073	EXP	ps_input: autoDraw = true
75.71380000019073	EXP	AnswerBox: autoDraw = true
75.71380000019073	EXP	ps_text: autoDraw = true
75.71380000019073	EXP	reminderText1: autoDraw = true
77.28470000004768	DATA	Keydown: 6
77.3165	EXP	ps_input: text = 6
77.63420000004768	DATA	Keydown: Enter
77.651	EXP	fix250: autoDraw = null
77.651	EXP	ps_input: autoDraw = null
77.651	EXP	AnswerBox: autoDraw = null
77.651	EXP	ps_text: autoDraw = null
77.651	EXP	reminderText1: autoDraw = null
77.651	EXP	ps_input: text = null
77.651	EXP	ps_text: text = 21
77.651	EXP	fix250: autoDraw = true
77.88410000014305	EXP	fix250: autoDraw = null
77.91710000014305	EXP	ps_input: autoDraw = true
77.91710000014305	EXP	AnswerBox: autoDraw = true
77.91710000014305	EXP	ps_text: autoDraw = true
77.91710000014305	EXP	reminderText1: autoDraw = true
78.96980000019073	DATA	Keydown: 2
78.98570000004769	EXP	ps_input: text = 2
79.0605	DATA	Keydown: 1
79.06990000009537	EXP	ps_input: text = 21
79.58630000019073	DATA	Keydown: Enter
79.60380000019073	EXP	fix250: autoDraw = null
79.60380000019073	EXP	ps_input: autoDraw = null
79.60380000019073	EXP	AnswerBox: autoDraw = null
79.60380000019073	EXP	ps_text: autoDraw = null
79.60380000019073	EXP	reminderText1: autoDraw = null
79.60380000019073	EXP	ps_input: text = null
79.60380000019073	EXP	ps_text: text = 72
79.60380000019073	EXP	fix250: autoDraw = true
79.83720000004769	EXP	fix250: autoDraw = null
79.87040000009537	EXP	ps_input: autoDraw = true
79.87040000009537	EXP	AnswerBox: autoDraw = true
79.87040000009537	EXP	ps_text: autoDraw = true
79.87040000009537	EXP	reminderText1: autoDraw = true
81.221	DATA	Keydown: 7
81.239	EXP	ps_input: text = 7
81.55860000014306	DATA	Keydown: 2
81.58980000019073	EXP	ps_input: text = 72
81.80380000019073	DATA	Keydown: Enter
81.82320000004769	EXP	fix250: autoDraw = null
81.82320000004769	EXP	ps_input: autoDraw = null
81.82320000004769	EXP	AnswerBox: autoDraw = null
81.82320000004769	EXP	ps_text: autoDraw = null
81.82320000004769	EXP	reminderText1: autoDraw = null
81.82320000004769	EXP	ps_input: text = null
81.82320000004769	EXP	ps_text: text = 54
81.82320000004769	EXP	fix250: autoDraw = true
82.05740000009537	EXP	fix250: autoDraw = null
82.09060000014306	EXP	ps_input: autoDraw = true
82.09060000014306	EXP	AnswerBox: autoDraw = true
82.09060000014306	EXP	ps_text: autoDraw = true
82.09060000014306	EXP	reminderText1: autoDraw = true
83.45980000019074	DATA	Keydown: 5
83.47640000009537	EXP	ps_input: text = 5
83.63570000004769	DATA	Keydown: 4
83.65990000009536	EXP	ps_input: text = 54
83.94380000019073	DATA	Keydown: Enter
83.96010000014306	EXP	fix250: autoDraw = null
83.96010000014306	EXP	ps_input: autoDraw = null
83.96010000014306	EXP	AnswerBox: autoDraw = null
83.96010000014306	EXP	ps_text: autoDraw = null
83.96010000014306	EXP	reminderText1: autoDraw = null
83.96010000014306	EXP	ps_input: text = null
83.96010000014306	EXP	ps_text: text = 81
83.96010000014306	EXP	fix250: autoDraw = true
84.19390000009537	EXP	fix250: autoDraw = null
84.22710000014305	EXP	ps_input: autoDraw = true
84.22710000014305	EXP	AnswerBox: autoDraw = true
84.22710000014305	EXP	ps_text: autoDraw = true
84.22710000014305	EXP	reminderText1: autoDraw = true
85.14670000004769	DATA	Keydown: 8
85.1785	EXP	ps_input: text = 8
85.52690000009537	DATA	Keydown: 1
85.5455	EXP	ps_input: text = 81
85.8845	DATA	Keydown: Enter
85.91310000014305	EXP	fix250: autoDraw = null
85.91310000014305	EXP	ps_input: autoDraw = null
85.91310000014305	EXP	AnswerBox: autoDraw = null
85.91310000014305	EXP	ps_text: autoDraw = null
85.91310000014305	EXP	reminderText1: autoDraw = null
85.91310000014305	EXP	ps_input: text = null
85.91310000014305	EXP	ps_text: text = 30
85.91310000014305	EXP	fix250: autoDraw = true
86.14710000014306	EXP	fix250: autoDraw = null
86.181	EXP	ps_input: autoDraw = true
86.181	EXP	AnswerBox: autoDraw = true
86.181	EXP	ps_text: autoDraw = true
86.181	EXP	reminderText1: autoDraw = true
87.4995	DATA	Keydown: 3
87.51530000019073	EXP	ps_input: text = 3
87.67160000014306	DATA	Keydown: 0
87.69920000004768	EXP	ps_input: text = 30
88.03720000004769	DATA	Keydown: Enter
88.06620000004769	EXP	fix250: autoDraw = null
88.06620000004769	EXP	ps_input: autoDraw = null
88.06620000004769	EXP	AnswerBox: autoDraw = null
88.06620000004769	EXP	ps_text: autoDraw = null
88.06620000004769	EXP	reminderText1: autoDraw = null
88.06620000004769	EXP	ps_input: text = null
88.06620000004769	EXP	ps_text: text = 40
88.06620000004769	EXP	fix250: autoDraw = true
88.31660000014305	EXP	fix250: autoDraw = null
88.31660000014305	EXP	ps_input: autoDraw = true
88.31660000014305	EXP	AnswerBox: autoDraw = true
88.31660000014305	EXP	ps_text: autoDraw = true
88.31660000014305	EXP	reminderText1: autoDraw = true
89.803	DATA	Keydown: 4
89.81930000019074	EXP	ps_input: text = 4
89.97080000019074	DATA	Keydown: 0
89.98570000004769	EXP	ps_input: text = 40
90.29780000019073	DATA	Keydown: Enter
90.31960000014305	EXP	fix250: autoDraw = null
90.31960000014305	EXP	ps_input: autoDraw = null
90.31960000014305	EXP	AnswerBox: autoDraw = null
90.31960000014305	EXP	ps_text: autoDraw = null
90.31960000014305	EXP	reminderText1: autoDraw = null
90.31960000014305	EXP	ps_input: text = null
90.31960000014305	EXP	ps_text: text = 14
90.31960000014305	EXP	fix250: autoDraw = true
90.55390000009537	EXP	fix250: autoDraw = null
90.58690000009537	EXP	ps_input: autoDraw = true
90.58690000009537	EXP	AnswerBox: autoDraw = true
90.58690000009537	EXP	ps_text: autoDraw = true
90.58690000009537	EXP	reminderText1: autoDraw = true
91.26240000009537	DATA	Keydown: 1
91.28820000004768	EXP	ps_input: text = 1
91.57510000014305	DATA	Keydown: 4
91.60490000009537	EXP	ps_input: text = 14
91.8435	DATA	Keydown: Enter
91.87230000019073	EXP	fix250: autoDraw = null
91.87230000019073	EXP	ps_input: autoDraw = null
91.87230000019073	EXP	AnswerBox: autoDraw = null
91.87230000019073	EXP	ps_text: autoDraw = null
91.87230000019073	EXP	reminderText1: autoDraw = null
91.87230000019073	EXP	ps_input: text = null
91.87230000019073	EXP	ps_text: text = 36
91.87230000019073	EXP	fix250: autoDraw = true
92.10620000004768	EXP	fix250: autoDraw = null
92.13890000009538	EXP	ps_input: autoDraw = true
92.13890000009538	EXP	AnswerBox: autoDraw = true
92.13890000009538	EXP	ps_text: autoDraw = true
92.13890000009538	EXP	reminderText1: autoDraw = true
93.64220000004768	DATA	Keydown: 3
93.65870000004769	EXP	ps_input: text = 3
93.99540000009537	DATA	Keydown: 6
94.02550000000001	EXP	ps_input: text = 36
94.336	DATA	Keydown: Enter
94.35920000004768	EXP	fix250: autoDraw = null
94.35920000004768	EXP	ps_input: autoDraw = null
94.35920000004768	EXP	AnswerBox: autoDraw = null
94.35920000004768	EXP	ps_text: autoDraw = null
94.35920000004768	EXP	reminderText1: autoDraw = null
94.35920000004768	EXP	ps_input: text = null
94.35920000004768	EXP	ps_text: text = 27
94.35920000004768	EXP	fix250: autoDraw = true
94.59310000014305	EXP	fix250: autoDraw = null
94.62660000014306	EXP	ps_input: autoDraw = true
94.62660000014306	EXP	AnswerBox: autoDraw = true
94.62660000014306	EXP	ps_text: autoDraw = true
94.62660000014306	EXP	reminderText1: autoDraw = true
95.59860000014305	DATA	Keydown: 2
95.62780000019073	EXP	ps_input: text = 2
95.83240000009536	DATA	Keydown: 7
95.862	EXP	ps_input: text = 27
96.38870000004769	DATA	Keydown: Enter
96.41230000019074	EXP	fix250: autoDraw = null
96.41230000019074	EXP	ps_input: autoDraw = null
96.41230000019074	EXP	AnswerBox: autoDraw = null
96.41230000019074	EXP	ps_text: autoDraw = null
96.41230000019074	EXP	reminderText1: autoDraw = null
96.41230000019074	EXP	ps_input: text = null
96.41230000019074	EXP	ps_text: text = 16
96.41230000019074	EXP	fix250: autoDraw = true
96.64660000014305	EXP	fix250: autoDraw = null
96.67960000014305	EXP	ps_input: autoDraw = true
96.67960000014305	EXP	AnswerBox: autoDraw = true
96.67960000014305	EXP	ps_text: autoDraw = true
96.67960000014305	EXP	reminderText1: autoDraw = true
98.19220000004769	DATA	Keydown: 1
98.21540000009537	EXP	ps_input: text = 1
98.37140000009536	DATA	Keydown: 6
98.38320000004768	EXP	ps_input: text = 16
99.30110000014305	DATA	Keydown: Enter
99.31670000004769	EXP	fix250: autoDraw = null
99.31670000004769	EXP	ps_input: autoDraw = null
99.31670000004769	EXP	AnswerBox: autoDraw = null
99.31670000004769	EXP	ps_text: autoDraw = null
99.31670000004769	EXP	reminderText1: autoDraw = null
99.31670000004769	EXP	text: text = Round 2
99.31670000004769	EXP	text: autoDraw = true
100.322	EXP	text: autoDraw = null
100.322	EXP	text: autoDraw = null
100.322	EXP	ps_input: text = null
100.322	EXP	ps_text: text = 49
100.322	EXP	fix250: autoDraw = true
100.56910000014305	EXP	fix250: autoDraw = null
100.60210000014305	EXP	ps_input: autoDraw = true
100.60210000014305	EXP	AnswerBox: autoDraw = true
100.60210000014305	EXP	ps_text: autoDraw = true
100.60210000014305	EXP	reminderText1: autoDraw = true
101.64740000009537	DATA	Keydown: 4
101.67040000009537	EXP	ps_input: text = 4
101.90610000014306	DATA	Keydown: 9
101.93790000009537	EXP	ps_input: text = 49
102.18180000019073	DATA	Keydown: Enter
102.2045	EXP	fix250: autoDraw = null
102.2045	EXP	ps_input: autoDraw = null
102.2045	EXP	AnswerBox: autoDraw = null
102.2045	EXP	ps_text: autoDraw = null
102.2045	EXP	reminderText1: autoDraw = null
102.2045	EXP	ps_input: text = null
102.2045	EXP	ps_text: text = 15
102.2045	EXP	fix250: autoDraw = true
102.43860000014305	EXP	fix250: autoDraw = null
102.47170000004769	EXP	ps_input: autoDraw = true
102.47170000004769	EXP	AnswerBox: autoDraw = true
102.47170000004769	EXP	ps_text: autoDraw = true
102.47170000004769	EXP	reminderText1: autoDraw = true
103.264	DATA	Keydown: 1
103.29110000014305	EXP	ps_input: text = 1
103.5905	DATA	Keydown: 5
103.60690000009537	EXP	ps_input: text = 15
103.83390000009537	DATA	Keydown: Enter
103.85730000019073	EXP	fix250: autoDraw = null
103.85730000019073	EXP	ps_input: autoDraw = null
103.85730000019073	EXP	AnswerBox: autoDraw = null
103.85730000019073	EXP	ps_text: autoDraw = null
103.85730000019073	EXP	reminderText1: autoDraw = null
103.85730000019073	EXP	ps_input: text = null
103.85730000019073	EXP	ps_text: text = 18
103.85730000019073	EXP	fix250: autoDraw = true
104.10770000004769	EXP	fix250: autoDraw = null
104.10770000004769	EXP	ps_input: autoDraw = true
104.10770000004769	EXP	AnswerBox: autoDraw = true
104.10770000004769	EXP	ps_text: autoDraw = true
104.10770000004769	EXP	reminderText1: autoDraw = true
106.01110000014305	DATA	Keydown: 1
106.0275	EXP	ps_input: text = 1
106.16110000014305	DATA	Keydown: 8
106.17770000004768	EXP	ps_input: text = 18
106.75270000004768	DATA	Keydown: Enter
106.77880000019074	EXP	fix250: autoDraw = null
106.77880000019074	EXP	ps_input: autoDraw = null
106.77880000019074	EXP	AnswerBox: autoDraw = null
106.77880000019074	EXP	ps_text: autoDraw = null
106.77880000019074	EXP	reminderText1: autoDraw = null
106.77880000019074	EXP	ps_input: text = null
106.77880000019074	EXP	ps_text: text = 42
106.77880000019074	EXP	fix250: autoDraw = true
107.02850000000001	EXP	fix250: autoDraw = null
107.02850000000001	EXP	ps_input: autoDraw = true
107.02850000000001	EXP	AnswerBox: autoDraw = true
107.02850000000001	EXP	ps_text: autoDraw = true
107.02850000000001	EXP	reminderText1: autoDraw = true
107.967	DATA	Keydown: 4
107.99710000014305	EXP	ps_input: text = 4
108.15840000009537	DATA	Keydown: 2
108.18070000004768	EXP	ps_input: text = 42
108.3415	DATA	Keydown: Enter
108.36410000014305	EXP	fix250: autoDraw = null
108.36410000014305	EXP	ps_input: autoDraw = null
108.36410000014305	EXP	AnswerBox: autoDraw = null
108.36410000014305	EXP	ps_text: autoDraw = null
108.36410000014305	EXP	reminderText1: autoDraw = null
108.36410000014305	EXP	ps_input: text = null
108.36410000014305	EXP	ps_text: text = 64
108.36410000014305	EXP	fix250: autoDraw = true
108.59840000009537	EXP	fix250: autoDraw = null
108.63090000009537	EXP	ps_input: autoDraw = true
108.63090000009537	EXP	AnswerBox: autoDraw = true
108.63090000009537	EXP	ps_text: autoDraw = true
108.63090000009537	EXP	reminderText1: autoDraw = true
109.55510000014306	DATA	Keydown: 6
109.5825	EXP	ps_input: text = 6
109.92580000019073	DATA	Keydown: 4
109.95010000014305	EXP	ps_input: text = 64
110.11360000014305	DATA	Keydown: Enter
110.13340000009536	EXP	fix250: autoDraw = null
110.13340000009536	EXP	ps_input: autoDraw = null
110.13340000009536	EXP	AnswerBox: autoDraw = null
110.13340000009536	EXP	ps_text: autoDraw = null
110.13340000009536	EXP	reminderText1: autoDraw = null
110.13340000009536	EXP	ps_input: text = null
110.13340000009536	EXP	ps_text: text = 81
110.13340000009536	EXP	fix250: autoDraw = true
110.36780000019074	EXP	fix250: autoDraw = null
110.40080000019074	EXP	ps_input: autoDraw = true
110.40080000019074	EXP	AnswerBox: autoDraw = true
110.40080000019074	EXP	ps_text: autoDraw = true
110.40080000019074	EXP	reminderText1: autoDraw = true
111.30060000014305	DATA	Keydown: 8
111.31870000004768	EXP	ps_input: text = 8
111.64590000009537	DATA	Keydown: 1
111.65350000000001	EXP	ps_input: text = 81
111.90420000004768	DATA	Keydown: Enter
111.936	EXP	fix250: autoDraw = null
111.936	EXP	ps_input: autoDraw = null
111.936	EXP	AnswerBox: autoDraw = null
111.936	EXP	ps_text: autoDraw = null
111.936	EXP	reminderText1: autoDraw = null
111.936	EXP	ps_input: text = null
111.936	EXP	ps_text: text = 27
111.936	EXP	fix250: autoDraw = true
112.18660000014306	EXP	fix250: autoDraw = null
112.18660000014306	EXP	ps_input: autoDraw = true
112.18660000014306	EXP	AnswerBox: autoDraw = true
112.18660000014306	EXP	ps_text: autoDraw = true
112.18660000014306	EXP	reminderText1: autoDraw = true
113.08420000004769	DATA	Keydown: 2
113.10490000009537	EXP	ps_input: text = 2
113.5495	DATA	Keydown: 7
113.57210000014305	EXP	ps_input: text = 27
113.78420000004769	DATA	Keydown: Enter
113.8065	EXP	fix250: autoDraw = null
113.8065	EXP	ps_input: autoDraw = null
113.8065	EXP	AnswerBox: autoDraw = null
113.8065	EXP	ps_text: autoDraw = null
113.8065	EXP	reminderText1: autoDraw = null
113.8065	EXP	ps_input: text = null
113.8065	EXP	ps_text: text = 48
113.8065	EXP	fix250: autoDraw = true
114.03980000019074	EXP	fix250: autoDraw = null
114.07300000000001	EXP	ps_input: autoDraw = true
114.07300000000001	EXP	AnswerBox: autoDraw = true
114.07300000000001	EXP	ps_text: autoDraw = true
114.07300000000001	EXP	reminderText1: autoDraw = true
114.95880000019073	DATA	Keydown: 4
114.97470000004769	EXP	ps_input: text = 4
115.45880000019073	DATA	Keydown: 8
115.4755	EXP	ps_input: text = 48
115.645	DATA	Keydown: Enter
115.67510000014305	EXP	fix250: autoDraw = null
115.67510000014305	EXP	ps_input: autoDraw = null
115.67510000014305	EXP	AnswerBox: autoDraw = null
115.67510000014305	EXP	ps_text: autoDraw = null
115.67510000014305	EXP	reminderText1: autoDraw = null
115.67510000014305	EXP	ps_input: text = null
115.67510000014305	EXP	ps_text: text = 30
115.67510000014305	EXP	fix250: autoDraw = true
115.90940000009537	EXP	fix250: autoDraw = null
115.9425	EXP	ps_input: autoDraw = true
115.9425	EXP	AnswerBox: autoDraw = true
115.9425	EXP	ps_text: autoDraw = true
115.9425	EXP	reminderText1: autoDraw = true
116.95110000014306	DATA	Keydown: 3
116.9775	EXP	ps_input: text = 3
117.13090000009537	DATA	Keydown: -
117.82900000000001	DATA	Keydown: 0
117.84530000019073	EXP	ps_input: text = 30
118.43830000019074	DATA	Keydown: Enter
118.46260000014306	EXP	fix250: autoDraw = null
118.46260000014306	EXP	ps_input: autoDraw = null
118.46260000014306	EXP	AnswerBox: autoDraw = null
118.46260000014306	EXP	ps_text: autoDraw = null
118.46260000014306	EXP	reminderText1: autoDraw = null
118.46260000014306	EXP	ps_input: text = null
118.46260000014306	EXP	ps_text: text = 6
118.46260000014306	EXP	fix250: autoDraw = true
118.69720000004769	EXP	fix250: autoDraw = null
118.72990000009537	EXP	ps_input: autoDraw = true
118.72990000009537	EXP	AnswerBox: autoDraw = true
118.72990000009537	EXP	ps_text: autoDraw = true
118.72990000009537	EXP	reminderText1: autoDraw = true
119.77380000019073	DATA	Keydown: 6
119.79880000019074	EXP	ps_input: text = 6
120.01720000004768	DATA	Keydown: Enter
120.03230000019073	EXP	fix250: autoDraw = null
120.03230000019073	EXP	ps_input: autoDraw = null
120.03230000019073	EXP	AnswerBox: autoDraw = null
120.03230000019073	EXP	ps_text: autoDraw = null
120.03230000019073	EXP	reminderText1: autoDraw = null
120.03230000019073	EXP	ps_input: text = null
120.03230000019073	EXP	ps_text: text = 63
120.03230000019073	EXP	fix250: autoDraw = true
120.26590000009537	EXP	fix250: autoDraw = null
120.29890000009537	EXP	ps_input: autoDraw = true
120.29890000009537	EXP	AnswerBox: autoDraw = true
120.29890000009537	EXP	ps_text: autoDraw = true
120.29890000009537	EXP	reminderText1: autoDraw = true
121.41120000004769	DATA	Keydown: 6
121.43420000004768	EXP	ps_input: text = 6
122.03560000014305	DATA	Keydown: 3
122.05210000014306	EXP	ps_input: text = 63
122.19990000009537	DATA	Keydown: Enter
122.21860000014306	EXP	fix250: autoDraw = null
122.21860000014306	EXP	ps_input: autoDraw = null
122.21860000014306	EXP	AnswerBox: autoDraw = null
122.21860000014306	EXP	ps_text: autoDraw = null
122.21860000014306	EXP	reminderText1: autoDraw = null
122.21860000014306	EXP	ps_input: text = null
122.21860000014306	EXP	ps_text: text = 54
122.21860000014306	EXP	fix250: autoDraw = true
122.46910000014304	EXP	fix250: autoDraw = null
122.48590000009537	EXP	ps_input: autoDraw = true
122.48590000009537	EXP	AnswerBox: autoDraw = true
122.48590000009537	EXP	ps_text: autoDraw = true
122.48590000009537	EXP	reminderText1: autoDraw = true
123.4665	DATA	Keydown: 5
123.48770000004768	EXP	ps_input: text = 5
123.689	DATA	Keydown: 4
123.72130000019072	EXP	ps_input: text = 54
123.89540000009538	DATA	Keydown: Enter
123.92170000004768	EXP	fix250: autoDraw = null
123.92170000004768	EXP	ps_input: autoDraw = null
123.92170000004768	EXP	AnswerBox: autoDraw = null
123.92170000004768	EXP	ps_text: autoDraw = null
123.92170000004768	EXP	reminderText1: autoDraw = null
123.92170000004768	EXP	ps_input: text = null
123.92170000004768	EXP	ps_text: text = 16
123.92170000004768	EXP	fix250: autoDraw = true
124.15530000019075	EXP	fix250: autoDraw = null
124.18840000009536	EXP	ps_input: autoDraw = true
124.18840000009536	EXP	AnswerBox: autoDraw = true
124.18840000009536	EXP	ps_text: autoDraw = true
124.18840000009536	EXP	reminderText1: autoDraw = true
125.09540000009537	DATA	Keydown: 1
125.12320000004769	EXP	ps_input: text = 1
125.4522000000477	DATA	Keydown: 6
125.47370000004767	EXP	ps_input: text = 16
125.8957000000477	DATA	Keydown: Enter
125.92460000014304	EXP	fix250: autoDraw = null
125.92460000014304	EXP	ps_input: autoDraw = null
125.92460000014304	EXP	AnswerBox: autoDraw = null
125.92460000014304	EXP	ps_text: autoDraw = null
125.92460000014304	EXP	reminderText1: autoDraw = null
125.92460000014304	EXP	ps_input: text = null
125.92460000014304	EXP	ps_text: text = 12
125.92460000014304	EXP	fix250: autoDraw = true
126.1585	EXP	fix250: autoDraw = null
126.19149999999999	EXP	ps_input: autoDraw = true
126.19149999999999	EXP	AnswerBox: autoDraw = true
126.19149999999999	EXP	ps_text: autoDraw = true
126.19149999999999	EXP	reminderText1: autoDraw = true
127.07690000009538	DATA	Keydown: 1
127.09290000009537	EXP	ps_input: text = 1
127.285	DATA	Keydown: 2
127.31020000004767	EXP	ps_input: text = 12
127.55530000019073	DATA	Keydown: Enter
127.57680000019073	EXP	fix250: autoDraw = null
127.57680000019073	EXP	ps_input: autoDraw = null
127.57680000019073	EXP	AnswerBox: autoDraw = null
127.57680000019073	EXP	ps_text: autoDraw = null
127.57680000019073	EXP	reminderText1: autoDraw = null
127.57680000019073	EXP	ps_input: text = null
127.57680000019073	EXP	ps_text: text = 8
127.57680000019073	EXP	fix250: autoDraw = true
127.82730000019075	EXP	fix250: autoDraw = null
127.84420000004769	EXP	ps_input: autoDraw = true
127.84420000004769	EXP	AnswerBox: autoDraw = true
127.84420000004769	EXP	ps_text: autoDraw = true
127.84420000004769	EXP	reminderText1: autoDraw = true
129.41560000014306	DATA	Keydown: 8
129.43090000009536	EXP	ps_input: text = 8
129.598	DATA	Keydown: Enter
129.63	EXP	fix250: autoDraw = null
129.63	EXP	ps_input: autoDraw = null
129.63	EXP	AnswerBox: autoDraw = null
129.63	EXP	ps_text: autoDraw = null
129.63	EXP	reminderText1: autoDraw = null
129.63	EXP	ps_input: text = null
129.63	EXP	ps_text: text = 21
129.63	EXP	fix250: autoDraw = true
129.86420000004767	EXP	fix250: autoDraw = null
129.89730000019074	EXP	ps_input: autoDraw = true
129.89730000019074	EXP	AnswerBox: autoDraw = true
129.89730000019074	EXP	ps_text: autoDraw = true
129.89730000019074	EXP	reminderText1: autoDraw = true
130.73280000019074	DATA	Keydown: 2
130.73480000019075	EXP	ps_input: text = 2
130.82540000009536	DATA	Keydown: 1
130.84890000009537	EXP	ps_input: text = 21
131.19210000014306	DATA	Keydown: Enter
131.2157000000477	EXP	fix250: autoDraw = null
131.2157000000477	EXP	ps_input: autoDraw = null
131.2157000000477	EXP	AnswerBox: autoDraw = null
131.2157000000477	EXP	ps_text: autoDraw = null
131.2157000000477	EXP	reminderText1: autoDraw = null
131.2157000000477	EXP	ps_input: text = null
131.2157000000477	EXP	ps_text: text = 20
131.2157000000477	EXP	fix250: autoDraw = true
131.4502000000477	EXP	fix250: autoDraw = null
131.48320000004767	EXP	ps_input: autoDraw = true
131.48320000004767	EXP	AnswerBox: autoDraw = true
131.48320000004767	EXP	ps_text: autoDraw = true
131.48320000004767	EXP	reminderText1: autoDraw = true
132.15620000004768	DATA	Keydown: 2
132.18390000009538	EXP	ps_input: text = 2
132.5127000000477	DATA	Keydown: 0
132.53440000009536	EXP	ps_input: text = 20
132.85570000004768	DATA	Keydown: Enter
132.885	EXP	fix250: autoDraw = null
132.885	EXP	ps_input: autoDraw = null
132.885	EXP	AnswerBox: autoDraw = null
132.885	EXP	ps_text: autoDraw = null
132.885	EXP	reminderText1: autoDraw = null
132.885	EXP	ps_input: text = null
132.885	EXP	ps_text: text = 28
132.885	EXP	fix250: autoDraw = true
133.11930000019075	EXP	fix250: autoDraw = null
133.15190000009537	EXP	ps_input: autoDraw = true
133.15190000009537	EXP	AnswerBox: autoDraw = true
133.15190000009537	EXP	ps_text: autoDraw = true
133.15190000009537	EXP	reminderText1: autoDraw = true
133.79210000014305	DATA	Keydown: 2
133.81980000019072	EXP	ps_input: text = 2
134.19560000014306	DATA	Keydown: 8
134.22060000014307	EXP	ps_input: text = 28
134.589	DATA	Keydown: Enter
134.62130000019073	EXP	fix250: autoDraw = null
134.62130000019073	EXP	ps_input: autoDraw = null
134.62130000019073	EXP	AnswerBox: autoDraw = null
134.62130000019073	EXP	ps_text: autoDraw = null
134.62130000019073	EXP	reminderText1: autoDraw = null
134.62130000019073	EXP	ps_input: text = null
134.62130000019073	EXP	ps_text: text = 9
134.62130000019073	EXP	fix250: autoDraw = true
134.855	EXP	fix250: autoDraw = null
134.88830000019072	EXP	ps_input: autoDraw = true
134.88830000019072	EXP	AnswerBox: autoDraw = true
134.88830000019072	EXP	ps_text: autoDraw = true
134.88830000019072	EXP	reminderText1: autoDraw = true
136.02890000009538	DATA	Keydown: 9
136.05690000009537	EXP	ps_input: text = 9
136.39670000004767	DATA	Keydown: Enter
136.42390000009536	EXP	fix250: autoDraw = null
136.42390000009536	EXP	ps_input: autoDraw = null
136.42390000009536	EXP	AnswerBox: autoDraw = null
136.42390000009536	EXP	ps_text: autoDraw = null
136.42390000009536	EXP	reminderText1: autoDraw = null
136.42390000009536	EXP	ps_input: text = null
136.42390000009536	EXP	ps_text: text = 56
136.42390000009536	EXP	fix250: autoDraw = true
136.67420000004768	EXP	fix250: autoDraw = null
136.69780000019074	EXP	ps_input: autoDraw = true
136.69780000019074	EXP	AnswerBox: autoDraw = true
136.69780000019074	EXP	ps_text: autoDraw = true
136.69780000019074	EXP	reminderText1: autoDraw = true
138.04340000009537	DATA	Keydown: 5
138.05980000019073	EXP	ps_input: text = 5
138.31110000014306	DATA	Keydown: 6
138.3272000000477	EXP	ps_input: text = 56
138.52080000019075	DATA	Keydown: Enter
138.54390000009536	EXP	fix250: autoDraw = null
138.54390000009536	EXP	ps_input: autoDraw = null
138.54390000009536	EXP	AnswerBox: autoDraw = null
138.54390000009536	EXP	ps_text: autoDraw = null
138.54390000009536	EXP	reminderText1: autoDraw = null
138.54390000009536	EXP	ps_input: text = null
138.54390000009536	EXP	ps_text: text = 32
138.54390000009536	EXP	fix250: autoDraw = true
138.77790000009537	EXP	fix250: autoDraw = null
138.81060000014304	EXP	ps_input: autoDraw = true
138.81060000014304	EXP	AnswerBox: autoDraw = true
138.81060000014304	EXP	ps_text: autoDraw = true
138.81060000014304	EXP	reminderText1: autoDraw = true
139.71980000019073	DATA	Keydown: 3
139.746	EXP	ps_input: text = 3
139.89780000019073	DATA	Keydown: 2
139.92940000009537	EXP	ps_input: text = 32
140.18530000019075	DATA	Keydown: Enter
140.213	EXP	fix250: autoDraw = null
140.213	EXP	ps_input: autoDraw = null
140.213	EXP	AnswerBox: autoDraw = null
140.213	EXP	ps_text: autoDraw = null
140.213	EXP	reminderText1: autoDraw = null
140.213	EXP	ps_input: text = null
140.213	EXP	ps_text: text = 45
140.213	EXP	fix250: autoDraw = true
140.447	EXP	fix250: autoDraw = null
140.47980000019075	EXP	ps_input: autoDraw = true
140.47980000019075	EXP	AnswerBox: autoDraw = true
140.47980000019075	EXP	ps_text: autoDraw = true
140.47980000019075	EXP	reminderText1: autoDraw = true
141.46510000014305	DATA	Keydown: 4
141.48160000014306	EXP	ps_input: text = 4
141.65080000019074	DATA	Keydown: 5
141.68190000009537	EXP	ps_input: text = 45
141.84960000014306	DATA	Keydown: Enter
141.86590000009537	EXP	fix250: autoDraw = null
141.86590000009537	EXP	ps_input: autoDraw = null
141.86590000009537	EXP	AnswerBox: autoDraw = null
141.86590000009537	EXP	ps_text: autoDraw = null
141.86590000009537	EXP	reminderText1: autoDraw = null
141.86590000009537	EXP	ps_input: text = null
141.86590000009537	EXP	ps_text: text = 72
141.86590000009537	EXP	fix250: autoDraw = true
142.09930000019074	EXP	fix250: autoDraw = null
142.13260000014304	EXP	ps_input: autoDraw = true
142.13260000014304	EXP	AnswerBox: autoDraw = true
142.13260000014304	EXP	ps_text: autoDraw = true
142.13260000014304	EXP	reminderText1: autoDraw = true
143.32150000000001	DATA	Keydown: 7
143.35110000014305	EXP	ps_input: text = 7
143.693	DATA	Keydown: 2
143.71870000004768	EXP	ps_input: text = 72
143.90620000004768	DATA	Keydown: Enter
143.93530000019075	EXP	fix250: autoDraw = null
143.93530000019075	EXP	ps_input: autoDraw = null
143.93530000019075	EXP	AnswerBox: autoDraw = null
143.93530000019075	EXP	ps_text: autoDraw = null
143.93530000019075	EXP	reminderText1: autoDraw = null
143.93530000019075	EXP	ps_input: text = null
143.93530000019075	EXP	ps_text: text = 4
143.93530000019075	EXP	fix250: autoDraw = true
144.1857000000477	EXP	fix250: autoDraw = null
144.1857000000477	EXP	ps_input: autoDraw = true
144.1857000000477	EXP	AnswerBox: autoDraw = true
144.1857000000477	EXP	ps_text: autoDraw = true
144.1857000000477	EXP	reminderText1: autoDraw = true
145.20770000004768	DATA	Keydown: 4
145.23760000014306	EXP	ps_input: text = 4
145.42260000014306	DATA	Keydown: Enter
145.45490000009536	EXP	fix250: autoDraw = null
145.45490000009536	EXP	ps_input: autoDraw = null
145.45490000009536	EXP	AnswerBox: autoDraw = null
145.45490000009536	EXP	ps_text: autoDraw = null
145.45490000009536	EXP	reminderText1: autoDraw = null
145.45490000009536	EXP	ps_input: text = null
145.45490000009536	EXP	ps_text: text = 10
145.45490000009536	EXP	fix250: autoDraw = true
145.6885	EXP	fix250: autoDraw = null
145.72160000014304	EXP	ps_input: autoDraw = true
145.72160000014304	EXP	AnswerBox: autoDraw = true
145.72160000014304	EXP	ps_text: autoDraw = true
145.72160000014304	EXP	reminderText1: autoDraw = true
146.407	DATA	Keydown: 1
146.42290000009538	EXP	ps_input: text = 1
146.60210000014305	DATA	Keydown: 0
146.62310000014304	EXP	ps_input: text = 10
146.97760000014304	DATA	Keydown: Enter
147.00690000009536	EXP	fix250: autoDraw = null
147.00690000009536	EXP	ps_input: autoDraw = null
147.00690000009536	EXP	AnswerBox: autoDraw = null
147.00690000009536	EXP	ps_text: autoDraw = null
147.00690000009536	EXP	reminderText1: autoDraw = null
147.00690000009536	EXP	ps_input: text = null
147.00690000009536	EXP	ps_text: text = 14
147.00690000009536	EXP	fix250: autoDraw = true
147.25760000014304	EXP	fix250: autoDraw = null
147.25760000014304	EXP	ps_input: autoDraw = true
147.25760000014304	EXP	AnswerBox: autoDraw = true
147.25760000014304	EXP	ps_text: autoDraw = true
147.25760000014304	EXP	reminderText1: autoDraw = true
148.19410000014307	DATA	Keydown: 1
148.22530000019074	EXP	ps_input: text = 1
148.54340000009537	DATA	Keydown: 4
148.55910000014305	EXP	ps_input: text = 14
148.86510000014306	DATA	Keydown: Enter
148.89330000019075	EXP	fix250: autoDraw = null
148.89330000019075	EXP	ps_input: autoDraw = null
148.89330000019075	EXP	AnswerBox: autoDraw = null
148.89330000019075	EXP	ps_text: autoDraw = null
148.89330000019075	EXP	reminderText1: autoDraw = null
148.89330000019075	EXP	ps_input: text = null
148.89330000019075	EXP	ps_text: text = 25
148.89330000019075	EXP	fix250: autoDraw = true
149.14330000019075	EXP	fix250: autoDraw = null
149.14330000019075	EXP	ps_input: autoDraw = true
149.14330000019075	EXP	AnswerBox: autoDraw = true
149.14330000019075	EXP	ps_text: autoDraw = true
149.14330000019075	EXP	reminderText1: autoDraw = true
150.67980000019074	DATA	Keydown: 2
150.696	EXP	ps_input: text = 2
151.15640000009537	DATA	Keydown: 5
151.1807000000477	EXP	ps_input: text = 25
151.41420000004769	DATA	Keydown: Enter
151.4305	EXP	fix250: autoDraw = null
151.4305	EXP	ps_input: autoDraw = null
151.4305	EXP	AnswerBox: autoDraw = null
151.4305	EXP	ps_text: autoDraw = null
151.4305	EXP	reminderText1: autoDraw = null
151.4305	EXP	ps_input: text = null
151.4305	EXP	ps_text: text = 40
151.4305	EXP	fix250: autoDraw = true
151.664	EXP	fix250: autoDraw = null
151.69710000014305	EXP	ps_input: autoDraw = true
151.69710000014305	EXP	AnswerBox: autoDraw = true
151.69710000014305	EXP	ps_text: autoDraw = true
151.69710000014305	EXP	reminderText1: autoDraw = true
152.66690000009538	DATA	Keydown: 4
152.682	EXP	ps_input: text = 4
152.96720000004768	DATA	Keydown: 0
152.98260000014307	EXP	ps_input: text = 40
153.437	DATA	Keydown: Enter
153.46660000014305	EXP	fix250: autoDraw = null
153.46660000014305	EXP	ps_input: autoDraw = null
153.46660000014305	EXP	AnswerBox: autoDraw = null
153.46660000014305	EXP	ps_text: autoDraw = null
153.46660000014305	EXP	reminderText1: autoDraw = null
153.46660000014305	EXP	ps_input: text = null
153.46660000014305	EXP	ps_text: text = 36
153.46660000014305	EXP	fix250: autoDraw = true
153.70090000009537	EXP	fix250: autoDraw = null
153.73390000009536	EXP	ps_input: autoDraw = true
153.73390000009536	EXP	AnswerBox: autoDraw = true
153.73390000009536	EXP	ps_text: autoDraw = true
153.73390000009536	EXP	reminderText1: autoDraw = true
155.05290000009538	DATA	Keydown: 3
155.06940000009536	EXP	ps_input: text = 3
155.604	DATA	Keydown: 6
155.6197000000477	EXP	ps_input: text = 36
155.97080000019074	DATA	Keydown: Enter
155.987	EXP	fix250: autoDraw = null
155.987	EXP	ps_input: autoDraw = null
155.987	EXP	AnswerBox: autoDraw = null
155.987	EXP	ps_text: autoDraw = null
155.987	EXP	reminderText1: autoDraw = null
155.987	EXP	ps_input: text = null
155.987	EXP	ps_text: text = 24
155.987	EXP	fix250: autoDraw = true
156.2542000000477	EXP	fix250: autoDraw = null
156.2542000000477	EXP	ps_input: autoDraw = true
156.2542000000477	EXP	AnswerBox: autoDraw = true
156.2542000000477	EXP	ps_text: autoDraw = true
156.2542000000477	EXP	reminderText1: autoDraw = true
157.5495	DATA	Keydown: 2
157.57320000004768	EXP	ps_input: text = 2
157.85860000014304	DATA	Keydown: 4
157.89010000014306	EXP	ps_input: text = 24
158.05870000004768	DATA	Keydown: Enter
158.09190000009536	EXP	fix250: autoDraw = null
158.09190000009536	EXP	ps_input: autoDraw = null
158.09190000009536	EXP	AnswerBox: autoDraw = null
158.09190000009536	EXP	ps_text: autoDraw = null
158.09190000009536	EXP	reminderText1: autoDraw = null
158.09190000009536	EXP	ps_input: text = null
158.09190000009536	EXP	ps_text: text = 35
158.09190000009536	EXP	fix250: autoDraw = true
158.3247000000477	EXP	fix250: autoDraw = null
158.35780000019074	EXP	ps_input: autoDraw = true
158.35780000019074	EXP	AnswerBox: autoDraw = true
158.35780000019074	EXP	ps_text: autoDraw = true
158.35780000019074	EXP	reminderText1: autoDraw = true
159.9322000000477	DATA	Keydown: 3
159.95990000009536	EXP	ps_input: text = 3
160.222	DATA	Keydown: 5
160.2442000000477	EXP	ps_input: text = 35
160.42810000014305	DATA	Keydown: Enter
160.4442000000477	EXP	fix250: autoDraw = null
160.4442000000477	EXP	ps_input: autoDraw = null
160.4442000000477	EXP	AnswerBox: autoDraw = null
160.4442000000477	EXP	ps_text: autoDraw = null
160.4442000000477	EXP	reminderText1: autoDraw = null
160.4442000000477	EXP	trialInstr_text: autoDraw = true
275.63190000009536	DATA	Keydown:  
275.6827000000477	EXP	trialInstr_text: autoDraw = null
275.6827000000477	EXP	inputTyping: text = _
275.6827000000477	EXP	Questions: text = 2 × 3 =
275.6827000000477	EXP	inputTyping: text = null
275.6827000000477	EXP	trial_textCounter: text = Trial Number: 1/60
275.6827000000477	EXP	fixation: autoDraw = true
275.6827000000477	EXP	text_clock: autoDraw = true
275.6827000000477	EXP	text_clock: text = 1:29
275.6827000000477	EXP	timerBorder: autoDraw = true
275.6827000000477	EXP	trial_textCounter: autoDraw = true
275.6893000001907	EXP	text_clock: text = 1:29
275.7045	EXP	text_clock: text = 1:29
275.7219000000954	EXP	text_clock: text = 1:29
275.7384000000954	EXP	text_clock: text = 1:29
275.75460000014306	EXP	text_clock: text = 1:29
275.7715	EXP	text_clock: text = 1:29
275.77340000009536	EXP	text_clock: text = 1:29
275.7889000000954	EXP	text_clock: text = 1:29
275.8211000001431	EXP	text_clock: text = 1:29
275.8234000000954	EXP	text_clock: text = 1:29
275.83890000009535	EXP	text_clock: text = 1:29
275.8718000001907	EXP	text_clock: text = 1:29
275.888	EXP	text_clock: text = 1:29
275.9049000000954	EXP	text_clock: text = 1:29
275.9219000000954	EXP	fixation: autoDraw = null
275.9219000000954	EXP	text_clock: text = 1:29
275.9385	EXP	Questions: autoDraw = true
275.9385	EXP	inputTyping: autoDraw = true
275.9385	EXP	text_clock: text = 1:29
275.9385	EXP	reminderText2: autoDraw = true
275.955	EXP	text_clock: text = 1:29
275.9719000000954	EXP	text_clock: text = 1:29
275.97390000009534	EXP	text_clock: text = 1:29
276.00510000014305	EXP	text_clock: text = 1:29
276.0072000000477	EXP	text_clock: text = 1:29
276.03840000009535	EXP	text_clock: text = 1:29
276.04040000009536	EXP	text_clock: text = 1:29
276.0557000000477	EXP	text_clock: text = 1:29
276.07230000019075	EXP	text_clock: text = 1:29
276.1053000001907	EXP	text_clock: text = 1:29
276.1071000001431	EXP	text_clock: text = 1:29
276.1227000000477	EXP	text_clock: text = 1:29
276.13930000019076	EXP	text_clock: text = 1:29
276.1723000001907	EXP	text_clock: text = 1:29
276.1745	EXP	text_clock: text = 1:29
276.1895	EXP	text_clock: text = 1:29
276.206	EXP	text_clock: text = 1:29
276.2387000000477	EXP	text_clock: text = 1:29
276.241	EXP	text_clock: text = 1:29
276.25600000000003	EXP	text_clock: text = 1:29
276.27260000014303	EXP	text_clock: text = 1:29
276.29020000004766	EXP	text_clock: text = 1:29
276.322	EXP	text_clock: text = 1:29
276.32440000009535	EXP	text_clock: text = 1:29
276.33930000019075	EXP	text_clock: text = 1:29
276.3722000000477	EXP	text_clock: text = 1:29
276.38890000009536	EXP	text_clock: text = 1:29
276.39110000014307	EXP	text_clock: text = 1:29
276.42220000004767	EXP	text_clock: text = 1:29
276.4245	EXP	text_clock: text = 1:29
276.4395	EXP	text_clock: text = 1:29
276.4563000001907	EXP	text_clock: text = 1:29
276.4892000000477	EXP	text_clock: text = 1:29
276.4916000001431	EXP	text_clock: text = 1:29
276.50660000014307	EXP	text_clock: text = 1:29
276.5392000000477	EXP	text_clock: text = 1:29
276.55610000014303	EXP	text_clock: text = 1:29
276.55810000014304	EXP	text_clock: text = 1:29
276.5727000000477	EXP	text_clock: text = 1:29
276.6062000000477	EXP	text_clock: text = 1:29
276.62240000009535	EXP	text_clock: text = 1:29
276.64	EXP	text_clock: text = 1:29
276.65640000009535	EXP	text_clock: text = 1:29
276.6725	EXP	text_clock: text = 1:29
276.6895	EXP	text_clock: text = 1:28
276.7058000001907	EXP	text_clock: text = 1:28
276.7081000001431	EXP	text_clock: text = 1:28
276.73960000014307	EXP	text_clock: text = 1:28
276.7418000001907	EXP	text_clock: text = 1:28
276.75690000009536	EXP	text_clock: text = 1:28
276.7733000001907	EXP	text_clock: text = 1:28
276.79	EXP	text_clock: text = 1:28
276.82280000019074	EXP	text_clock: text = 1:28
276.82530000019074	EXP	text_clock: text = 1:28
276.8405	EXP	text_clock: text = 1:28
276.8573000001907	EXP	text_clock: text = 1:28
276.873600000143	EXP	text_clock: text = 1:28
276.89030000019073	EXP	text_clock: text = 1:28
276.9069000000954	EXP	text_clock: text = 1:28
276.93990000009535	EXP	text_clock: text = 1:28
276.95640000009536	EXP	text_clock: text = 1:28
276.9585	EXP	text_clock: text = 1:28
276.99	EXP	text_clock: text = 1:28
276.99220000004766	EXP	text_clock: text = 1:28
277.00740000009534	EXP	text_clock: text = 1:28
277.02380000019076	EXP	text_clock: text = 1:28
277.0407000000477	EXP	text_clock: text = 1:28
277.0732000000477	EXP	text_clock: text = 1:28
277.0757000000477	EXP	text_clock: text = 1:28
277.1071000001431	EXP	text_clock: text = 1:28
277.10910000014303	EXP	text_clock: text = 1:28
277.1239000000954	EXP	text_clock: text = 1:28
277.14090000009537	EXP	text_clock: text = 1:28
277.17340000009534	EXP	text_clock: text = 1:28
277.17540000009535	EXP	text_clock: text = 1:28
277.191	EXP	text_clock: text = 1:28
277.20710000014304	EXP	text_clock: text = 1:28
277.224	EXP	text_clock: text = 1:28
277.241	EXP	text_clock: text = 1:28
277.25740000009534	EXP	text_clock: text = 1:28
277.27390000009535	EXP	text_clock: text = 1:28
277.291	EXP	text_clock: text = 1:28
277.30790000009534	EXP	text_clock: text = 1:28
277.32410000014306	EXP	text_clock: text = 1:28
277.341	EXP	text_clock: text = 1:28
277.35780000019076	EXP	text_clock: text = 1:28
277.37420000004767	EXP	text_clock: text = 1:28
277.407	EXP	text_clock: text = 1:28
277.4094000000954	EXP	text_clock: text = 1:28
277.4244000000954	EXP	text_clock: text = 1:28
277.441	EXP	text_clock: text = 1:28
277.4577000000477	EXP	text_clock: text = 1:28
277.491	EXP	text_clock: text = 1:28
277.4934000000954	EXP	text_clock: text = 1:28
277.50780000019074	EXP	text_clock: text = 1:28
277.54040000009536	EXP	text_clock: text = 1:28
277.5428000001907	EXP	text_clock: text = 1:28
277.55790000009534	EXP	text_clock: text = 1:28
277.5749000000954	EXP	text_clock: text = 1:28
277.60740000009537	EXP	text_clock: text = 1:28
277.60970000004767	EXP	text_clock: text = 1:28
277.6247000000477	EXP	text_clock: text = 1:28
277.64190000009535	EXP	text_clock: text = 1:28
277.65790000009537	EXP	text_clock: text = 1:28
277.6913000001907	EXP	text_clock: text = 1:27
277.7075	EXP	text_clock: text = 1:27
277.70940000009534	EXP	text_clock: text = 1:27
277.725	EXP	text_clock: text = 1:27
277.74130000019073	EXP	text_clock: text = 1:27
277.7585	EXP	text_clock: text = 1:27
277.775	EXP	text_clock: text = 1:27
277.8077000000477	EXP	text_clock: text = 1:27
277.80990000009535	EXP	text_clock: text = 1:27
277.82530000019074	EXP	text_clock: text = 1:27
277.84160000014305	EXP	text_clock: text = 1:27
277.8747000000477	EXP	text_clock: text = 1:27
277.877	EXP	text_clock: text = 1:27
277.89210000014305	EXP	text_clock: text = 1:27
277.90830000019076	EXP	text_clock: text = 1:27
277.92540000009535	EXP	text_clock: text = 1:27
277.94190000009536	EXP	text_clock: text = 1:27
277.9585	EXP	text_clock: text = 1:27
277.99110000014304	EXP	text_clock: text = 1:27
277.9935	EXP	text_clock: text = 1:27
278.0085	EXP	text_clock: text = 1:27
278.02570000004766	EXP	text_clock: text = 1:27
278.0582000000477	EXP	text_clock: text = 1:27
278.075	EXP	text_clock: text = 1:27
278.0774000000954	EXP	text_clock: text = 1:27
278.10840000009534	EXP	text_clock: text = 1:27
278.12510000014305	EXP	text_clock: text = 1:27
278.12730000019076	EXP	text_clock: text = 1:27
278.1422000000477	EXP	text_clock: text = 1:27
278.15910000014304	EXP	text_clock: text = 1:27
278.1757000000477	EXP	text_clock: text = 1:27
278.20840000009537	EXP	text_clock: text = 1:27
278.22540000009536	EXP	text_clock: text = 1:27
278.2415	EXP	text_clock: text = 1:27
278.2585	EXP	text_clock: text = 1:27
278.25940000009535	DATA	Keydown: 6
278.27660000014305	EXP	inputTyping: text = 6
278.27660000014305	EXP	text_clock: text = 1:27
278.2917000000477	EXP	text_clock: text = 1:27
278.3085	EXP	text_clock: text = 1:27
278.3254000000954	EXP	text_clock: text = 1:27
278.3417000000477	EXP	text_clock: text = 1:27
278.35860000014304	EXP	text_clock: text = 1:27
278.37560000014304	EXP	text_clock: text = 1:27
278.39180000019076	EXP	text_clock: text = 1:27
278.40880000019075	EXP	text_clock: text = 1:27
278.4257000000477	EXP	text_clock: text = 1:27
278.44190000009536	EXP	text_clock: text = 1:27
278.45890000009535	EXP	text_clock: text = 1:27
278.47580000019076	EXP	text_clock: text = 1:27
278.492	EXP	text_clock: text = 1:27
278.50890000009537	EXP	text_clock: text = 1:27
278.5258000001907	EXP	text_clock: text = 1:27
278.5421000001431	EXP	text_clock: text = 1:27
278.559	EXP	text_clock: text = 1:27
278.57620000004766	EXP	text_clock: text = 1:27
278.59210000014303	EXP	text_clock: text = 1:27
278.60910000014303	EXP	text_clock: text = 1:27
278.626100000143	EXP	text_clock: text = 1:27
278.6424000000954	EXP	text_clock: text = 1:27
278.65930000019074	EXP	text_clock: text = 1:27
278.6762000000477	EXP	text_clock: text = 1:27
278.69230000019076	EXP	text_clock: text = 1:26
278.70930000019075	EXP	text_clock: text = 1:26
278.72630000019075	EXP	text_clock: text = 1:26
278.74240000009536	EXP	text_clock: text = 1:26
278.75930000019076	EXP	text_clock: text = 1:26
278.77630000019076	EXP	text_clock: text = 1:26
278.79260000014307	EXP	text_clock: text = 1:26
278.8095	EXP	text_clock: text = 1:26
278.82640000009536	EXP	text_clock: text = 1:26
278.84270000004767	EXP	text_clock: text = 1:26
278.8596000001431	EXP	text_clock: text = 1:26
278.8764000000954	EXP	text_clock: text = 1:26
278.89260000014303	EXP	text_clock: text = 1:26
278.90960000014303	EXP	text_clock: text = 1:26
278.926600000143	EXP	text_clock: text = 1:26
278.94280000019074	EXP	text_clock: text = 1:26
278.9597000000477	EXP	text_clock: text = 1:26
278.976	EXP	text_clock: text = 1:26
278.99290000009535	EXP	text_clock: text = 1:26
279.00980000019075	EXP	text_clock: text = 1:26
279.026	EXP	text_clock: text = 1:26
279.043	EXP	text_clock: text = 1:26
279.04510000014307	EXP	text_clock: text = 1:26
279.07620000004766	EXP	text_clock: text = 1:26
279.09320000004766	EXP	text_clock: text = 1:26
279.09860000014305	EXP	text_clock: text = 1:26
279.1107000000477	EXP	text_clock: text = 1:26
279.1268000001907	EXP	text_clock: text = 1:26
279.1405	DATA	Keydown: Enter
279.1603000001907	EXP	text_clock: text = 1:26
279.1603000001907	EXP	fixation: autoDraw = null
279.1603000001907	EXP	Questions: autoDraw = null
279.1603000001907	EXP	inputTyping: autoDraw = null
279.1603000001907	EXP	text_clock: autoDraw = null
279.1603000001907	EXP	timerBorder: autoDraw = null
279.1603000001907	EXP	reminderText2: autoDraw = null
279.1603000001907	EXP	trial_textCounter: autoDraw = null
279.1603000001907	EXP	text_clock: autoDraw = null
279.1603000001907	EXP	inputTyping: text = _
279.1603000001907	EXP	Questions: text = 5 × 8 =
279.1603000001907	EXP	inputTyping: text = null
279.1603000001907	EXP	trial_textCounter: text = Trial Number: 2/60
279.1603000001907	EXP	fixation: autoDraw = true
279.1603000001907	EXP	text_clock: autoDraw = true
279.1603000001907	EXP	text_clock: text = 1:26
279.1603000001907	EXP	timerBorder: autoDraw = true
279.1603000001907	EXP	trial_textCounter: autoDraw = true
279.1623000001907	EXP	text_clock: text = 1:26
279.1932000000477	EXP	text_clock: text = 1:26
279.1955	EXP	text_clock: text = 1:26
279.2108000001907	EXP	text_clock: text = 1:26
279.2432000000477	EXP	text_clock: text = 1:26
279.24560000014304	EXP	text_clock: text = 1:26
279.2608000001907	EXP	text_clock: text = 1:26
279.27880000019076	EXP	text_clock: text = 1:26
279.29410000014303	EXP	text_clock: text = 1:26
279.3109000000954	EXP	text_clock: text = 1:26
279.32710000014305	EXP	text_clock: text = 1:26
279.34390000009535	EXP	text_clock: text = 1:26
279.37670000004766	EXP	text_clock: text = 1:26
279.37920000004766	EXP	text_clock: text = 1:26
279.4101000001431	EXP	fixation: autoDraw = null
279.4101000001431	EXP	text_clock: text = 1:26
279.4269000000954	EXP	Questions: autoDraw = true
279.4269000000954	EXP	inputTyping: autoDraw = true
279.4269000000954	EXP	text_clock: text = 1:26
279.4269000000954	EXP	reminderText2: autoDraw = true
279.429	EXP	text_clock: text = 1:26
279.4443000001907	EXP	text_clock: text = 1:26
279.4606000001431	EXP	text_clock: text = 1:26
279.4937000000477	EXP	text_clock: text = 1:26
279.4962000000477	EXP	text_clock: text = 1:26
279.52710000014304	EXP	text_clock: text = 1:26
279.54380000019074	EXP	text_clock: text = 1:26
279.5462000000477	EXP	text_clock: text = 1:26
279.57710000014305	EXP	text_clock: text = 1:26
279.594	EXP	text_clock: text = 1:26
279.5962000000477	EXP	text_clock: text = 1:26
279.62710000014306	EXP	text_clock: text = 1:26
279.62960000014306	EXP	text_clock: text = 1:26
279.64480000019074	EXP	text_clock: text = 1:26
279.661	EXP	text_clock: text = 1:26
279.67830000019075	EXP	text_clock: text = 1:25
279.7106000001431	EXP	text_clock: text = 1:25
279.7129000000954	EXP	text_clock: text = 1:25
279.7278000001907	EXP	text_clock: text = 1:25
279.7607000000477	EXP	text_clock: text = 1:25
279.77730000019073	EXP	text_clock: text = 1:25
279.7792000000477	EXP	text_clock: text = 1:25
279.79510000014307	EXP	text_clock: text = 1:25
279.8113000001907	EXP	text_clock: text = 1:25
279.8444000000954	EXP	text_clock: text = 1:25
279.8469000000954	EXP	text_clock: text = 1:25
279.8777000000477	EXP	text_clock: text = 1:25
279.88	EXP	text_clock: text = 1:25
279.8949000000954	EXP	text_clock: text = 1:25
279.91140000009534	EXP	text_clock: text = 1:25
279.9282000000477	EXP	text_clock: text = 1:25
279.9455	EXP	text_clock: text = 1:25
279.97770000004766	EXP	text_clock: text = 1:25
279.98010000014307	EXP	text_clock: text = 1:25
279.99540000009534	EXP	text_clock: text = 1:25
280.01180000019076	EXP	text_clock: text = 1:25
280.02860000014306	EXP	text_clock: text = 1:25
280.04520000004766	EXP	text_clock: text = 1:25
280.0622000000477	EXP	text_clock: text = 1:25
280.0783000001907	EXP	text_clock: text = 1:25
280.1112000000477	EXP	text_clock: text = 1:25
280.11360000014304	EXP	text_clock: text = 1:25
280.1286000001431	EXP	text_clock: text = 1:25
280.1456000001431	EXP	text_clock: text = 1:25
280.17810000014305	EXP	text_clock: text = 1:25
280.195	EXP	text_clock: text = 1:25
280.2112000000477	EXP	text_clock: text = 1:25
280.21360000014306	EXP	text_clock: text = 1:25
280.2285	EXP	text_clock: text = 1:25
280.245	EXP	text_clock: text = 1:25
280.279	EXP	text_clock: text = 1:25
280.28090000009536	EXP	text_clock: text = 1:25
280.2957000000477	EXP	text_clock: text = 1:25
280.312	EXP	text_clock: text = 1:25
280.32890000009536	EXP	text_clock: text = 1:25
280.3615	EXP	text_clock: text = 1:25
280.364	EXP	text_clock: text = 1:25
280.37980000019076	EXP	text_clock: text = 1:25
280.4117000000477	EXP	text_clock: text = 1:25
280.4285	EXP	text_clock: text = 1:25
280.4455	EXP	text_clock: text = 1:25
280.4617000000477	EXP	text_clock: text = 1:25
280.4787000000477	EXP	text_clock: text = 1:25
280.4957000000477	EXP	text_clock: text = 1:25
280.51180000019076	EXP	text_clock: text = 1:25
280.52880000019076	EXP	text_clock: text = 1:25
280.5457000000477	EXP	text_clock: text = 1:25
280.5618000001907	EXP	text_clock: text = 1:25
280.579	EXP	text_clock: text = 1:25
280.596	EXP	text_clock: text = 1:25
280.6121000001431	EXP	text_clock: text = 1:25
280.6288000001907	EXP	text_clock: text = 1:25
280.64590000009537	EXP	text_clock: text = 1:25
280.662100000143	EXP	text_clock: text = 1:25
280.679	EXP	text_clock: text = 1:25
280.696	EXP	text_clock: text = 1:24
280.7122000000477	EXP	text_clock: text = 1:24
280.7292000000477	EXP	text_clock: text = 1:24
280.72990000009537	DATA	Keydown: 4
280.74540000009534	EXP	inputTyping: text = 4
280.74540000009534	EXP	text_clock: text = 1:24
280.7624000000954	EXP	text_clock: text = 1:24
280.76430000019076	EXP	text_clock: text = 1:24
280.7955	EXP	text_clock: text = 1:24
280.798	EXP	text_clock: text = 1:24
280.813	EXP	text_clock: text = 1:24
280.83	EXP	text_clock: text = 1:24
280.8625	EXP	text_clock: text = 1:24
280.87940000009536	EXP	text_clock: text = 1:24
280.8815	EXP	text_clock: text = 1:24
280.9125	EXP	text_clock: text = 1:24
280.915	EXP	text_clock: text = 1:24
280.93030000019075	EXP	text_clock: text = 1:24
280.9465	EXP	text_clock: text = 1:24
280.96360000014306	EXP	text_clock: text = 1:24
280.9803000001907	EXP	text_clock: text = 1:24
280.9965	EXP	text_clock: text = 1:24
281.0132000000477	EXP	text_clock: text = 1:24
281.0301000001431	EXP	text_clock: text = 1:24
281.06280000019075	EXP	text_clock: text = 1:24
281.06510000014305	EXP	text_clock: text = 1:24
281.08030000019073	EXP	text_clock: text = 1:24
281.11290000009535	EXP	text_clock: text = 1:24
281.12960000014306	EXP	text_clock: text = 1:24
281.13190000009536	EXP	text_clock: text = 1:24
281.16310000014306	EXP	text_clock: text = 1:24
281.17990000009536	EXP	text_clock: text = 1:24
281.182	EXP	text_clock: text = 1:24
281.1835	DATA	Keydown: 0
281.213	EXP	inputTyping: text = 40
281.213	EXP	text_clock: text = 1:24
281.2296000001431	EXP	text_clock: text = 1:24
281.2317000000477	EXP	text_clock: text = 1:24
281.2472000000477	EXP	text_clock: text = 1:24
281.2638000001907	EXP	text_clock: text = 1:24
281.28090000009536	EXP	text_clock: text = 1:24
281.29720000004767	EXP	text_clock: text = 1:24
281.3137000000477	EXP	text_clock: text = 1:24
281.33090000009537	EXP	text_clock: text = 1:24
281.3635	EXP	text_clock: text = 1:24
281.364100000143	DATA	Keydown: Enter
281.37990000009535	EXP	text_clock: text = 1:24
281.37990000009535	EXP	fixation: autoDraw = null
281.37990000009535	EXP	Questions: autoDraw = null
281.37990000009535	EXP	inputTyping: autoDraw = null
281.37990000009535	EXP	text_clock: autoDraw = null
281.37990000009535	EXP	timerBorder: autoDraw = null
281.37990000009535	EXP	reminderText2: autoDraw = null
281.37990000009535	EXP	trial_textCounter: autoDraw = null
281.37990000009535	EXP	text_clock: autoDraw = null
281.37990000009535	EXP	inputTyping: text = _
281.37990000009535	EXP	Questions: text = 3 × 4 =
281.37990000009535	EXP	inputTyping: text = null
281.37990000009535	EXP	trial_textCounter: text = Trial Number: 3/60
281.37990000009535	EXP	fixation: autoDraw = true
281.37990000009535	EXP	text_clock: autoDraw = true
281.37990000009535	EXP	text_clock: text = 1:24
281.37990000009535	EXP	timerBorder: autoDraw = true
281.37990000009535	EXP	trial_textCounter: autoDraw = true
281.38190000009536	EXP	text_clock: text = 1:24
281.397	EXP	text_clock: text = 1:24
281.414	EXP	text_clock: text = 1:24
281.431	EXP	text_clock: text = 1:24
281.44740000009534	EXP	text_clock: text = 1:24
281.46430000019075	EXP	text_clock: text = 1:24
281.4807000000477	EXP	text_clock: text = 1:24
281.49760000014305	EXP	text_clock: text = 1:24
281.5301000001431	EXP	text_clock: text = 1:24
281.53230000019073	EXP	text_clock: text = 1:24
281.5473000001907	EXP	text_clock: text = 1:24
281.5639000000954	EXP	text_clock: text = 1:24
281.5808000001907	EXP	text_clock: text = 1:24
281.5974000000954	EXP	text_clock: text = 1:24
281.6144000000954	EXP	fixation: autoDraw = null
281.6144000000954	EXP	text_clock: text = 1:24
281.647	EXP	Questions: autoDraw = true
281.647	EXP	inputTyping: autoDraw = true
281.647	EXP	text_clock: text = 1:24
281.647	EXP	reminderText2: autoDraw = true
281.66380000019075	EXP	text_clock: text = 1:24
281.666	EXP	text_clock: text = 1:24
281.69710000014305	EXP	text_clock: text = 1:23
281.71340000009536	EXP	text_clock: text = 1:23
281.73020000004766	EXP	text_clock: text = 1:23
281.73270000004766	EXP	text_clock: text = 1:23
281.7477000000477	EXP	text_clock: text = 1:23
281.76460000014305	EXP	text_clock: text = 1:23
281.79720000004767	EXP	text_clock: text = 1:23
281.7995	EXP	text_clock: text = 1:23
281.81460000014306	EXP	text_clock: text = 1:23
281.831	EXP	text_clock: text = 1:23
281.8637000000477	EXP	text_clock: text = 1:23
281.8805	EXP	text_clock: text = 1:23
281.8827000000477	EXP	text_clock: text = 1:23
281.8981000001431	EXP	text_clock: text = 1:23
281.915	EXP	text_clock: text = 1:23
281.93130000019073	EXP	text_clock: text = 1:23
281.948	EXP	text_clock: text = 1:23
281.98080000019075	EXP	text_clock: text = 1:23
281.98310000014305	EXP	text_clock: text = 1:23
281.99810000014304	EXP	text_clock: text = 1:23
282.01460000014305	EXP	text_clock: text = 1:23
282.0477000000477	EXP	text_clock: text = 1:23
282.0645	EXP	text_clock: text = 1:23
282.08090000009537	EXP	text_clock: text = 1:23
282.09790000009536	EXP	text_clock: text = 1:23
282.10040000009536	EXP	text_clock: text = 1:23
282.1309000000954	EXP	text_clock: text = 1:23
282.1479000000954	EXP	text_clock: text = 1:23
282.1648000001907	EXP	text_clock: text = 1:23
282.18110000014303	EXP	text_clock: text = 1:23
282.198	EXP	text_clock: text = 1:23
282.2149000000954	EXP	text_clock: text = 1:23
282.23110000014304	EXP	text_clock: text = 1:23
282.24810000014304	EXP	text_clock: text = 1:23
282.265	EXP	text_clock: text = 1:23
282.2812000000477	EXP	text_clock: text = 1:23
282.2982000000477	EXP	text_clock: text = 1:23
282.31510000014305	EXP	text_clock: text = 1:23
282.33120000004766	EXP	text_clock: text = 1:23
282.34830000019076	EXP	text_clock: text = 1:23
282.36530000019076	EXP	text_clock: text = 1:23
282.3815	EXP	text_clock: text = 1:23
282.3983000001907	EXP	text_clock: text = 1:23
282.41520000004766	EXP	text_clock: text = 1:23
282.4315	EXP	text_clock: text = 1:23
282.4484000000954	EXP	text_clock: text = 1:23
282.4647000000477	EXP	text_clock: text = 1:23
282.48270000004766	EXP	text_clock: text = 1:23
282.498600000143	EXP	text_clock: text = 1:23
282.5147000000477	EXP	text_clock: text = 1:23
282.5317000000477	EXP	text_clock: text = 1:23
282.54860000014304	EXP	text_clock: text = 1:23
282.56490000009535	EXP	text_clock: text = 1:23
282.58180000019075	EXP	text_clock: text = 1:23
282.5987000000477	EXP	text_clock: text = 1:23
282.615	EXP	text_clock: text = 1:23
282.6157000000477	DATA	Keydown: 1
282.63170000004766	EXP	inputTyping: text = 1
282.63170000004766	EXP	text_clock: text = 1:23
282.6487000000477	EXP	text_clock: text = 1:23
282.665	EXP	text_clock: text = 1:23
282.682	EXP	text_clock: text = 1:23
282.69890000009536	EXP	text_clock: text = 1:22
282.715100000143	EXP	text_clock: text = 1:22
282.732	EXP	text_clock: text = 1:22
282.749	EXP	text_clock: text = 1:22
282.76530000019073	EXP	text_clock: text = 1:22
282.78210000014303	EXP	text_clock: text = 1:22
282.799	EXP	text_clock: text = 1:22
282.8154000000954	EXP	text_clock: text = 1:22
282.8322000000477	EXP	text_clock: text = 1:22
282.83410000014305	DATA	Keydown: 2
282.84910000014304	EXP	inputTyping: text = 12
282.84910000014304	EXP	text_clock: text = 1:22
282.86540000009535	EXP	text_clock: text = 1:22
282.88230000019075	EXP	text_clock: text = 1:22
282.8992000000477	EXP	text_clock: text = 1:22
282.9155	EXP	text_clock: text = 1:22
282.91830000019075	EXP	text_clock: text = 1:22
282.94940000009535	EXP	text_clock: text = 1:22
282.9658000001907	EXP	text_clock: text = 1:22
282.9825	EXP	text_clock: text = 1:22
282.9995	EXP	text_clock: text = 1:22
283.0158000001907	EXP	text_clock: text = 1:22
283.0177000000477	EXP	text_clock: text = 1:22
283.049	EXP	text_clock: text = 1:22
283.0496000001431	DATA	Keydown: Enter
283.0657000000477	EXP	text_clock: text = 1:22
283.0657000000477	EXP	fixation: autoDraw = null
283.0657000000477	EXP	Questions: autoDraw = null
283.0657000000477	EXP	inputTyping: autoDraw = null
283.0657000000477	EXP	text_clock: autoDraw = null
283.0657000000477	EXP	timerBorder: autoDraw = null
283.0657000000477	EXP	reminderText2: autoDraw = null
283.0657000000477	EXP	trial_textCounter: autoDraw = null
283.0657000000477	EXP	text_clock: autoDraw = null
283.0657000000477	EXP	inputTyping: text = _
283.0657000000477	EXP	Questions: text = 5 × 3 =
283.0657000000477	EXP	inputTyping: text = null
283.0657000000477	EXP	trial_textCounter: text = Trial Number: 4/60
283.0657000000477	EXP	fixation: autoDraw = true
283.0657000000477	EXP	text_clock: autoDraw = true
283.0657000000477	EXP	text_clock: text = 1:22
283.0657000000477	EXP	timerBorder: autoDraw = true
283.0657000000477	EXP	trial_textCounter: autoDraw = true
283.0827000000477	EXP	text_clock: text = 1:22
283.08480000019074	EXP	text_clock: text = 1:22
283.1159000000954	EXP	text_clock: text = 1:22
283.11810000014304	EXP	text_clock: text = 1:22
283.13330000019073	EXP	text_clock: text = 1:22
283.14980000019074	EXP	text_clock: text = 1:22
283.18280000019075	EXP	text_clock: text = 1:22
283.1852000000477	EXP	text_clock: text = 1:22
283.20010000014304	EXP	text_clock: text = 1:22
283.2165	EXP	text_clock: text = 1:22
283.2337000000477	EXP	text_clock: text = 1:22
283.24990000009535	EXP	text_clock: text = 1:22
283.26660000014306	EXP	text_clock: text = 1:22
283.28380000019075	EXP	text_clock: text = 1:22
283.3162000000477	EXP	fixation: autoDraw = null
283.3162000000477	EXP	text_clock: text = 1:22
283.3331000001431	EXP	Questions: autoDraw = true
283.3331000001431	EXP	inputTyping: autoDraw = true
283.3331000001431	EXP	text_clock: text = 1:22
283.3331000001431	EXP	reminderText2: autoDraw = true
283.3352000000477	EXP	text_clock: text = 1:22
283.3662000000477	EXP	text_clock: text = 1:22
283.3687000000477	EXP	text_clock: text = 1:22
283.38410000014306	EXP	text_clock: text = 1:22
283.4004000000954	EXP	text_clock: text = 1:22
283.41770000004766	EXP	text_clock: text = 1:22
283.4341000001431	EXP	text_clock: text = 1:22
283.46640000009535	EXP	text_clock: text = 1:22
283.4687000000477	EXP	text_clock: text = 1:22
283.4839000000954	EXP	text_clock: text = 1:22
283.5004000000954	EXP	text_clock: text = 1:22
283.51710000014305	EXP	text_clock: text = 1:22
283.55010000014306	EXP	text_clock: text = 1:22
283.56660000014307	EXP	text_clock: text = 1:22
283.5835	EXP	text_clock: text = 1:22
283.5998000001907	EXP	text_clock: text = 1:22
283.6167000000477	EXP	text_clock: text = 1:22
283.6336000001431	EXP	text_clock: text = 1:22
283.6499000000954	EXP	text_clock: text = 1:22
283.6667000000477	EXP	text_clock: text = 1:22
283.68380000019073	EXP	text_clock: text = 1:21
283.7	EXP	text_clock: text = 1:21
283.7169000000954	EXP	text_clock: text = 1:21
283.73380000019074	EXP	text_clock: text = 1:21
283.75010000014305	EXP	text_clock: text = 1:21
283.76710000014305	EXP	text_clock: text = 1:21
283.78390000009534	EXP	text_clock: text = 1:21
283.80010000014306	EXP	text_clock: text = 1:21
283.81710000014306	EXP	text_clock: text = 1:21
283.83410000014305	EXP	text_clock: text = 1:21
283.8503000001907	EXP	text_clock: text = 1:21
283.86720000004766	EXP	text_clock: text = 1:21
283.88410000014306	EXP	text_clock: text = 1:21
283.9003000001907	EXP	text_clock: text = 1:21
283.9173000001907	EXP	text_clock: text = 1:21
283.9343000001907	EXP	text_clock: text = 1:21
283.950600000143	EXP	text_clock: text = 1:21
283.9674000000954	EXP	text_clock: text = 1:21
283.9835	EXP	text_clock: text = 1:21
284.00060000014304	EXP	text_clock: text = 1:21
284.0174000000954	EXP	text_clock: text = 1:21
284.03430000019074	EXP	text_clock: text = 1:21
284.05060000014305	EXP	text_clock: text = 1:21
284.06760000014305	EXP	text_clock: text = 1:21
284.0845	EXP	text_clock: text = 1:21
284.1007000000477	EXP	text_clock: text = 1:21
284.11780000019075	EXP	text_clock: text = 1:21
284.13460000014305	EXP	text_clock: text = 1:21
284.1508000001907	EXP	text_clock: text = 1:21
284.16770000004766	EXP	text_clock: text = 1:21
284.1847000000477	EXP	text_clock: text = 1:21
284.2008000001907	EXP	text_clock: text = 1:21
284.21770000004767	EXP	text_clock: text = 1:21
284.234	EXP	text_clock: text = 1:21
284.251	EXP	text_clock: text = 1:21
284.2679000000954	EXP	text_clock: text = 1:21
284.2842000000477	EXP	text_clock: text = 1:21
284.30110000014304	EXP	text_clock: text = 1:21
284.318	EXP	text_clock: text = 1:21
284.31890000009537	DATA	Keydown: 1
284.33430000019075	EXP	inputTyping: text = 1
284.33430000019075	EXP	text_clock: text = 1:21
284.35110000014305	EXP	text_clock: text = 1:21
284.36810000014304	EXP	text_clock: text = 1:21
284.3845	EXP	text_clock: text = 1:21
284.4024000000954	EXP	text_clock: text = 1:21
284.4182000000477	EXP	text_clock: text = 1:21
284.43440000009537	EXP	text_clock: text = 1:21
284.45140000009536	EXP	text_clock: text = 1:21
284.46840000009536	EXP	text_clock: text = 1:21
284.4845	EXP	text_clock: text = 1:21
284.5014000000954	EXP	text_clock: text = 1:21
284.51840000009537	EXP	text_clock: text = 1:21
284.53460000014303	EXP	text_clock: text = 1:21
284.5515	EXP	text_clock: text = 1:21
284.56850000000003	EXP	text_clock: text = 1:21
284.5847000000477	EXP	text_clock: text = 1:21
284.60160000014304	EXP	text_clock: text = 1:21
284.61860000014303	EXP	text_clock: text = 1:21
284.63490000009534	EXP	text_clock: text = 1:21
284.6357000000477	DATA	Keydown: 5
284.65160000014305	EXP	inputTyping: text = 15
284.65160000014305	EXP	text_clock: text = 1:21
284.6687000000477	EXP	text_clock: text = 1:21
284.68490000009535	EXP	text_clock: text = 1:20
284.7017000000477	EXP	text_clock: text = 1:20
284.71880000019075	EXP	text_clock: text = 1:20
284.735	EXP	text_clock: text = 1:20
284.7518000001907	EXP	text_clock: text = 1:20
284.7538000001907	EXP	text_clock: text = 1:20
284.76910000014306	EXP	text_clock: text = 1:20
284.786	EXP	text_clock: text = 1:20
284.78640000009534	DATA	Keydown: Enter
284.81830000019073	EXP	text_clock: text = 1:20
284.81830000019073	EXP	fixation: autoDraw = null
284.81830000019073	EXP	Questions: autoDraw = null
284.81830000019073	EXP	inputTyping: autoDraw = null
284.81830000019073	EXP	text_clock: autoDraw = null
284.81830000019073	EXP	timerBorder: autoDraw = null
284.81830000019073	EXP	reminderText2: autoDraw = null
284.81830000019073	EXP	trial_textCounter: autoDraw = null
284.81830000019073	EXP	text_clock: autoDraw = null
284.81830000019073	EXP	inputTyping: text = _
284.81830000019073	EXP	Questions: text = 2 × 4 =
284.81830000019073	EXP	inputTyping: text = null
284.81830000019073	EXP	trial_textCounter: text = Trial Number: 5/60
284.81830000019073	EXP	fixation: autoDraw = true
284.81830000019073	EXP	text_clock: autoDraw = true
284.81830000019073	EXP	text_clock: text = 1:20
284.81830000019073	EXP	timerBorder: autoDraw = true
284.81830000019073	EXP	trial_textCounter: autoDraw = true
284.82030000019074	EXP	text_clock: text = 1:20
284.8356000001431	EXP	text_clock: text = 1:20
284.85260000014307	EXP	text_clock: text = 1:20
284.88530000019074	EXP	text_clock: text = 1:20
284.8877000000477	EXP	text_clock: text = 1:20
284.9027000000477	EXP	text_clock: text = 1:20
284.9192000000477	EXP	text_clock: text = 1:20
284.9359000000954	EXP	text_clock: text = 1:20
284.9527000000477	EXP	text_clock: text = 1:20
284.96930000019074	EXP	text_clock: text = 1:20
284.986	EXP	text_clock: text = 1:20
285.003	EXP	text_clock: text = 1:20
285.01940000009535	EXP	text_clock: text = 1:20
285.05240000009536	EXP	text_clock: text = 1:20
285.069	EXP	fixation: autoDraw = null
285.069	EXP	Questions: autoDraw = true
285.069	EXP	inputTyping: autoDraw = true
285.069	EXP	text_clock: text = 1:20
285.069	EXP	reminderText2: autoDraw = true
285.0855	EXP	text_clock: text = 1:20
285.1025	EXP	text_clock: text = 1:20
285.1044000000954	EXP	text_clock: text = 1:20
285.1358000001907	EXP	text_clock: text = 1:20
285.1382000000477	EXP	text_clock: text = 1:20
285.1528000001907	EXP	text_clock: text = 1:20
285.1694000000954	EXP	text_clock: text = 1:20
285.1868000001907	EXP	text_clock: text = 1:20
285.21890000009535	EXP	text_clock: text = 1:20
285.22130000019075	EXP	text_clock: text = 1:20
285.23630000019074	EXP	text_clock: text = 1:20
285.2532000000477	EXP	text_clock: text = 1:20
285.28590000009535	EXP	text_clock: text = 1:20
285.28860000014305	EXP	text_clock: text = 1:20
285.3035	EXP	text_clock: text = 1:20
285.336	EXP	text_clock: text = 1:20
285.3383000001907	EXP	text_clock: text = 1:20
285.3535	EXP	text_clock: text = 1:20
285.38620000004767	EXP	text_clock: text = 1:20
285.3882000000477	EXP	text_clock: text = 1:20
285.404	EXP	text_clock: text = 1:20
285.42	EXP	text_clock: text = 1:20
285.437	EXP	text_clock: text = 1:20
285.45390000009536	EXP	text_clock: text = 1:20
285.47020000004767	EXP	text_clock: text = 1:20
285.4868000001907	EXP	text_clock: text = 1:20
285.51960000014304	EXP	text_clock: text = 1:20
285.52190000009534	EXP	text_clock: text = 1:20
285.55330000019075	EXP	text_clock: text = 1:20
285.55560000014304	EXP	text_clock: text = 1:20
285.58640000009535	EXP	text_clock: text = 1:20
285.58880000019076	EXP	text_clock: text = 1:20
285.60380000019074	EXP	text_clock: text = 1:20
285.6365	EXP	text_clock: text = 1:20
285.6535	EXP	text_clock: text = 1:20
285.6698000001907	EXP	text_clock: text = 1:20
285.68670000004767	EXP	text_clock: text = 1:19
285.70280000019073	EXP	text_clock: text = 1:19
285.71980000019073	EXP	text_clock: text = 1:19
285.7373000001907	EXP	text_clock: text = 1:19
285.7536000001431	EXP	text_clock: text = 1:19
285.7699000000954	EXP	text_clock: text = 1:19
285.787	EXP	text_clock: text = 1:19
285.80310000014305	EXP	text_clock: text = 1:19
285.82	EXP	text_clock: text = 1:19
285.83690000009534	EXP	text_clock: text = 1:19
285.8539000000954	EXP	text_clock: text = 1:19
285.87010000014305	EXP	text_clock: text = 1:19
285.88710000014305	EXP	text_clock: text = 1:19
285.904	EXP	text_clock: text = 1:19
285.92020000004766	EXP	text_clock: text = 1:19
285.93710000014306	EXP	text_clock: text = 1:19
285.95410000014306	EXP	text_clock: text = 1:19
285.9703000001907	EXP	text_clock: text = 1:19
285.98720000004766	EXP	text_clock: text = 1:19
286.0035	EXP	text_clock: text = 1:19
286.02030000019073	EXP	text_clock: text = 1:19
286.0373000001907	EXP	text_clock: text = 1:19
286.0535	EXP	text_clock: text = 1:19
286.0705	EXP	text_clock: text = 1:19
286.0879000000954	EXP	text_clock: text = 1:19
286.09250000000003	EXP	text_clock: text = 1:19
286.10470000004767	EXP	text_clock: text = 1:19
286.12110000014303	EXP	text_clock: text = 1:19
286.138	EXP	text_clock: text = 1:19
286.1544000000954	EXP	text_clock: text = 1:19
286.1712000000477	EXP	text_clock: text = 1:19
286.18810000014304	EXP	text_clock: text = 1:19
286.22070000004766	EXP	text_clock: text = 1:19
286.223	EXP	text_clock: text = 1:19
286.23810000014305	EXP	text_clock: text = 1:19
286.2708000001907	EXP	text_clock: text = 1:19
286.2731000001431	EXP	text_clock: text = 1:19
286.28840000009535	EXP	text_clock: text = 1:19
286.321	EXP	text_clock: text = 1:19
286.3235	EXP	text_clock: text = 1:19
286.3379000000954	EXP	text_clock: text = 1:19
286.37130000019073	EXP	text_clock: text = 1:19
286.3722000000477	DATA	Keydown: 8
286.3875	EXP	inputTyping: text = 8
286.3875	EXP	text_clock: text = 1:19
286.4042000000477	EXP	text_clock: text = 1:19
286.40610000014306	EXP	text_clock: text = 1:19
286.42160000014303	EXP	text_clock: text = 1:19
286.45440000009535	EXP	text_clock: text = 1:19
286.4712000000477	EXP	text_clock: text = 1:19
286.48810000014305	EXP	text_clock: text = 1:19
286.5045	EXP	text_clock: text = 1:19
286.505	DATA	Keydown: Enter
286.52140000009535	EXP	text_clock: text = 1:19
286.52140000009535	EXP	fixation: autoDraw = null
286.52140000009535	EXP	Questions: autoDraw = null
286.52140000009535	EXP	inputTyping: autoDraw = null
286.52140000009535	EXP	text_clock: autoDraw = null
286.52140000009535	EXP	timerBorder: autoDraw = null
286.52140000009535	EXP	reminderText2: autoDraw = null
286.52140000009535	EXP	trial_textCounter: autoDraw = null
286.52140000009535	EXP	text_clock: autoDraw = null
286.52140000009535	EXP	inputTyping: text = _
286.52140000009535	EXP	Questions: text = 2 × 2 =
286.52140000009535	EXP	inputTyping: text = null
286.52140000009535	EXP	trial_textCounter: text = Trial Number: 6/60
286.52140000009535	EXP	fixation: autoDraw = true
286.52140000009535	EXP	text_clock: autoDraw = true
286.52140000009535	EXP	text_clock: text = 1:19
286.52140000009535	EXP	timerBorder: autoDraw = true
286.52140000009535	EXP	trial_textCounter: autoDraw = true
286.5235	EXP	text_clock: text = 1:19
286.5382000000477	EXP	text_clock: text = 1:19
286.555	EXP	text_clock: text = 1:19
286.5883000001907	EXP	text_clock: text = 1:19
286.59040000009537	EXP	text_clock: text = 1:19
286.60510000014307	EXP	text_clock: text = 1:19
286.62190000009537	EXP	text_clock: text = 1:19
286.65460000014303	EXP	text_clock: text = 1:19
286.6715	EXP	text_clock: text = 1:19
286.6885	EXP	text_clock: text = 1:18
286.70480000019074	EXP	text_clock: text = 1:18
286.72160000014304	EXP	text_clock: text = 1:18
286.72390000009534	EXP	text_clock: text = 1:18
286.739100000143	EXP	text_clock: text = 1:18
286.75530000019074	EXP	fixation: autoDraw = null
286.75530000019074	EXP	text_clock: text = 1:18
286.788	EXP	Questions: autoDraw = true
286.788	EXP	inputTyping: autoDraw = true
286.788	EXP	text_clock: text = 1:18
286.788	EXP	reminderText2: autoDraw = true
286.79010000014307	EXP	text_clock: text = 1:18
286.80530000019075	EXP	text_clock: text = 1:18
286.82230000019075	EXP	text_clock: text = 1:18
286.8387000000477	EXP	text_clock: text = 1:18
286.87190000009537	EXP	text_clock: text = 1:18
286.87420000004767	EXP	text_clock: text = 1:18
286.8892000000477	EXP	text_clock: text = 1:18
286.9058000001907	EXP	text_clock: text = 1:18
286.9227000000477	EXP	text_clock: text = 1:18
286.939	EXP	text_clock: text = 1:18
286.95590000009537	EXP	text_clock: text = 1:18
286.9725	EXP	text_clock: text = 1:18
286.98880000019074	EXP	text_clock: text = 1:18
287.0057000000477	EXP	text_clock: text = 1:18
287.02260000014303	EXP	text_clock: text = 1:18
287.05530000019075	EXP	text_clock: text = 1:18
287.07230000019075	EXP	text_clock: text = 1:18
287.0887000000477	EXP	text_clock: text = 1:18
287.09310000014307	EXP	text_clock: text = 1:18
287.1218000001907	EXP	text_clock: text = 1:18
287.13870000004766	EXP	text_clock: text = 1:18
287.1555	EXP	text_clock: text = 1:18
287.1719000000954	EXP	text_clock: text = 1:18
287.1887000000477	EXP	text_clock: text = 1:18
287.20570000004767	EXP	text_clock: text = 1:18
287.2226000001431	EXP	text_clock: text = 1:18
287.23880000019074	EXP	text_clock: text = 1:18
287.2557000000477	EXP	text_clock: text = 1:18
287.27210000014304	EXP	text_clock: text = 1:18
287.289	EXP	text_clock: text = 1:18
287.30580000019074	EXP	text_clock: text = 1:18
287.308	EXP	text_clock: text = 1:18
287.32310000014303	EXP	text_clock: text = 1:18
287.3397000000477	EXP	text_clock: text = 1:18
287.35630000019074	EXP	text_clock: text = 1:18
287.3734000000954	EXP	text_clock: text = 1:18
287.40610000014306	EXP	text_clock: text = 1:18
287.4085	EXP	text_clock: text = 1:18
287.42330000019075	EXP	text_clock: text = 1:18
287.44	EXP	text_clock: text = 1:18
287.4723000001907	EXP	text_clock: text = 1:18
287.4747000000477	EXP	text_clock: text = 1:18
287.4898000001907	EXP	text_clock: text = 1:18
287.5224000000954	EXP	text_clock: text = 1:18
287.52480000019074	EXP	text_clock: text = 1:18
287.5562000000477	EXP	text_clock: text = 1:18
287.5725	EXP	text_clock: text = 1:18
287.57480000019075	EXP	text_clock: text = 1:18
287.5899000000954	EXP	text_clock: text = 1:18
287.60680000019073	EXP	text_clock: text = 1:18
287.6234000000954	EXP	text_clock: text = 1:18
287.64030000019073	EXP	text_clock: text = 1:18
287.65680000019074	EXP	text_clock: text = 1:18
287.67380000019074	EXP	text_clock: text = 1:17
287.7065	EXP	text_clock: text = 1:17
287.72270000004767	EXP	text_clock: text = 1:17
287.7249000000954	EXP	text_clock: text = 1:17
287.7402000000477	EXP	text_clock: text = 1:17
287.7728000001907	EXP	text_clock: text = 1:17
287.7753000001907	EXP	text_clock: text = 1:17
287.77610000014306	DATA	Keydown: 4
287.8066000001431	EXP	inputTyping: text = 4
287.8066000001431	EXP	text_clock: text = 1:17
287.8229000000954	EXP	text_clock: text = 1:17
287.8252000000477	EXP	text_clock: text = 1:17
287.84040000009537	EXP	text_clock: text = 1:17
287.8569000000954	EXP	text_clock: text = 1:17
287.89	EXP	text_clock: text = 1:17
287.8924000000954	EXP	text_clock: text = 1:17
287.92330000019075	EXP	text_clock: text = 1:17
287.94	EXP	text_clock: text = 1:17
287.9422000000477	EXP	text_clock: text = 1:17
287.945	DATA	Keydown: Enter
287.9732000000477	EXP	text_clock: text = 1:17
287.9732000000477	EXP	fixation: autoDraw = null
287.9732000000477	EXP	Questions: autoDraw = null
287.9732000000477	EXP	inputTyping: autoDraw = null
287.9732000000477	EXP	text_clock: autoDraw = null
287.9732000000477	EXP	timerBorder: autoDraw = null
287.9732000000477	EXP	reminderText2: autoDraw = null
287.9732000000477	EXP	trial_textCounter: autoDraw = null
287.9732000000477	EXP	text_clock: autoDraw = null
287.9732000000477	EXP	inputTyping: text = _
287.9732000000477	EXP	Questions: text = 4 × 5 =
287.9732000000477	EXP	inputTyping: text = null
287.9732000000477	EXP	trial_textCounter: text = Trial Number: 7/60
287.9732000000477	EXP	fixation: autoDraw = true
287.9732000000477	EXP	text_clock: autoDraw = true
287.9732000000477	EXP	text_clock: text = 1:17
287.9732000000477	EXP	timerBorder: autoDraw = true
287.9732000000477	EXP	trial_textCounter: autoDraw = true
287.97540000009536	EXP	text_clock: text = 1:17
287.9905	EXP	text_clock: text = 1:17
288.0072000000477	EXP	text_clock: text = 1:17
288.04020000004766	EXP	text_clock: text = 1:17
288.0425	EXP	text_clock: text = 1:17
288.0575	EXP	text_clock: text = 1:17
288.07390000009536	EXP	text_clock: text = 1:17
288.10720000004767	EXP	text_clock: text = 1:17
288.1235	EXP	text_clock: text = 1:17
288.1259000000954	EXP	text_clock: text = 1:17
288.14110000014307	EXP	text_clock: text = 1:17
288.1572000000477	EXP	text_clock: text = 1:17
288.174100000143	EXP	text_clock: text = 1:17
288.1911000001431	EXP	text_clock: text = 1:17
288.2237000000477	EXP	fixation: autoDraw = null
288.2237000000477	EXP	text_clock: text = 1:17
288.2405	EXP	Questions: autoDraw = true
288.2405	EXP	inputTyping: autoDraw = true
288.2405	EXP	text_clock: text = 1:17
288.2405	EXP	reminderText2: autoDraw = true
288.24260000014306	EXP	text_clock: text = 1:17
288.258	EXP	text_clock: text = 1:17
288.27430000019075	EXP	text_clock: text = 1:17
288.2912000000477	EXP	text_clock: text = 1:17
288.3087000000477	EXP	text_clock: text = 1:17
288.3242000000477	EXP	text_clock: text = 1:17
288.3419000000954	EXP	text_clock: text = 1:17
288.35830000019075	EXP	text_clock: text = 1:17
288.3908000001907	EXP	text_clock: text = 1:17
288.40710000014303	EXP	text_clock: text = 1:17
288.40960000014303	EXP	text_clock: text = 1:17
288.4245	EXP	text_clock: text = 1:17
288.44140000009537	EXP	text_clock: text = 1:17
288.458	EXP	text_clock: text = 1:17
288.4745	EXP	text_clock: text = 1:17
288.4918000001907	EXP	text_clock: text = 1:17
288.5079000000954	EXP	text_clock: text = 1:17
288.5249000000954	EXP	text_clock: text = 1:17
288.54180000019073	EXP	text_clock: text = 1:17
288.57430000019076	EXP	text_clock: text = 1:17
288.57680000019076	EXP	text_clock: text = 1:17
288.5919000000954	EXP	text_clock: text = 1:17
288.6243000001907	EXP	text_clock: text = 1:17
288.62690000009536	EXP	text_clock: text = 1:17
288.64180000019076	EXP	text_clock: text = 1:17
288.65810000014307	EXP	text_clock: text = 1:17
288.6913000001907	EXP	text_clock: text = 1:16
288.70760000014303	EXP	text_clock: text = 1:16
288.71	EXP	text_clock: text = 1:16
288.725	EXP	text_clock: text = 1:16
288.74190000009537	EXP	text_clock: text = 1:16
288.77460000014304	EXP	text_clock: text = 1:16
288.777	EXP	text_clock: text = 1:16
288.7923000001907	EXP	text_clock: text = 1:16
288.80860000014303	EXP	text_clock: text = 1:16
288.82530000019074	EXP	text_clock: text = 1:16
288.8424000000954	EXP	text_clock: text = 1:16
288.8585	EXP	text_clock: text = 1:16
288.8917000000477	EXP	text_clock: text = 1:16
288.8938000001907	EXP	text_clock: text = 1:16
288.9248000001907	EXP	text_clock: text = 1:16
288.927	EXP	text_clock: text = 1:16
288.9418000001907	EXP	text_clock: text = 1:16
288.9585	EXP	text_clock: text = 1:16
288.9755	EXP	text_clock: text = 1:16
288.992	EXP	text_clock: text = 1:16
289.00890000009537	EXP	text_clock: text = 1:16
289.02570000004766	EXP	text_clock: text = 1:16
289.04270000004766	EXP	text_clock: text = 1:16
289.05880000019073	EXP	text_clock: text = 1:16
289.0758000001907	EXP	text_clock: text = 1:16
289.10840000009534	EXP	text_clock: text = 1:16
289.11030000019076	EXP	text_clock: text = 1:16
289.1252000000477	EXP	text_clock: text = 1:16
289.1422000000477	EXP	text_clock: text = 1:16
289.15890000009534	EXP	text_clock: text = 1:16
289.17610000014304	EXP	text_clock: text = 1:16
289.20840000009537	EXP	text_clock: text = 1:16
289.2108000001907	EXP	text_clock: text = 1:16
289.24240000009536	EXP	text_clock: text = 1:16
289.24470000004766	EXP	text_clock: text = 1:16
289.2592000000477	EXP	text_clock: text = 1:16
289.2756000001431	EXP	text_clock: text = 1:16
289.29260000014307	EXP	text_clock: text = 1:16
289.30920000004767	EXP	text_clock: text = 1:16
289.342	EXP	text_clock: text = 1:16
289.34410000014304	EXP	text_clock: text = 1:16
289.35930000019073	EXP	text_clock: text = 1:16
289.376	EXP	text_clock: text = 1:16
289.40890000009534	EXP	text_clock: text = 1:16
289.41130000019075	EXP	text_clock: text = 1:16
289.4265	EXP	text_clock: text = 1:16
289.43110000014303	DATA	Keydown: 2
289.459	EXP	inputTyping: text = 2
289.459	EXP	text_clock: text = 1:16
289.47580000019076	EXP	text_clock: text = 1:16
289.49220000004766	EXP	text_clock: text = 1:16
289.50910000014306	EXP	text_clock: text = 1:16
289.51120000004767	EXP	text_clock: text = 1:16
289.5262000000477	EXP	text_clock: text = 1:16
289.55920000004767	EXP	text_clock: text = 1:16
289.5763000001907	EXP	text_clock: text = 1:16
289.59230000019073	EXP	text_clock: text = 1:16
289.6092000000477	EXP	text_clock: text = 1:16
289.6115	EXP	text_clock: text = 1:16
289.6262000000477	EXP	text_clock: text = 1:16
289.64280000019073	EXP	text_clock: text = 1:16
289.66	EXP	text_clock: text = 1:16
289.69260000014305	EXP	text_clock: text = 1:15
289.70940000009534	EXP	text_clock: text = 1:15
289.7117000000477	EXP	text_clock: text = 1:15
289.72630000019075	EXP	text_clock: text = 1:15
289.7432000000477	EXP	text_clock: text = 1:15
289.76010000014304	EXP	text_clock: text = 1:15
289.7765	EXP	text_clock: text = 1:15
289.80960000014306	EXP	text_clock: text = 1:15
289.81170000004767	EXP	text_clock: text = 1:15
289.82660000014306	EXP	text_clock: text = 1:15
289.8433000001907	EXP	text_clock: text = 1:15
289.86040000009535	EXP	text_clock: text = 1:15
289.89280000019073	EXP	text_clock: text = 1:15
289.89340000009537	DATA	Keydown: 0
289.9098000001907	EXP	inputTyping: text = 20
289.9098000001907	EXP	text_clock: text = 1:15
289.92610000014304	EXP	text_clock: text = 1:15
289.9429000000954	EXP	text_clock: text = 1:15
289.9599000000954	EXP	text_clock: text = 1:15
289.96210000014304	EXP	text_clock: text = 1:15
289.9769000000954	EXP	text_clock: text = 1:15
289.99440000009537	EXP	text_clock: text = 1:15
290.01120000004767	EXP	text_clock: text = 1:15
290.043	EXP	text_clock: text = 1:15
290.04520000004766	EXP	text_clock: text = 1:15
290.06	EXP	text_clock: text = 1:15
290.06560000014304	DATA	Keydown: Enter
290.09310000014307	EXP	text_clock: text = 1:15
290.09310000014307	EXP	fixation: autoDraw = null
290.09310000014307	EXP	Questions: autoDraw = null
290.09310000014307	EXP	inputTyping: autoDraw = null
290.09310000014307	EXP	text_clock: autoDraw = null
290.09310000014307	EXP	timerBorder: autoDraw = null
290.09310000014307	EXP	reminderText2: autoDraw = null
290.09310000014307	EXP	trial_textCounter: autoDraw = null
290.09310000014307	EXP	text_clock: autoDraw = null
290.09310000014307	EXP	inputTyping: text = _
290.09310000014307	EXP	Questions: text = 3 × 3 =
290.09310000014307	EXP	inputTyping: text = null
290.09310000014307	EXP	trial_textCounter: text = Trial Number: 8/60
290.09310000014307	EXP	fixation: autoDraw = true
290.09310000014307	EXP	text_clock: autoDraw = true
290.09310000014307	EXP	text_clock: text = 1:15
290.09310000014307	EXP	timerBorder: autoDraw = true
290.09310000014307	EXP	trial_textCounter: autoDraw = true
290.11010000014306	EXP	text_clock: text = 1:15
290.1118000001907	EXP	text_clock: text = 1:15
290.1272000000477	EXP	text_clock: text = 1:15
290.14410000014306	EXP	text_clock: text = 1:15
290.16060000014306	EXP	text_clock: text = 1:15
290.17760000014306	EXP	text_clock: text = 1:15
290.19390000009537	EXP	text_clock: text = 1:15
290.21070000004767	EXP	text_clock: text = 1:15
290.2435	EXP	text_clock: text = 1:15
290.24610000014303	EXP	text_clock: text = 1:15
290.2609000000954	EXP	text_clock: text = 1:15
290.29430000019073	EXP	text_clock: text = 1:15
290.29680000019073	EXP	text_clock: text = 1:15
290.3109000000954	EXP	text_clock: text = 1:15
290.3275	EXP	fixation: autoDraw = null
290.3275	EXP	text_clock: text = 1:15
290.36	EXP	Questions: autoDraw = true
290.36	EXP	inputTyping: autoDraw = true
290.36	EXP	text_clock: text = 1:15
290.36	EXP	reminderText2: autoDraw = true
290.36220000004766	EXP	text_clock: text = 1:15
290.3938000001907	EXP	text_clock: text = 1:15
290.39610000014306	EXP	text_clock: text = 1:15
290.41110000014305	EXP	text_clock: text = 1:15
290.4275	EXP	text_clock: text = 1:15
290.4443000001907	EXP	text_clock: text = 1:15
290.46130000019076	EXP	text_clock: text = 1:15
290.47770000004766	EXP	text_clock: text = 1:15
290.49440000009537	EXP	text_clock: text = 1:15
290.51160000014306	EXP	text_clock: text = 1:15
290.5277000000477	EXP	text_clock: text = 1:15
290.54470000004767	EXP	text_clock: text = 1:15
290.5615	EXP	text_clock: text = 1:15
290.5953000001907	EXP	text_clock: text = 1:15
290.5972000000477	EXP	text_clock: text = 1:15
290.6114000000954	EXP	text_clock: text = 1:15
290.62760000014305	EXP	text_clock: text = 1:15
290.64460000014304	EXP	text_clock: text = 1:15
290.66180000019074	EXP	text_clock: text = 1:15
290.67830000019075	EXP	text_clock: text = 1:14
290.71070000004767	EXP	text_clock: text = 1:14
290.713	EXP	text_clock: text = 1:14
290.7282000000477	EXP	text_clock: text = 1:14
290.7445	EXP	text_clock: text = 1:14
290.76140000009536	EXP	text_clock: text = 1:14
290.77820000004766	EXP	text_clock: text = 1:14
290.795	EXP	text_clock: text = 1:14
290.81170000004767	EXP	text_clock: text = 1:14
290.828100000143	EXP	text_clock: text = 1:14
290.84520000004767	EXP	text_clock: text = 1:14
290.86130000019074	EXP	text_clock: text = 1:14
290.8782000000477	EXP	text_clock: text = 1:14
290.89510000014303	EXP	text_clock: text = 1:14
290.9115	EXP	text_clock: text = 1:14
290.92830000019075	EXP	text_clock: text = 1:14
290.9452000000477	EXP	text_clock: text = 1:14
290.96190000009534	EXP	text_clock: text = 1:14
290.97860000014305	EXP	text_clock: text = 1:14
290.9952000000477	EXP	text_clock: text = 1:14
291.02810000014307	EXP	text_clock: text = 1:14
291.0303000001907	EXP	text_clock: text = 1:14
291.04530000019076	EXP	text_clock: text = 1:14
291.062	EXP	text_clock: text = 1:14
291.0785	EXP	text_clock: text = 1:14
291.1119000000954	EXP	text_clock: text = 1:14
291.114	EXP	text_clock: text = 1:14
291.1288000001907	EXP	text_clock: text = 1:14
291.1455	EXP	text_clock: text = 1:14
291.162	EXP	text_clock: text = 1:14
291.17880000019073	EXP	text_clock: text = 1:14
291.1957000000477	EXP	text_clock: text = 1:14
291.22840000009535	EXP	text_clock: text = 1:14
291.23080000019075	EXP	text_clock: text = 1:14
291.246	EXP	text_clock: text = 1:14
291.2638000001907	EXP	text_clock: text = 1:14
291.279	EXP	text_clock: text = 1:14
291.29590000009534	EXP	text_clock: text = 1:14
291.32840000009537	EXP	text_clock: text = 1:14
291.33070000004767	EXP	text_clock: text = 1:14
291.3617000000477	EXP	text_clock: text = 1:14
291.3639000000954	EXP	text_clock: text = 1:14
291.39570000004767	EXP	text_clock: text = 1:14
291.4117000000477	EXP	text_clock: text = 1:14
291.4137000000477	EXP	text_clock: text = 1:14
291.42160000014303	DATA	Keydown: 9
291.4455	EXP	inputTyping: text = 9
291.4455	EXP	text_clock: text = 1:14
291.46190000009534	EXP	text_clock: text = 1:14
291.4637000000477	EXP	text_clock: text = 1:14
291.47930000019073	EXP	text_clock: text = 1:14
291.51190000009535	EXP	text_clock: text = 1:14
291.52890000009535	EXP	text_clock: text = 1:14
291.54590000009534	EXP	text_clock: text = 1:14
291.56210000014306	EXP	text_clock: text = 1:14
291.5792000000477	EXP	text_clock: text = 1:14
291.59590000009536	EXP	text_clock: text = 1:14
291.59640000009534	DATA	Keydown: Enter
291.612	EXP	text_clock: text = 1:14
291.612	EXP	fixation: autoDraw = null
291.612	EXP	Questions: autoDraw = null
291.612	EXP	inputTyping: autoDraw = null
291.612	EXP	text_clock: autoDraw = null
291.612	EXP	timerBorder: autoDraw = null
291.612	EXP	reminderText2: autoDraw = null
291.612	EXP	trial_textCounter: autoDraw = null
291.612	EXP	text_clock: autoDraw = null
291.612	EXP	inputTyping: text = _
291.612	EXP	Questions: text = 5 × 2 =
291.612	EXP	inputTyping: text = null
291.612	EXP	trial_textCounter: text = Trial Number: 9/60
291.612	EXP	fixation: autoDraw = true
291.612	EXP	text_clock: autoDraw = true
291.612	EXP	text_clock: text = 1:14
291.612	EXP	timerBorder: autoDraw = true
291.612	EXP	trial_textCounter: autoDraw = true
291.614100000143	EXP	text_clock: text = 1:14
291.62960000014306	EXP	text_clock: text = 1:14
291.6622000000477	EXP	text_clock: text = 1:14
291.6792000000477	EXP	text_clock: text = 1:14
291.6961000001431	EXP	text_clock: text = 1:13
291.71230000019074	EXP	text_clock: text = 1:13
291.71480000019073	EXP	text_clock: text = 1:13
291.7298000001907	EXP	text_clock: text = 1:13
291.7462000000477	EXP	text_clock: text = 1:13
291.763100000143	EXP	text_clock: text = 1:13
291.79630000019074	EXP	text_clock: text = 1:13
291.7985	EXP	text_clock: text = 1:13
291.813	EXP	text_clock: text = 1:13
291.8299000000954	EXP	text_clock: text = 1:13
291.84640000009534	EXP	fixation: autoDraw = null
291.84640000009534	EXP	text_clock: text = 1:13
291.87960000014306	EXP	Questions: autoDraw = true
291.87960000014306	EXP	inputTyping: autoDraw = true
291.87960000014306	EXP	text_clock: text = 1:13
291.87960000014306	EXP	reminderText2: autoDraw = true
291.88170000004766	EXP	text_clock: text = 1:13
291.89640000009535	EXP	text_clock: text = 1:13
291.91310000014306	EXP	text_clock: text = 1:13
291.9309000000954	EXP	text_clock: text = 1:13
291.94740000009534	EXP	text_clock: text = 1:13
291.96320000004766	EXP	text_clock: text = 1:13
291.97970000004767	EXP	text_clock: text = 1:13
291.99670000004767	EXP	text_clock: text = 1:13
292.013100000143	EXP	text_clock: text = 1:13
292.02980000019073	EXP	text_clock: text = 1:13
292.063	EXP	text_clock: text = 1:13
292.0655	EXP	text_clock: text = 1:13
292.0802000000477	EXP	text_clock: text = 1:13
292.11310000014305	EXP	text_clock: text = 1:13
292.11510000014306	EXP	text_clock: text = 1:13
292.13	EXP	text_clock: text = 1:13
292.14690000009534	EXP	text_clock: text = 1:13
292.16360000014305	EXP	text_clock: text = 1:13
292.19660000014306	EXP	text_clock: text = 1:13
292.1985	EXP	text_clock: text = 1:13
292.2137000000477	EXP	text_clock: text = 1:13
292.23080000019075	EXP	text_clock: text = 1:13
292.2468000001907	EXP	text_clock: text = 1:13
292.26370000004766	EXP	text_clock: text = 1:13
292.28020000004767	EXP	text_clock: text = 1:13
292.2975	EXP	text_clock: text = 1:13
292.314	EXP	text_clock: text = 1:13
292.33030000019073	EXP	text_clock: text = 1:13
292.34710000014303	EXP	text_clock: text = 1:13
292.364	EXP	text_clock: text = 1:13
292.38120000004767	EXP	text_clock: text = 1:13
292.4135	EXP	text_clock: text = 1:13
292.4298000001907	EXP	text_clock: text = 1:13
292.4467000000477	EXP	text_clock: text = 1:13
292.4637000000477	EXP	text_clock: text = 1:13
292.48010000014307	EXP	text_clock: text = 1:13
292.4968000001907	EXP	text_clock: text = 1:13
292.5138000001907	EXP	text_clock: text = 1:13
292.53070000004766	EXP	text_clock: text = 1:13
292.5469000000954	EXP	text_clock: text = 1:13
292.5638000001907	EXP	text_clock: text = 1:13
292.5808000001907	EXP	text_clock: text = 1:13
292.59710000014303	EXP	text_clock: text = 1:13
292.6139000000954	EXP	text_clock: text = 1:13
292.6309000000954	EXP	text_clock: text = 1:13
292.64710000014304	EXP	text_clock: text = 1:13
292.664	EXP	text_clock: text = 1:13
292.681	EXP	text_clock: text = 1:13
292.6972000000477	EXP	text_clock: text = 1:12
292.7142000000477	EXP	text_clock: text = 1:12
292.7149000000954	DATA	Keydown: 1
292.7312000000477	EXP	inputTyping: text = 1
292.7312000000477	EXP	text_clock: text = 1:12
292.74740000009535	EXP	text_clock: text = 1:12
292.7495	EXP	text_clock: text = 1:12
292.76480000019075	EXP	text_clock: text = 1:12
292.7812000000477	EXP	text_clock: text = 1:12
292.79790000009535	EXP	text_clock: text = 1:12
292.815	EXP	text_clock: text = 1:12
292.83140000009536	EXP	text_clock: text = 1:12
292.8643000001907	EXP	text_clock: text = 1:12
292.8666000001431	EXP	text_clock: text = 1:12
292.88170000004766	EXP	text_clock: text = 1:12
292.8983000001907	EXP	text_clock: text = 1:12
292.915	EXP	text_clock: text = 1:12
292.9315	EXP	text_clock: text = 1:12
292.948	EXP	text_clock: text = 1:12
292.965	EXP	text_clock: text = 1:12
292.9815	EXP	text_clock: text = 1:12
292.99830000019074	EXP	text_clock: text = 1:12
293.0152000000477	EXP	text_clock: text = 1:12
293.0315	EXP	text_clock: text = 1:12
293.0643000001907	EXP	text_clock: text = 1:12
293.0663000001907	EXP	text_clock: text = 1:12
293.08160000014306	EXP	text_clock: text = 1:12
293.1148000001907	EXP	text_clock: text = 1:12
293.1167000000477	EXP	text_clock: text = 1:12
293.1318000001907	EXP	text_clock: text = 1:12
293.1487000000477	EXP	text_clock: text = 1:12
293.16540000009536	EXP	text_clock: text = 1:12
293.1818000001907	EXP	text_clock: text = 1:12
293.1862000000477	DATA	Keydown: 0
293.215	EXP	inputTyping: text = 10
293.215	EXP	text_clock: text = 1:12
293.2323000001907	EXP	text_clock: text = 1:12
293.23430000019073	EXP	text_clock: text = 1:12
293.265	EXP	text_clock: text = 1:12
293.2672000000477	EXP	text_clock: text = 1:12
293.2824000000954	EXP	text_clock: text = 1:12
293.299	EXP	text_clock: text = 1:12
293.3159000000954	EXP	text_clock: text = 1:12
293.34840000009535	EXP	text_clock: text = 1:12
293.35040000009536	EXP	text_clock: text = 1:12
293.36540000009535	EXP	text_clock: text = 1:12
293.38230000019075	EXP	text_clock: text = 1:12
293.3859000000954	DATA	Keydown: Enter
293.4149000000954	EXP	text_clock: text = 1:12
293.4149000000954	EXP	fixation: autoDraw = null
293.4149000000954	EXP	Questions: autoDraw = null
293.4149000000954	EXP	inputTyping: autoDraw = null
293.4149000000954	EXP	text_clock: autoDraw = null
293.4149000000954	EXP	timerBorder: autoDraw = null
293.4149000000954	EXP	reminderText2: autoDraw = null
293.4149000000954	EXP	trial_textCounter: autoDraw = null
293.4149000000954	EXP	text_clock: autoDraw = null
293.4149000000954	EXP	inputTyping: text = _
293.4149000000954	EXP	Questions: text = 4 × 4 =
293.4149000000954	EXP	inputTyping: text = null
293.4149000000954	EXP	trial_textCounter: text = Trial Number: 10/60
293.4149000000954	EXP	fixation: autoDraw = true
293.4149000000954	EXP	text_clock: autoDraw = true
293.4149000000954	EXP	text_clock: text = 1:12
293.4149000000954	EXP	timerBorder: autoDraw = true
293.4149000000954	EXP	trial_textCounter: autoDraw = true
293.4167000000477	EXP	text_clock: text = 1:12
293.43240000009536	EXP	text_clock: text = 1:12
293.449	EXP	text_clock: text = 1:12
293.46610000014306	EXP	text_clock: text = 1:12
293.48240000009537	EXP	text_clock: text = 1:12
293.49960000014306	EXP	text_clock: text = 1:12
293.532	EXP	text_clock: text = 1:12
293.54880000019074	EXP	text_clock: text = 1:12
293.55130000019074	EXP	text_clock: text = 1:12
293.5661000001431	EXP	text_clock: text = 1:12
293.58260000014303	EXP	text_clock: text = 1:12
293.59930000019074	EXP	text_clock: text = 1:12
293.632	EXP	text_clock: text = 1:12
293.63410000014306	EXP	text_clock: text = 1:12
293.6495	EXP	fixation: autoDraw = null
293.6495	EXP	text_clock: text = 1:12
293.6825	EXP	Questions: autoDraw = true
293.6825	EXP	inputTyping: autoDraw = true
293.6825	EXP	text_clock: text = 1:12
293.6825	EXP	reminderText2: autoDraw = true
293.699	EXP	text_clock: text = 1:11
293.7155	EXP	text_clock: text = 1:11
293.7176000001431	EXP	text_clock: text = 1:11
293.7491000001431	EXP	text_clock: text = 1:11
293.7655	EXP	text_clock: text = 1:11
293.76780000019073	EXP	text_clock: text = 1:11
293.78270000004767	EXP	text_clock: text = 1:11
293.8	EXP	text_clock: text = 1:11
293.8162000000477	EXP	text_clock: text = 1:11
293.833	EXP	text_clock: text = 1:11
293.8499000000954	EXP	text_clock: text = 1:11
293.8662000000477	EXP	text_clock: text = 1:11
293.89940000009534	EXP	text_clock: text = 1:11
293.91560000014306	EXP	text_clock: text = 1:11
293.9325	EXP	text_clock: text = 1:11
293.9495	EXP	text_clock: text = 1:11
293.9517000000477	EXP	text_clock: text = 1:11
293.98260000014307	EXP	text_clock: text = 1:11
293.9995	EXP	text_clock: text = 1:11
294.0157000000477	EXP	text_clock: text = 1:11
294.0328000001907	EXP	text_clock: text = 1:11
294.0496000001431	EXP	text_clock: text = 1:11
294.0659000000954	EXP	text_clock: text = 1:11
294.08280000019073	EXP	text_clock: text = 1:11
294.0997000000477	EXP	text_clock: text = 1:11
294.116	EXP	text_clock: text = 1:11
294.1329000000954	EXP	text_clock: text = 1:11
294.14980000019074	EXP	text_clock: text = 1:11
294.16610000014305	EXP	text_clock: text = 1:11
294.1834000000954	EXP	text_clock: text = 1:11
294.1997000000477	EXP	text_clock: text = 1:11
294.21610000014306	EXP	text_clock: text = 1:11
294.23310000014305	EXP	text_clock: text = 1:11
294.25	EXP	text_clock: text = 1:11
294.2663000001907	EXP	text_clock: text = 1:11
294.28320000004766	EXP	text_clock: text = 1:11
294.30010000014306	EXP	text_clock: text = 1:11
294.31640000009537	EXP	text_clock: text = 1:11
294.33320000004767	EXP	text_clock: text = 1:11
294.35020000004766	EXP	text_clock: text = 1:11
294.3664000000954	EXP	text_clock: text = 1:11
294.3834000000954	EXP	text_clock: text = 1:11
294.4002000000477	EXP	text_clock: text = 1:11
294.4165	EXP	text_clock: text = 1:11
294.4334000000954	EXP	text_clock: text = 1:11
294.45030000019074	EXP	text_clock: text = 1:11
294.46660000014305	EXP	text_clock: text = 1:11
294.48360000014304	EXP	text_clock: text = 1:11
294.5005	EXP	text_clock: text = 1:11
294.51660000014306	EXP	text_clock: text = 1:11
294.53360000014305	EXP	text_clock: text = 1:11
294.5505	EXP	text_clock: text = 1:11
294.5668000001907	EXP	text_clock: text = 1:11
294.5837000000477	EXP	text_clock: text = 1:11
294.6007000000477	EXP	text_clock: text = 1:11
294.61690000009537	EXP	text_clock: text = 1:11
294.6338000001907	EXP	text_clock: text = 1:11
294.63480000019075	DATA	Keydown: 1
294.65070000004766	EXP	inputTyping: text = 1
294.65070000004766	EXP	text_clock: text = 1:11
294.6669000000954	EXP	text_clock: text = 1:11
294.6839000000954	EXP	text_clock: text = 1:10
294.70030000019074	EXP	text_clock: text = 1:10
294.7024000000954	EXP	text_clock: text = 1:10
294.7339000000954	EXP	text_clock: text = 1:10
294.736	EXP	text_clock: text = 1:10
294.767	EXP	text_clock: text = 1:10
294.76930000019075	EXP	text_clock: text = 1:10
294.7845	EXP	text_clock: text = 1:10
294.80080000019075	EXP	text_clock: text = 1:10
294.8177000000477	EXP	text_clock: text = 1:10
294.8349000000954	EXP	text_clock: text = 1:10
294.86740000009536	EXP	text_clock: text = 1:10
294.88430000019076	EXP	text_clock: text = 1:10
294.8863000001907	EXP	text_clock: text = 1:10
294.90110000014306	EXP	text_clock: text = 1:10
294.9343000001907	EXP	text_clock: text = 1:10
294.9368000001907	EXP	text_clock: text = 1:10
294.951	EXP	text_clock: text = 1:10
294.96820000004766	EXP	text_clock: text = 1:10
294.9845	EXP	text_clock: text = 1:10
295.0013000001907	EXP	text_clock: text = 1:10
295.0181000001431	EXP	text_clock: text = 1:10
295.03520000004767	EXP	text_clock: text = 1:10
295.0677000000477	EXP	text_clock: text = 1:10
295.06980000019075	EXP	text_clock: text = 1:10
295.10080000019076	EXP	text_clock: text = 1:10
295.1028000001907	EXP	text_clock: text = 1:10
295.1182000000477	EXP	text_clock: text = 1:10
295.13480000019075	EXP	text_clock: text = 1:10
295.1512000000477	EXP	text_clock: text = 1:10
295.16830000019075	EXP	text_clock: text = 1:10
295.186100000143	EXP	text_clock: text = 1:10
295.21790000009537	EXP	text_clock: text = 1:10
295.2205	EXP	text_clock: text = 1:10
295.2512000000477	EXP	text_clock: text = 1:10
295.26800000000003	EXP	text_clock: text = 1:10
295.28520000004767	EXP	text_clock: text = 1:10
295.286	DATA	Keydown: 6
295.3012000000477	EXP	inputTyping: text = 16
295.3012000000477	EXP	text_clock: text = 1:10
295.31810000014303	EXP	text_clock: text = 1:10
295.335	EXP	text_clock: text = 1:10
295.35130000019075	EXP	text_clock: text = 1:10
295.36830000019074	EXP	text_clock: text = 1:10
295.38510000014304	EXP	text_clock: text = 1:10
295.40140000009535	EXP	text_clock: text = 1:10
295.41830000019075	EXP	text_clock: text = 1:10
295.4189000000954	DATA	Keydown: Enter
295.43510000014305	EXP	text_clock: text = 1:10
295.43510000014305	EXP	fixation: autoDraw = null
295.43510000014305	EXP	Questions: autoDraw = null
295.43510000014305	EXP	inputTyping: autoDraw = null
295.43510000014305	EXP	text_clock: autoDraw = null
295.43510000014305	EXP	timerBorder: autoDraw = null
295.43510000014305	EXP	reminderText2: autoDraw = null
295.43510000014305	EXP	trial_textCounter: autoDraw = null
295.43510000014305	EXP	text_clock: autoDraw = null
295.43510000014305	EXP	inputTyping: text = _
295.43510000014305	EXP	Questions: text = 8 × 3 =
295.43510000014305	EXP	inputTyping: text = null
295.43510000014305	EXP	trial_textCounter: text = Trial Number: 11/60
295.43510000014305	EXP	fixation: autoDraw = true
295.43510000014305	EXP	text_clock: autoDraw = true
295.43510000014305	EXP	text_clock: text = 1:10
295.43510000014305	EXP	timerBorder: autoDraw = true
295.43510000014305	EXP	trial_textCounter: autoDraw = true
295.43710000014306	EXP	text_clock: text = 1:10
295.45230000019075	EXP	text_clock: text = 1:10
295.4848000001907	EXP	text_clock: text = 1:10
295.5015	EXP	text_clock: text = 1:10
295.51840000009537	EXP	text_clock: text = 1:10
295.5205	EXP	text_clock: text = 1:10
295.53540000009536	EXP	text_clock: text = 1:10
295.5527000000477	EXP	text_clock: text = 1:10
295.56920000004766	EXP	text_clock: text = 1:10
295.5856000001431	EXP	text_clock: text = 1:10
295.602100000143	EXP	text_clock: text = 1:10
295.6191000001431	EXP	text_clock: text = 1:10
295.6357000000477	EXP	text_clock: text = 1:10
295.6524000000954	EXP	text_clock: text = 1:10
295.6694000000954	EXP	fixation: autoDraw = null
295.6694000000954	EXP	text_clock: text = 1:10
295.70180000019076	EXP	Questions: autoDraw = true
295.70180000019076	EXP	inputTyping: autoDraw = true
295.70180000019076	EXP	text_clock: text = 1:9
295.70180000019076	EXP	reminderText2: autoDraw = true
295.7187000000477	EXP	text_clock: text = 1:9
295.72060000014307	EXP	text_clock: text = 1:9
295.75210000014306	EXP	text_clock: text = 1:9
295.75410000014307	EXP	text_clock: text = 1:9
295.7697000000477	EXP	text_clock: text = 1:9
295.78610000014305	EXP	text_clock: text = 1:9
295.80260000014306	EXP	text_clock: text = 1:9
295.8195	EXP	text_clock: text = 1:9
295.83590000009536	EXP	text_clock: text = 1:9
295.85270000004766	EXP	text_clock: text = 1:9
295.8695	EXP	text_clock: text = 1:9
295.886	EXP	text_clock: text = 1:9
295.90290000009537	EXP	text_clock: text = 1:9
295.9198000001907	EXP	text_clock: text = 1:9
295.9524000000954	EXP	text_clock: text = 1:9
295.9547000000477	EXP	text_clock: text = 1:9
295.98560000014305	EXP	text_clock: text = 1:9
295.98760000014306	EXP	text_clock: text = 1:9
296.0029000000954	EXP	text_clock: text = 1:9
296.03560000014306	EXP	text_clock: text = 1:9
296.038	EXP	text_clock: text = 1:9
296.053	EXP	text_clock: text = 1:9
296.06960000014305	EXP	text_clock: text = 1:9
296.0865	EXP	text_clock: text = 1:9
296.1195	EXP	text_clock: text = 1:9
296.1215	EXP	text_clock: text = 1:9
296.1363000001907	EXP	text_clock: text = 1:9
296.15340000009536	EXP	text_clock: text = 1:9
296.1859000000954	EXP	text_clock: text = 1:9
296.18810000014304	EXP	text_clock: text = 1:9
296.2033000001907	EXP	text_clock: text = 1:9
296.23590000009534	EXP	text_clock: text = 1:9
296.2385	EXP	text_clock: text = 1:9
296.2534000000954	EXP	text_clock: text = 1:9
296.27	EXP	text_clock: text = 1:9
296.2867000000477	EXP	text_clock: text = 1:9
296.3034000000954	EXP	text_clock: text = 1:9
296.32010000014304	EXP	text_clock: text = 1:9
296.3367000000477	EXP	text_clock: text = 1:9
296.3535	EXP	text_clock: text = 1:9
296.38620000004767	EXP	text_clock: text = 1:9
296.3883000001907	EXP	text_clock: text = 1:9
296.4037000000477	EXP	text_clock: text = 1:9
296.4212000000477	EXP	text_clock: text = 1:9
296.4532000000477	EXP	text_clock: text = 1:9
296.45570000004767	EXP	text_clock: text = 1:9
296.4703000001907	EXP	text_clock: text = 1:9
296.487	EXP	text_clock: text = 1:9
296.50390000009537	EXP	text_clock: text = 1:9
296.5202000000477	EXP	text_clock: text = 1:9
296.5534000000954	EXP	text_clock: text = 1:9
296.55580000019074	EXP	text_clock: text = 1:9
296.58660000014305	EXP	text_clock: text = 1:9
296.58890000009535	EXP	text_clock: text = 1:9
296.6042000000477	EXP	text_clock: text = 1:9
296.62040000009534	EXP	text_clock: text = 1:9
296.63710000014305	EXP	text_clock: text = 1:9
296.6542000000477	EXP	text_clock: text = 1:9
296.68670000004767	EXP	text_clock: text = 1:8
296.70370000004766	EXP	text_clock: text = 1:8
296.72	EXP	text_clock: text = 1:8
296.72210000014303	EXP	text_clock: text = 1:8
296.7375	EXP	text_clock: text = 1:8
296.754	EXP	text_clock: text = 1:8
296.7705	EXP	text_clock: text = 1:8
296.80380000019073	EXP	text_clock: text = 1:8
296.80560000014304	EXP	text_clock: text = 1:8
296.8211000001431	EXP	text_clock: text = 1:8
296.82180000019076	DATA	Keydown: 2
296.8535	EXP	inputTyping: text = 2
296.8535	EXP	text_clock: text = 1:8
296.87030000019075	EXP	text_clock: text = 1:8
296.8725	EXP	text_clock: text = 1:8
296.88760000014304	EXP	text_clock: text = 1:8
296.9045	EXP	text_clock: text = 1:8
296.9207000000477	EXP	text_clock: text = 1:8
296.9377000000477	EXP	text_clock: text = 1:8
296.9545	EXP	text_clock: text = 1:8
296.97090000009536	EXP	text_clock: text = 1:8
297.0037000000477	EXP	text_clock: text = 1:8
297.0059000000954	EXP	text_clock: text = 1:8
297.0215	EXP	text_clock: text = 1:8
297.0382000000477	EXP	text_clock: text = 1:8
297.055	EXP	text_clock: text = 1:8
297.0887000000477	EXP	text_clock: text = 1:8
297.0894000000954	DATA	Keydown: 4
297.1045	EXP	inputTyping: text = 24
297.1045	EXP	text_clock: text = 1:8
297.12060000014304	EXP	text_clock: text = 1:8
297.1375	EXP	text_clock: text = 1:8
297.15410000014305	EXP	text_clock: text = 1:8
297.15630000019075	EXP	text_clock: text = 1:8
297.17130000019074	EXP	text_clock: text = 1:8
297.1882000000477	EXP	text_clock: text = 1:8
297.20550000000003	EXP	text_clock: text = 1:8
297.22160000014304	EXP	text_clock: text = 1:8
297.2384000000954	EXP	text_clock: text = 1:8
297.27110000014306	EXP	text_clock: text = 1:8
297.27160000014305	DATA	Keydown: Enter
297.28790000009536	EXP	text_clock: text = 1:8
297.28790000009536	EXP	fixation: autoDraw = null
297.28790000009536	EXP	Questions: autoDraw = null
297.28790000009536	EXP	inputTyping: autoDraw = null
297.28790000009536	EXP	text_clock: autoDraw = null
297.28790000009536	EXP	timerBorder: autoDraw = null
297.28790000009536	EXP	reminderText2: autoDraw = null
297.28790000009536	EXP	trial_textCounter: autoDraw = null
297.28790000009536	EXP	text_clock: autoDraw = null
297.28790000009536	EXP	inputTyping: text = _
297.28790000009536	EXP	Questions: text = 6 × 5 =
297.28790000009536	EXP	inputTyping: text = null
297.28790000009536	EXP	trial_textCounter: text = Trial Number: 12/60
297.28790000009536	EXP	fixation: autoDraw = true
297.28790000009536	EXP	text_clock: autoDraw = true
297.28790000009536	EXP	text_clock: text = 1:8
297.28790000009536	EXP	timerBorder: autoDraw = true
297.28790000009536	EXP	trial_textCounter: autoDraw = true
297.29	EXP	text_clock: text = 1:8
297.305	EXP	text_clock: text = 1:8
297.32140000009537	EXP	text_clock: text = 1:8
297.33860000014306	EXP	text_clock: text = 1:8
297.35470000004767	EXP	text_clock: text = 1:8
297.3715	EXP	text_clock: text = 1:8
297.3885	EXP	text_clock: text = 1:8
297.4053000001907	EXP	text_clock: text = 1:8
297.4382000000477	EXP	text_clock: text = 1:8
297.44060000014304	EXP	text_clock: text = 1:8
297.47130000019075	EXP	text_clock: text = 1:8
297.47360000014305	EXP	text_clock: text = 1:8
297.48830000019075	EXP	text_clock: text = 1:8
297.505	EXP	text_clock: text = 1:8
297.52180000019075	EXP	fixation: autoDraw = null
297.52180000019075	EXP	text_clock: text = 1:8
297.5545	EXP	Questions: autoDraw = true
297.5545	EXP	inputTyping: autoDraw = true
297.5545	EXP	text_clock: text = 1:8
297.5545	EXP	reminderText2: autoDraw = true
297.5566000001431	EXP	text_clock: text = 1:8
297.572	EXP	text_clock: text = 1:8
297.5885	EXP	text_clock: text = 1:8
297.60520000004766	EXP	text_clock: text = 1:8
297.62210000014306	EXP	text_clock: text = 1:8
297.6547000000477	EXP	text_clock: text = 1:8
297.65710000014303	EXP	text_clock: text = 1:8
297.67280000019076	EXP	text_clock: text = 1:7
297.70480000019074	EXP	text_clock: text = 1:7
297.70690000009535	EXP	text_clock: text = 1:7
297.7223000001907	EXP	text_clock: text = 1:7
297.7387000000477	EXP	text_clock: text = 1:7
297.7554000000954	EXP	text_clock: text = 1:7
297.7727000000477	EXP	text_clock: text = 1:7
297.7892000000477	EXP	text_clock: text = 1:7
297.8055	EXP	text_clock: text = 1:7
297.8227000000477	EXP	text_clock: text = 1:7
297.83930000019075	EXP	text_clock: text = 1:7
297.85560000014306	EXP	text_clock: text = 1:7
297.87280000019075	EXP	text_clock: text = 1:7
297.88910000014306	EXP	text_clock: text = 1:7
297.9058000001907	EXP	text_clock: text = 1:7
297.92280000019076	EXP	text_clock: text = 1:7
297.9395	EXP	text_clock: text = 1:7
297.9558000001907	EXP	text_clock: text = 1:7
297.97290000009536	EXP	text_clock: text = 1:7
297.9892000000477	EXP	text_clock: text = 1:7
298.00600000000003	EXP	text_clock: text = 1:7
298.0228000001907	EXP	text_clock: text = 1:7
298.03930000019074	EXP	text_clock: text = 1:7
298.073	EXP	text_clock: text = 1:7
298.07530000019074	EXP	text_clock: text = 1:7
298.0895	EXP	text_clock: text = 1:7
298.12230000019076	EXP	text_clock: text = 1:7
298.1243000001907	EXP	text_clock: text = 1:7
298.1555	EXP	text_clock: text = 1:7
298.15770000004767	EXP	text_clock: text = 1:7
298.17260000014306	EXP	text_clock: text = 1:7
298.18960000014306	EXP	text_clock: text = 1:7
298.20620000004766	EXP	text_clock: text = 1:7
298.22310000014306	EXP	text_clock: text = 1:7
298.24	EXP	text_clock: text = 1:7
298.25620000004767	EXP	text_clock: text = 1:7
298.27340000009536	EXP	text_clock: text = 1:7
298.2895	EXP	text_clock: text = 1:7
298.30630000019073	EXP	text_clock: text = 1:7
298.3234000000954	EXP	text_clock: text = 1:7
298.33960000014304	EXP	text_clock: text = 1:7
298.3567000000477	EXP	text_clock: text = 1:7
298.37330000019074	EXP	text_clock: text = 1:7
298.3897000000477	EXP	text_clock: text = 1:7
298.42310000014305	EXP	text_clock: text = 1:7
298.42540000009535	EXP	text_clock: text = 1:7
298.44	EXP	text_clock: text = 1:7
298.45680000019075	EXP	text_clock: text = 1:7
298.4735	EXP	text_clock: text = 1:7
298.48990000009536	EXP	text_clock: text = 1:7
298.52260000014303	EXP	text_clock: text = 1:7
298.5249000000954	EXP	text_clock: text = 1:7
298.54	EXP	text_clock: text = 1:7
298.55690000009537	EXP	text_clock: text = 1:7
298.57390000009536	EXP	text_clock: text = 1:7
298.6065	EXP	text_clock: text = 1:7
298.6096000001431	EXP	text_clock: text = 1:7
298.62420000004767	EXP	text_clock: text = 1:7
298.64010000014304	EXP	text_clock: text = 1:7
298.6572000000477	EXP	text_clock: text = 1:7
298.68960000014306	EXP	text_clock: text = 1:6
298.7065	EXP	text_clock: text = 1:6
298.7085	EXP	text_clock: text = 1:6
298.7237000000477	EXP	text_clock: text = 1:6
298.7402000000477	EXP	text_clock: text = 1:6
298.7572000000477	EXP	text_clock: text = 1:6
298.77380000019076	EXP	text_clock: text = 1:6
298.7905	EXP	text_clock: text = 1:6
298.80730000019076	EXP	text_clock: text = 1:6
298.84	EXP	text_clock: text = 1:6
298.84230000019073	EXP	text_clock: text = 1:6
298.85740000009537	EXP	text_clock: text = 1:6
298.8739000000954	EXP	text_clock: text = 1:6
298.8905	EXP	text_clock: text = 1:6
298.9076000001431	EXP	text_clock: text = 1:6
298.91860000014304	DATA	Keydown: 3
298.94010000014305	EXP	inputTyping: text = 3
298.94010000014305	EXP	text_clock: text = 1:6
298.95710000014304	EXP	text_clock: text = 1:6
298.95930000019075	EXP	text_clock: text = 1:6
298.9742000000477	EXP	text_clock: text = 1:6
298.9907000000477	EXP	text_clock: text = 1:6
299.0075	EXP	text_clock: text = 1:6
299.0242000000477	EXP	text_clock: text = 1:6
299.04080000019076	EXP	text_clock: text = 1:6
299.07480000019075	EXP	text_clock: text = 1:6
299.09070000004766	EXP	text_clock: text = 1:6
299.0928000001907	EXP	text_clock: text = 1:6
299.123600000143	EXP	text_clock: text = 1:6
299.1257000000477	EXP	text_clock: text = 1:6
299.141	EXP	text_clock: text = 1:6
299.1575	EXP	text_clock: text = 1:6
299.1744000000954	EXP	text_clock: text = 1:6
299.1911000001431	EXP	text_clock: text = 1:6
299.20840000009537	EXP	text_clock: text = 1:6
299.224600000143	EXP	text_clock: text = 1:6
299.24110000014304	EXP	text_clock: text = 1:6
299.25810000014303	EXP	text_clock: text = 1:6
299.2745	EXP	text_clock: text = 1:6
299.29130000019074	EXP	text_clock: text = 1:6
299.30790000009534	EXP	text_clock: text = 1:6
299.32440000009535	EXP	text_clock: text = 1:6
299.34160000014305	EXP	text_clock: text = 1:6
299.35080000019076	DATA	Keydown: 0
299.374	EXP	inputTyping: text = 30
299.374	EXP	text_clock: text = 1:6
299.39090000009537	EXP	text_clock: text = 1:6
299.3933000001907	EXP	text_clock: text = 1:6
299.40840000009536	EXP	text_clock: text = 1:6
299.4246000001431	EXP	text_clock: text = 1:6
299.4415	EXP	text_clock: text = 1:6
299.458	EXP	text_clock: text = 1:6
299.47540000009536	EXP	text_clock: text = 1:6
299.4918000001907	EXP	text_clock: text = 1:6
299.52430000019075	EXP	text_clock: text = 1:6
299.52660000014305	EXP	text_clock: text = 1:6
299.5582000000477	EXP	text_clock: text = 1:6
299.56040000009534	EXP	text_clock: text = 1:6
299.575	EXP	text_clock: text = 1:6
299.5919000000954	EXP	text_clock: text = 1:6
299.62440000009536	EXP	text_clock: text = 1:6
299.62670000004766	EXP	text_clock: text = 1:6
299.64190000009535	EXP	text_clock: text = 1:6
299.653	DATA	Keydown: Enter
299.6745	EXP	text_clock: text = 1:6
299.6745	EXP	fixation: autoDraw = null
299.6745	EXP	Questions: autoDraw = null
299.6745	EXP	inputTyping: autoDraw = null
299.6745	EXP	text_clock: autoDraw = null
299.6745	EXP	timerBorder: autoDraw = null
299.6745	EXP	reminderText2: autoDraw = null
299.6745	EXP	trial_textCounter: autoDraw = null
299.6745	EXP	text_clock: autoDraw = null
299.6745	EXP	inputTyping: text = _
299.6745	EXP	Questions: text = 7 × 2 =
299.6745	EXP	inputTyping: text = null
299.6745	EXP	trial_textCounter: text = Trial Number: 13/60
299.6745	EXP	fixation: autoDraw = true
299.6745	EXP	text_clock: autoDraw = true
299.6745	EXP	text_clock: text = 1:6
299.6745	EXP	timerBorder: autoDraw = true
299.6745	EXP	trial_textCounter: autoDraw = true
299.69140000009537	EXP	text_clock: text = 1:5
299.7079000000954	EXP	text_clock: text = 1:5
299.7247000000477	EXP	text_clock: text = 1:5
299.7269000000954	EXP	text_clock: text = 1:5
299.74190000009537	EXP	text_clock: text = 1:5
299.7747000000477	EXP	text_clock: text = 1:5
299.777	EXP	text_clock: text = 1:5
299.79260000014307	EXP	text_clock: text = 1:5
299.8087000000477	EXP	text_clock: text = 1:5
299.8254000000954	EXP	text_clock: text = 1:5
299.8422000000477	EXP	text_clock: text = 1:5
299.85880000019074	EXP	text_clock: text = 1:5
299.8755	EXP	text_clock: text = 1:5
299.89230000019074	EXP	text_clock: text = 1:5
299.90930000019074	EXP	fixation: autoDraw = null
299.90930000019074	EXP	text_clock: text = 1:5
299.9422000000477	EXP	Questions: autoDraw = true
299.9422000000477	EXP	inputTyping: autoDraw = true
299.9422000000477	EXP	text_clock: text = 1:5
299.9422000000477	EXP	reminderText2: autoDraw = true
299.944	EXP	text_clock: text = 1:5
299.9751000001431	EXP	text_clock: text = 1:5
299.97760000014307	EXP	text_clock: text = 1:5
299.9927000000477	EXP	text_clock: text = 1:5
300.0092000000477	EXP	text_clock: text = 1:5
300.02570000004766	EXP	text_clock: text = 1:5
300.04270000004766	EXP	text_clock: text = 1:5
300.0591000001431	EXP	text_clock: text = 1:5
300.0757000000477	EXP	text_clock: text = 1:5
300.09270000004767	EXP	text_clock: text = 1:5
300.1254000000954	EXP	text_clock: text = 1:5
300.12760000014305	EXP	text_clock: text = 1:5
300.1425	EXP	text_clock: text = 1:5
300.17540000009535	EXP	text_clock: text = 1:5
300.17780000019076	EXP	text_clock: text = 1:5
300.1929000000954	EXP	text_clock: text = 1:5
300.20940000009534	EXP	text_clock: text = 1:5
300.22610000014305	EXP	text_clock: text = 1:5
300.243	EXP	text_clock: text = 1:5
300.25940000009535	EXP	text_clock: text = 1:5
300.2765	EXP	text_clock: text = 1:5
300.29260000014307	EXP	text_clock: text = 1:5
300.3095	EXP	text_clock: text = 1:5
300.32660000014306	EXP	text_clock: text = 1:5
300.34320000004766	EXP	text_clock: text = 1:5
300.3595	EXP	text_clock: text = 1:5
300.3765	EXP	text_clock: text = 1:5
300.409	EXP	text_clock: text = 1:5
300.41140000009534	EXP	text_clock: text = 1:5
300.426600000143	EXP	text_clock: text = 1:5
300.44280000019074	EXP	text_clock: text = 1:5
300.4597000000477	EXP	text_clock: text = 1:5
300.4765	EXP	text_clock: text = 1:5
300.49280000019075	EXP	text_clock: text = 1:5
300.5097000000477	EXP	text_clock: text = 1:5
300.5265	EXP	text_clock: text = 1:5
300.54360000014304	EXP	text_clock: text = 1:5
300.56	EXP	text_clock: text = 1:5
300.5767000000477	EXP	text_clock: text = 1:5
300.59360000014306	EXP	text_clock: text = 1:5
300.6098000001907	EXP	text_clock: text = 1:5
300.62670000004766	EXP	text_clock: text = 1:5
300.6433000001907	EXP	text_clock: text = 1:5
300.6599000000954	EXP	text_clock: text = 1:5
300.6934000000954	EXP	text_clock: text = 1:4
300.7095	EXP	text_clock: text = 1:4
300.71180000019075	EXP	text_clock: text = 1:4
300.7269000000954	EXP	text_clock: text = 1:4
300.7432000000477	EXP	text_clock: text = 1:4
300.7777000000477	EXP	text_clock: text = 1:4
300.7801000001431	EXP	text_clock: text = 1:4
300.79410000014303	EXP	text_clock: text = 1:4
300.81030000019075	EXP	text_clock: text = 1:4
300.82710000014305	EXP	text_clock: text = 1:4
300.85970000004767	EXP	text_clock: text = 1:4
300.87670000004766	EXP	text_clock: text = 1:4
300.8775	DATA	Keydown: 1
300.89300000000003	EXP	inputTyping: text = 1
300.89300000000003	EXP	text_clock: text = 1:4
300.91	EXP	text_clock: text = 1:4
300.9268000001907	EXP	text_clock: text = 1:4
300.94310000014303	EXP	text_clock: text = 1:4
300.9599000000954	EXP	text_clock: text = 1:4
300.9769000000954	EXP	text_clock: text = 1:4
300.99310000014304	EXP	text_clock: text = 1:4
301.01	EXP	text_clock: text = 1:4
301.02710000014304	EXP	text_clock: text = 1:4
301.0446000001431	EXP	text_clock: text = 1:4
301.06030000019075	EXP	text_clock: text = 1:4
301.0772000000477	EXP	text_clock: text = 1:4
301.0933000001907	EXP	text_clock: text = 1:4
301.11030000019076	EXP	text_clock: text = 1:4
301.12730000019076	EXP	text_clock: text = 1:4
301.1293000001907	EXP	text_clock: text = 1:4
301.14390000009536	EXP	text_clock: text = 1:4
301.16080000019076	EXP	text_clock: text = 1:4
301.16760000014307	DATA	Keydown: 4
301.19350000000003	EXP	inputTyping: text = 14
301.19350000000003	EXP	text_clock: text = 1:4
301.2104000000954	EXP	text_clock: text = 1:4
301.21230000019074	EXP	text_clock: text = 1:4
301.2435	EXP	text_clock: text = 1:4
301.24560000014304	EXP	text_clock: text = 1:4
301.26120000004767	EXP	text_clock: text = 1:4
301.277600000143	EXP	text_clock: text = 1:4
301.2948000001907	EXP	text_clock: text = 1:4
301.301	DATA	Keydown: Enter
301.327	EXP	text_clock: text = 1:4
301.327	EXP	fixation: autoDraw = null
301.327	EXP	Questions: autoDraw = null
301.327	EXP	inputTyping: autoDraw = null
301.327	EXP	text_clock: autoDraw = null
301.327	EXP	timerBorder: autoDraw = null
301.327	EXP	reminderText2: autoDraw = null
301.327	EXP	trial_textCounter: autoDraw = null
301.327	EXP	text_clock: autoDraw = null
301.327	EXP	inputTyping: text = _
301.327	EXP	Questions: text = 3 × 9 =
301.327	EXP	inputTyping: text = null
301.327	EXP	trial_textCounter: text = Trial Number: 14/60
301.327	EXP	fixation: autoDraw = true
301.327	EXP	text_clock: autoDraw = true
301.327	EXP	text_clock: text = 1:4
301.327	EXP	timerBorder: autoDraw = true
301.327	EXP	trial_textCounter: autoDraw = true
301.329	EXP	text_clock: text = 1:4
301.3445	EXP	text_clock: text = 1:4
301.36080000019075	EXP	text_clock: text = 1:4
301.37810000014304	EXP	text_clock: text = 1:4
301.39430000019075	EXP	text_clock: text = 1:4
301.4115	EXP	text_clock: text = 1:4
301.42780000019076	EXP	text_clock: text = 1:4
301.44440000009536	EXP	text_clock: text = 1:4
301.46140000009535	EXP	text_clock: text = 1:4
301.494	EXP	text_clock: text = 1:4
301.4966000001431	EXP	text_clock: text = 1:4
301.5117000000477	EXP	text_clock: text = 1:4
301.54410000014303	EXP	text_clock: text = 1:4
301.5464000000954	EXP	text_clock: text = 1:4
301.5618000001907	EXP	fixation: autoDraw = null
301.5618000001907	EXP	text_clock: text = 1:4
301.5942000000477	EXP	Questions: autoDraw = true
301.5942000000477	EXP	inputTyping: autoDraw = true
301.5942000000477	EXP	text_clock: text = 1:4
301.5942000000477	EXP	reminderText2: autoDraw = true
301.59630000019075	EXP	text_clock: text = 1:4
301.611600000143	EXP	text_clock: text = 1:4
301.62830000019073	EXP	text_clock: text = 1:4
301.6612000000477	EXP	text_clock: text = 1:4
301.66360000014305	EXP	text_clock: text = 1:4
301.69420000004766	EXP	text_clock: text = 1:3
301.71130000019076	EXP	text_clock: text = 1:3
301.7133000001907	EXP	text_clock: text = 1:3
301.7282000000477	EXP	text_clock: text = 1:3
301.7452000000477	EXP	text_clock: text = 1:3
301.76190000009535	EXP	text_clock: text = 1:3
301.77820000004766	EXP	text_clock: text = 1:3
301.79520000004766	EXP	text_clock: text = 1:3
301.81190000009536	EXP	text_clock: text = 1:3
301.82840000009537	EXP	text_clock: text = 1:3
301.84520000004767	EXP	text_clock: text = 1:3
301.8621000001431	EXP	text_clock: text = 1:3
301.8784000000954	EXP	text_clock: text = 1:3
301.8952000000477	EXP	text_clock: text = 1:3
301.9123000001907	EXP	text_clock: text = 1:3
301.929	EXP	text_clock: text = 1:3
301.9455	EXP	text_clock: text = 1:3
301.96190000009534	EXP	text_clock: text = 1:3
301.97860000014305	EXP	text_clock: text = 1:3
301.99540000009534	EXP	text_clock: text = 1:3
302.0124000000954	EXP	text_clock: text = 1:3
302.02860000014306	EXP	text_clock: text = 1:3
302.062	EXP	text_clock: text = 1:3
302.0782000000477	EXP	text_clock: text = 1:3
302.0951000001431	EXP	text_clock: text = 1:3
302.112	EXP	text_clock: text = 1:3
302.12830000019073	EXP	text_clock: text = 1:3
302.1452000000477	EXP	text_clock: text = 1:3
302.16160000014304	EXP	text_clock: text = 1:3
302.1784000000954	EXP	text_clock: text = 1:3
302.19530000019074	EXP	text_clock: text = 1:3
302.21230000019074	EXP	text_clock: text = 1:3
302.2285	EXP	text_clock: text = 1:3
302.24540000009534	EXP	text_clock: text = 1:3
302.26230000019075	EXP	text_clock: text = 1:3
302.2785	EXP	text_clock: text = 1:3
302.29560000014305	EXP	text_clock: text = 1:3
302.3118000001907	EXP	text_clock: text = 1:3
302.32870000004766	EXP	text_clock: text = 1:3
302.3455	EXP	text_clock: text = 1:3
302.3625	EXP	text_clock: text = 1:3
302.3787000000477	EXP	text_clock: text = 1:3
302.3956000001431	EXP	text_clock: text = 1:3
302.41270000004766	EXP	text_clock: text = 1:3
302.4289000000954	EXP	text_clock: text = 1:3
302.4457000000477	EXP	text_clock: text = 1:3
302.4627000000477	EXP	text_clock: text = 1:3
302.4789000000954	EXP	text_clock: text = 1:3
302.49580000019074	EXP	text_clock: text = 1:3
302.51280000019074	EXP	text_clock: text = 1:3
302.529	EXP	text_clock: text = 1:3
302.546	EXP	text_clock: text = 1:3
302.5629000000954	EXP	text_clock: text = 1:3
302.5792000000477	EXP	text_clock: text = 1:3
302.596	EXP	text_clock: text = 1:3
302.613	EXP	text_clock: text = 1:3
302.62920000004766	EXP	text_clock: text = 1:3
302.64610000014306	EXP	text_clock: text = 1:3
302.6624000000954	EXP	text_clock: text = 1:3
302.6792000000477	EXP	text_clock: text = 1:3
302.69740000009534	EXP	text_clock: text = 1:2
302.71340000009536	EXP	text_clock: text = 1:2
302.7294000000954	EXP	text_clock: text = 1:2
302.74630000019073	EXP	text_clock: text = 1:2
302.7625	EXP	text_clock: text = 1:2
302.7795	EXP	text_clock: text = 1:2
302.7964000000954	EXP	text_clock: text = 1:2
302.81260000014305	EXP	text_clock: text = 1:2
302.82960000014305	EXP	text_clock: text = 1:2
302.84640000009534	EXP	text_clock: text = 1:2
302.86280000019076	EXP	text_clock: text = 1:2
302.865	EXP	text_clock: text = 1:2
302.88010000014305	EXP	text_clock: text = 1:2
302.8967000000477	EXP	text_clock: text = 1:2
302.91340000009535	EXP	text_clock: text = 1:2
302.93060000014304	EXP	text_clock: text = 1:2
302.94680000019076	EXP	text_clock: text = 1:2
302.96340000009536	EXP	text_clock: text = 1:2
302.9805	EXP	text_clock: text = 1:2
302.98490000009537	DATA	Keydown: 2
303.0132000000477	EXP	inputTyping: text = 2
303.0132000000477	EXP	text_clock: text = 1:2
303.0299000000954	EXP	text_clock: text = 1:2
303.0322000000477	EXP	text_clock: text = 1:2
303.06310000014304	EXP	text_clock: text = 1:2
303.0655	EXP	text_clock: text = 1:2
303.08050000000003	EXP	text_clock: text = 1:2
303.08570000004767	DATA	Keydown: 1
303.11310000014305	EXP	inputTyping: text = 21
303.11310000014305	EXP	text_clock: text = 1:2
303.13010000014305	EXP	text_clock: text = 1:2
303.14710000014304	EXP	text_clock: text = 1:2
303.1632000000477	EXP	text_clock: text = 1:2
303.16560000014306	EXP	text_clock: text = 1:2
303.1809000000954	EXP	text_clock: text = 1:2
303.197	EXP	text_clock: text = 1:2
303.21380000019076	EXP	text_clock: text = 1:2
303.23090000009535	EXP	text_clock: text = 1:2
303.24740000009535	EXP	text_clock: text = 1:2
303.264	EXP	text_clock: text = 1:2
303.28110000014306	EXP	text_clock: text = 1:2
303.2882000000477	DATA	Keydown: Enter
303.313600000143	EXP	text_clock: text = 1:2
303.313600000143	EXP	fixation: autoDraw = null
303.313600000143	EXP	Questions: autoDraw = null
303.313600000143	EXP	inputTyping: autoDraw = null
303.313600000143	EXP	text_clock: autoDraw = null
303.313600000143	EXP	timerBorder: autoDraw = null
303.313600000143	EXP	reminderText2: autoDraw = null
303.313600000143	EXP	trial_textCounter: autoDraw = null
303.313600000143	EXP	text_clock: autoDraw = null
303.313600000143	EXP	inputTyping: text = _
303.313600000143	EXP	Questions: text = 2 × 8 =
303.313600000143	EXP	inputTyping: text = null
303.313600000143	EXP	trial_textCounter: text = Trial Number: 15/60
303.313600000143	EXP	fixation: autoDraw = true
303.313600000143	EXP	text_clock: autoDraw = true
303.313600000143	EXP	text_clock: text = 1:2
303.313600000143	EXP	timerBorder: autoDraw = true
303.313600000143	EXP	trial_textCounter: autoDraw = true
303.3157000000477	EXP	text_clock: text = 1:2
303.33090000009537	EXP	text_clock: text = 1:2
303.3472000000477	EXP	text_clock: text = 1:2
303.3643000001907	EXP	text_clock: text = 1:2
303.3811000001431	EXP	text_clock: text = 1:2
303.3975	EXP	text_clock: text = 1:2
303.41410000014304	EXP	text_clock: text = 1:2
303.4479000000954	EXP	text_clock: text = 1:2
303.46380000019076	EXP	text_clock: text = 1:2
303.46590000009536	EXP	text_clock: text = 1:2
303.48090000009535	EXP	text_clock: text = 1:2
303.49780000019075	EXP	text_clock: text = 1:2
303.51460000014305	EXP	text_clock: text = 1:2
303.53130000019075	EXP	text_clock: text = 1:2
303.564	EXP	fixation: autoDraw = null
303.564	EXP	text_clock: text = 1:2
303.58050000000003	EXP	Questions: autoDraw = true
303.58050000000003	EXP	inputTyping: autoDraw = true
303.58050000000003	EXP	text_clock: text = 1:2
303.58050000000003	EXP	reminderText2: autoDraw = true
303.5822000000477	EXP	text_clock: text = 1:2
303.5978000001907	EXP	text_clock: text = 1:2
303.6148000001907	EXP	text_clock: text = 1:2
303.63120000004767	EXP	text_clock: text = 1:2
303.6479000000954	EXP	text_clock: text = 1:2
303.664600000143	EXP	text_clock: text = 1:2
303.6985	EXP	text_clock: text = 1:1
303.71430000019075	EXP	text_clock: text = 1:1
303.7162000000477	EXP	text_clock: text = 1:1
303.73130000019074	EXP	text_clock: text = 1:1
303.7642000000477	EXP	text_clock: text = 1:1
303.76610000014307	EXP	text_clock: text = 1:1
303.7817000000477	EXP	text_clock: text = 1:1
303.79810000014305	EXP	text_clock: text = 1:1
303.8152000000477	EXP	text_clock: text = 1:1
303.8315	EXP	text_clock: text = 1:1
303.84810000014306	EXP	text_clock: text = 1:1
303.86490000009536	EXP	text_clock: text = 1:1
303.882	EXP	text_clock: text = 1:1
303.89820000004767	EXP	text_clock: text = 1:1
303.91540000009536	EXP	text_clock: text = 1:1
303.93220000004766	EXP	text_clock: text = 1:1
303.9483000001907	EXP	text_clock: text = 1:1
303.9653000001907	EXP	text_clock: text = 1:1
303.98180000019073	EXP	text_clock: text = 1:1
303.9984000000954	EXP	text_clock: text = 1:1
304.0152000000477	EXP	text_clock: text = 1:1
304.0325	EXP	text_clock: text = 1:1
304.04860000014304	EXP	text_clock: text = 1:1
304.06560000014304	EXP	text_clock: text = 1:1
304.082	EXP	text_clock: text = 1:1
304.09860000014305	EXP	text_clock: text = 1:1
304.11560000014305	EXP	text_clock: text = 1:1
304.13190000009536	EXP	text_clock: text = 1:1
304.1657000000477	EXP	text_clock: text = 1:1
304.16770000004766	EXP	text_clock: text = 1:1
304.182	EXP	text_clock: text = 1:1
304.1988000001907	EXP	text_clock: text = 1:1
304.216	EXP	text_clock: text = 1:1
304.2323000001907	EXP	text_clock: text = 1:1
304.2488000001907	EXP	text_clock: text = 1:1
304.2658000001907	EXP	text_clock: text = 1:1
304.28230000019073	EXP	text_clock: text = 1:1
304.299100000143	EXP	text_clock: text = 1:1
304.316	EXP	text_clock: text = 1:1
304.3485	EXP	text_clock: text = 1:1
304.35080000019076	EXP	text_clock: text = 1:1
304.3657000000477	EXP	text_clock: text = 1:1
304.38210000014305	EXP	text_clock: text = 1:1
304.39940000009534	EXP	text_clock: text = 1:1
304.41630000019074	EXP	text_clock: text = 1:1
304.4488000001907	EXP	text_clock: text = 1:1
304.4511000001431	EXP	text_clock: text = 1:1
304.466	EXP	text_clock: text = 1:1
304.48240000009537	EXP	text_clock: text = 1:1
304.4993000001907	EXP	text_clock: text = 1:1
304.51620000004766	EXP	text_clock: text = 1:1
304.5326000001431	EXP	text_clock: text = 1:1
304.5493000001907	EXP	text_clock: text = 1:1
304.5659000000954	EXP	text_clock: text = 1:1
304.58260000014303	EXP	text_clock: text = 1:1
304.5997000000477	EXP	text_clock: text = 1:1
304.616	EXP	text_clock: text = 1:1
304.6327000000477	EXP	text_clock: text = 1:1
304.64960000014304	EXP	text_clock: text = 1:1
304.66630000019074	EXP	text_clock: text = 1:1
304.69910000014306	EXP	text_clock: text = 1:0
304.7155	EXP	text_clock: text = 1:0
304.71770000004767	EXP	text_clock: text = 1:0
304.73290000009536	EXP	text_clock: text = 1:0
304.7495	EXP	text_clock: text = 1:0
304.7667000000477	EXP	text_clock: text = 1:0
304.78290000009537	EXP	text_clock: text = 1:0
304.7998000001907	EXP	text_clock: text = 1:0
304.81670000004766	EXP	text_clock: text = 1:0
304.833	EXP	text_clock: text = 1:0
304.8501000001431	EXP	text_clock: text = 1:0
304.8665	EXP	text_clock: text = 1:0
304.88280000019074	EXP	text_clock: text = 1:0
304.900100000143	EXP	text_clock: text = 1:0
304.91660000014303	EXP	text_clock: text = 1:0
304.93380000019073	EXP	text_clock: text = 1:0
304.9504000000954	EXP	text_clock: text = 1:0
304.96660000014305	EXP	text_clock: text = 1:0
304.9832000000477	EXP	text_clock: text = 1:0
305.0004000000954	EXP	text_clock: text = 1:0
305.0181000001431	EXP	text_clock: text = 1:0
305.0335	EXP	text_clock: text = 1:0
305.05060000014305	EXP	text_clock: text = 1:0
305.0668000001907	EXP	text_clock: text = 1:0
305.0835	EXP	text_clock: text = 1:0
305.1167000000477	EXP	text_clock: text = 1:0
305.11860000014303	EXP	text_clock: text = 1:0
305.14980000019074	EXP	text_clock: text = 1:0
305.152	EXP	text_clock: text = 1:0
305.18310000014304	EXP	text_clock: text = 1:0
305.2	EXP	text_clock: text = 1:0
305.20210000014305	EXP	text_clock: text = 1:0
305.21710000014303	EXP	text_clock: text = 1:0
305.23360000014304	EXP	text_clock: text = 1:0
305.25060000014304	EXP	text_clock: text = 1:0
305.28320000004766	EXP	text_clock: text = 1:0
305.2837000000477	DATA	Keydown: 1
305.3002000000477	EXP	inputTyping: text = 1
305.3002000000477	EXP	text_clock: text = 1:0
305.3165	EXP	text_clock: text = 1:0
305.31910000014307	EXP	text_clock: text = 1:0
305.33380000019076	EXP	text_clock: text = 1:0
305.3507000000477	EXP	text_clock: text = 1:0
305.36710000014307	EXP	text_clock: text = 1:0
305.384	EXP	text_clock: text = 1:0
305.4008000001907	EXP	text_clock: text = 1:0
305.4335	EXP	text_clock: text = 1:0
305.4359000000954	EXP	text_clock: text = 1:0
305.46680000019074	EXP	text_clock: text = 1:0
305.48360000014304	EXP	text_clock: text = 1:0
305.5	EXP	text_clock: text = 1:0
305.50210000014306	EXP	text_clock: text = 1:0
305.5174000000954	EXP	text_clock: text = 1:0
305.53410000014304	EXP	text_clock: text = 1:0
305.5512000000477	EXP	text_clock: text = 1:0
305.56760000014305	EXP	text_clock: text = 1:0
305.5847000000477	EXP	text_clock: text = 1:0
305.6015	EXP	text_clock: text = 1:0
305.6177000000477	EXP	text_clock: text = 1:0
305.6347000000477	EXP	text_clock: text = 1:0
305.65090000009536	EXP	text_clock: text = 1:0
305.6694000000954	EXP	text_clock: text = 1:0
305.7009000000954	EXP	text_clock: text = 0:59
305.71710000014303	EXP	text_clock: text = 0:59
305.7176000001431	DATA	Keydown: 6
305.73410000014303	EXP	inputTyping: text = 16
305.73410000014303	EXP	text_clock: text = 0:59
305.7504000000954	EXP	text_clock: text = 0:59
305.76730000019074	EXP	text_clock: text = 0:59
305.7842000000477	EXP	text_clock: text = 0:59
305.80110000014304	EXP	text_clock: text = 0:59
305.80330000019075	EXP	text_clock: text = 0:59
305.81780000019074	EXP	text_clock: text = 0:59
305.8347000000477	EXP	text_clock: text = 0:59
305.85130000019075	EXP	text_clock: text = 0:59
305.86790000009535	EXP	text_clock: text = 0:59
305.87040000009534	DATA	Keydown: Enter
305.9015	EXP	text_clock: text = 0:59
305.9015	EXP	fixation: autoDraw = null
305.9015	EXP	Questions: autoDraw = null
305.9015	EXP	inputTyping: autoDraw = null
305.9015	EXP	text_clock: autoDraw = null
305.9015	EXP	timerBorder: autoDraw = null
305.9015	EXP	reminderText2: autoDraw = null
305.9015	EXP	trial_textCounter: autoDraw = null
305.9015	EXP	text_clock: autoDraw = null
305.9015	EXP	inputTyping: text = _
305.9015	EXP	Questions: text = 4 × 6 =
305.9015	EXP	inputTyping: text = null
305.9015	EXP	trial_textCounter: text = Trial Number: 16/60
305.9015	EXP	fixation: autoDraw = true
305.9015	EXP	text_clock: autoDraw = true
305.9015	EXP	text_clock: text = 0:59
305.9015	EXP	timerBorder: autoDraw = true
305.9015	EXP	trial_textCounter: autoDraw = true
305.90360000014306	EXP	text_clock: text = 0:59
305.91790000009536	EXP	text_clock: text = 0:59
305.9352000000477	EXP	text_clock: text = 0:59
305.9515	EXP	text_clock: text = 0:59
305.9685	EXP	text_clock: text = 0:59
305.9852000000477	EXP	text_clock: text = 0:59
306.01780000019073	EXP	text_clock: text = 0:59
306.03460000014303	EXP	text_clock: text = 0:59
306.03660000014304	EXP	text_clock: text = 0:59
306.0517000000477	EXP	text_clock: text = 0:59
306.06850000000003	EXP	text_clock: text = 0:59
306.08510000014303	EXP	text_clock: text = 0:59
306.11790000009535	EXP	text_clock: text = 0:59
306.11980000019076	EXP	text_clock: text = 0:59
306.13530000019074	EXP	fixation: autoDraw = null
306.13530000019074	EXP	text_clock: text = 0:59
306.168	EXP	Questions: autoDraw = true
306.168	EXP	inputTyping: autoDraw = true
306.168	EXP	text_clock: text = 0:59
306.168	EXP	reminderText2: autoDraw = true
306.17010000014307	EXP	text_clock: text = 0:59
306.18540000009534	EXP	text_clock: text = 0:59
306.20180000019076	EXP	text_clock: text = 0:59
306.235	EXP	text_clock: text = 0:59
306.2369000000954	EXP	text_clock: text = 0:59
306.252	EXP	text_clock: text = 0:59
306.26890000009536	EXP	text_clock: text = 0:59
306.2857000000477	EXP	text_clock: text = 0:59
306.31830000019073	EXP	text_clock: text = 0:59
306.3207000000477	EXP	text_clock: text = 0:59
306.3515	EXP	text_clock: text = 0:59
306.3537000000477	EXP	text_clock: text = 0:59
306.3689000000954	EXP	text_clock: text = 0:59
306.38530000019074	EXP	text_clock: text = 0:59
306.4022000000477	EXP	text_clock: text = 0:59
306.4189000000954	EXP	text_clock: text = 0:59
306.43580000019074	EXP	text_clock: text = 0:59
306.45210000014305	EXP	text_clock: text = 0:59
306.469	EXP	text_clock: text = 0:59
306.48560000014305	EXP	text_clock: text = 0:59
306.50210000014306	EXP	text_clock: text = 0:59
306.51910000014306	EXP	text_clock: text = 0:59
306.53560000014306	EXP	text_clock: text = 0:59
306.55240000009536	EXP	text_clock: text = 0:59
306.5695	EXP	text_clock: text = 0:59
306.6019000000954	EXP	text_clock: text = 0:59
306.6042000000477	EXP	text_clock: text = 0:59
306.6195	EXP	text_clock: text = 0:59
306.6359000000954	EXP	text_clock: text = 0:59
306.65360000014306	EXP	text_clock: text = 0:59
306.68580000019074	EXP	text_clock: text = 0:58
306.702	EXP	text_clock: text = 0:58
306.7042000000477	EXP	text_clock: text = 0:58
306.7197000000477	EXP	text_clock: text = 0:58
306.7522000000477	EXP	text_clock: text = 0:58
306.7545	EXP	text_clock: text = 0:58
306.7695	EXP	text_clock: text = 0:58
306.8023000001907	EXP	text_clock: text = 0:58
306.80460000014307	EXP	text_clock: text = 0:58
306.81960000014305	EXP	text_clock: text = 0:58
306.83630000019076	EXP	text_clock: text = 0:58
306.8528000001907	EXP	text_clock: text = 0:58
306.86980000019076	EXP	text_clock: text = 0:58
306.90230000019073	EXP	text_clock: text = 0:58
306.90460000014303	EXP	text_clock: text = 0:58
306.92	EXP	text_clock: text = 0:58
306.9364000000954	EXP	text_clock: text = 0:58
306.9533000001907	EXP	text_clock: text = 0:58
306.96980000019073	EXP	text_clock: text = 0:58
307.00260000014305	EXP	text_clock: text = 0:58
307.00480000019076	EXP	text_clock: text = 0:58
307.02010000014303	EXP	text_clock: text = 0:58
307.03630000019075	EXP	text_clock: text = 0:58
307.05310000014305	EXP	text_clock: text = 0:58
307.07010000014304	EXP	text_clock: text = 0:58
307.0865	EXP	text_clock: text = 0:58
307.10330000019076	EXP	text_clock: text = 0:58
307.12010000014305	EXP	text_clock: text = 0:58
307.13660000014306	EXP	text_clock: text = 0:58
307.15340000009536	EXP	text_clock: text = 0:58
307.17030000019076	EXP	text_clock: text = 0:58
307.1868000001907	EXP	text_clock: text = 0:58
307.2199000000954	EXP	text_clock: text = 0:58
307.22210000014303	EXP	text_clock: text = 0:58
307.2367000000477	EXP	text_clock: text = 0:58
307.2535	EXP	text_clock: text = 0:58
307.2705	EXP	text_clock: text = 0:58
307.28680000019074	EXP	text_clock: text = 0:58
307.3039000000954	EXP	text_clock: text = 0:58
307.3205	EXP	text_clock: text = 0:58
307.337	EXP	text_clock: text = 0:58
307.3537000000477	EXP	text_clock: text = 0:58
307.3865	EXP	text_clock: text = 0:58
307.38890000009536	EXP	text_clock: text = 0:58
307.40410000014305	EXP	text_clock: text = 0:58
307.42030000019076	EXP	text_clock: text = 0:58
307.437	EXP	text_clock: text = 0:58
307.4542000000477	EXP	text_clock: text = 0:58
307.4705	EXP	text_clock: text = 0:58
307.4871000001431	EXP	text_clock: text = 0:58
307.50420000004766	EXP	text_clock: text = 0:58
307.53660000014304	EXP	text_clock: text = 0:58
307.5392000000477	EXP	text_clock: text = 0:58
307.554	EXP	text_clock: text = 0:58
307.5867000000477	EXP	text_clock: text = 0:58
307.589	EXP	text_clock: text = 0:58
307.60410000014303	EXP	text_clock: text = 0:58
307.62110000014303	EXP	text_clock: text = 0:58
307.6374000000954	EXP	text_clock: text = 0:58
307.6544000000954	EXP	text_clock: text = 0:58
307.68690000009536	EXP	text_clock: text = 0:57
307.7038000001907	EXP	text_clock: text = 0:57
307.706	EXP	text_clock: text = 0:57
307.715100000143	DATA	Keydown: 2
307.7369000000954	EXP	inputTyping: text = 2
307.7369000000954	EXP	text_clock: text = 0:57
307.754	EXP	text_clock: text = 0:57
307.77010000014303	EXP	text_clock: text = 0:57
307.787100000143	EXP	text_clock: text = 0:57
307.7894000000954	EXP	text_clock: text = 0:57
307.80460000014307	EXP	text_clock: text = 0:57
307.821	EXP	text_clock: text = 0:57
307.837600000143	EXP	text_clock: text = 0:57
307.85470000004767	EXP	text_clock: text = 0:57
307.8872000000477	EXP	text_clock: text = 0:57
307.88980000019075	EXP	text_clock: text = 0:57
307.9044000000954	EXP	text_clock: text = 0:57
307.92080000019075	EXP	text_clock: text = 0:57
307.9552000000477	EXP	text_clock: text = 0:57
307.95570000004767	DATA	Keydown: 4
307.97130000019075	EXP	inputTyping: text = 24
307.97130000019075	EXP	text_clock: text = 0:57
307.98740000009536	EXP	text_clock: text = 0:57
307.98960000014307	EXP	text_clock: text = 0:57
308.0206000001431	EXP	text_clock: text = 0:57
308.0228000001907	EXP	text_clock: text = 0:57
308.038	EXP	text_clock: text = 0:57
308.05460000014307	EXP	text_clock: text = 0:57
308.06190000009536	DATA	Keydown: Enter
308.0875	EXP	text_clock: text = 0:57
308.0875	EXP	fixation: autoDraw = null
308.0875	EXP	Questions: autoDraw = null
308.0875	EXP	inputTyping: autoDraw = null
308.0875	EXP	text_clock: autoDraw = null
308.0875	EXP	timerBorder: autoDraw = null
308.0875	EXP	reminderText2: autoDraw = null
308.0875	EXP	trial_textCounter: autoDraw = null
308.0875	EXP	text_clock: autoDraw = null
308.0875	EXP	inputTyping: text = _
308.0875	EXP	Questions: text = 7 × 3 =
308.0875	EXP	inputTyping: text = null
308.0875	EXP	trial_textCounter: text = Trial Number: 17/60
308.0875	EXP	fixation: autoDraw = true
308.0875	EXP	text_clock: autoDraw = true
308.0875	EXP	text_clock: text = 0:57
308.0875	EXP	timerBorder: autoDraw = true
308.0875	EXP	trial_textCounter: autoDraw = true
308.0895	EXP	text_clock: text = 0:57
308.10510000014307	EXP	text_clock: text = 0:57
308.1215	EXP	text_clock: text = 0:57
308.1386000001431	EXP	text_clock: text = 0:57
308.1551000001431	EXP	text_clock: text = 0:57
308.1715	EXP	text_clock: text = 0:57
308.188600000143	EXP	text_clock: text = 0:57
308.20480000019074	EXP	text_clock: text = 0:57
308.2215	EXP	text_clock: text = 0:57
308.23860000014304	EXP	text_clock: text = 0:57
308.25530000019074	EXP	text_clock: text = 0:57
308.27210000014304	EXP	text_clock: text = 0:57
308.2885	EXP	text_clock: text = 0:57
308.30540000009535	EXP	text_clock: text = 0:57
308.3381000001431	EXP	fixation: autoDraw = null
308.3381000001431	EXP	text_clock: text = 0:57
308.3544000000954	EXP	Questions: autoDraw = true
308.3544000000954	EXP	inputTyping: autoDraw = true
308.3544000000954	EXP	text_clock: text = 0:57
308.3544000000954	EXP	reminderText2: autoDraw = true
308.35660000014303	EXP	text_clock: text = 0:57
308.3718000001907	EXP	text_clock: text = 0:57
308.3888000001907	EXP	text_clock: text = 0:57
308.4055	EXP	text_clock: text = 0:57
308.4219000000954	EXP	text_clock: text = 0:57
308.4387000000477	EXP	text_clock: text = 0:57
308.45530000019073	EXP	text_clock: text = 0:57
308.4719000000954	EXP	text_clock: text = 0:57
308.4889000000954	EXP	text_clock: text = 0:57
308.5055	EXP	text_clock: text = 0:57
308.52210000014304	EXP	text_clock: text = 0:57
308.55540000009535	EXP	text_clock: text = 0:57
308.55760000014305	EXP	text_clock: text = 0:57
308.57210000014305	EXP	text_clock: text = 0:57
308.589	EXP	text_clock: text = 0:57
308.60560000014306	EXP	text_clock: text = 0:57
308.6239000000954	EXP	text_clock: text = 0:57
308.63940000009535	EXP	text_clock: text = 0:57
308.6717000000477	EXP	text_clock: text = 0:57
308.6887000000477	EXP	text_clock: text = 0:56
308.705	EXP	text_clock: text = 0:56
308.7074000000954	EXP	text_clock: text = 0:56
308.72270000004767	EXP	text_clock: text = 0:56
308.7389000000954	EXP	text_clock: text = 0:56
308.75580000019073	EXP	text_clock: text = 0:56
308.7724000000954	EXP	text_clock: text = 0:56
308.7895	EXP	text_clock: text = 0:56
308.822	EXP	text_clock: text = 0:56
308.82430000019076	EXP	text_clock: text = 0:56
308.8395	EXP	text_clock: text = 0:56
308.85580000019075	EXP	text_clock: text = 0:56
308.87260000014305	EXP	text_clock: text = 0:56
308.88980000019075	EXP	text_clock: text = 0:56
308.90590000009536	EXP	text_clock: text = 0:56
308.923	EXP	text_clock: text = 0:56
308.93980000019076	EXP	text_clock: text = 0:56
308.95590000009537	EXP	text_clock: text = 0:56
308.97310000014306	EXP	text_clock: text = 0:56
308.9892000000477	EXP	text_clock: text = 0:56
309.00600000000003	EXP	text_clock: text = 0:56
309.0231000001431	EXP	text_clock: text = 0:56
309.0398000001907	EXP	text_clock: text = 0:56
309.0562000000477	EXP	text_clock: text = 0:56
309.073	EXP	text_clock: text = 0:56
309.0895	EXP	text_clock: text = 0:56
309.10680000019073	EXP	text_clock: text = 0:56
309.123	EXP	text_clock: text = 0:56
309.14010000014304	EXP	text_clock: text = 0:56
309.15630000019075	EXP	text_clock: text = 0:56
309.189	EXP	text_clock: text = 0:56
309.1915	EXP	text_clock: text = 0:56
309.2065	EXP	text_clock: text = 0:56
309.22340000009535	EXP	text_clock: text = 0:56
309.2402000000477	EXP	text_clock: text = 0:56
309.25640000009537	EXP	text_clock: text = 0:56
309.27340000009536	EXP	text_clock: text = 0:56
309.29	EXP	text_clock: text = 0:56
309.3066000001431	EXP	text_clock: text = 0:56
309.3399000000954	EXP	text_clock: text = 0:56
309.3422000000477	EXP	text_clock: text = 0:56
309.35660000014303	EXP	text_clock: text = 0:56
309.3735	EXP	text_clock: text = 0:56
309.40640000009535	EXP	text_clock: text = 0:56
309.4072000000477	DATA	Keydown: 2
309.42310000014305	EXP	inputTyping: text = 2
309.42310000014305	EXP	text_clock: text = 0:56
309.43940000009536	EXP	text_clock: text = 0:56
309.44190000009536	EXP	text_clock: text = 0:56
309.45680000019075	EXP	text_clock: text = 0:56
309.47330000019076	EXP	text_clock: text = 0:56
309.4902000000477	EXP	text_clock: text = 0:56
309.5036000001431	DATA	Keydown: 1
309.52320000004767	EXP	inputTyping: text = 21
309.52320000004767	EXP	text_clock: text = 0:56
309.539600000143	EXP	text_clock: text = 0:56
309.54180000019073	EXP	text_clock: text = 0:56
309.5734000000954	EXP	text_clock: text = 0:56
309.5754000000954	EXP	text_clock: text = 0:56
309.59130000019076	EXP	text_clock: text = 0:56
309.60720000004767	EXP	text_clock: text = 0:56
309.623600000143	EXP	text_clock: text = 0:56
309.65660000014304	EXP	text_clock: text = 0:56
309.6735	EXP	text_clock: text = 0:56
309.68990000009535	EXP	text_clock: text = 0:55
309.70680000019075	EXP	text_clock: text = 0:55
309.7074000000954	DATA	Keydown: Enter
309.72360000014305	EXP	text_clock: text = 0:55
309.72360000014305	EXP	fixation: autoDraw = null
309.72360000014305	EXP	Questions: autoDraw = null
309.72360000014305	EXP	inputTyping: autoDraw = null
309.72360000014305	EXP	text_clock: autoDraw = null
309.72360000014305	EXP	timerBorder: autoDraw = null
309.72360000014305	EXP	reminderText2: autoDraw = null
309.72360000014305	EXP	trial_textCounter: autoDraw = null
309.72360000014305	EXP	text_clock: autoDraw = null
309.72360000014305	EXP	inputTyping: text = _
309.72360000014305	EXP	Questions: text = 9 × 3 =
309.72360000014305	EXP	inputTyping: text = null
309.72360000014305	EXP	trial_textCounter: text = Trial Number: 18/60
309.72360000014305	EXP	fixation: autoDraw = true
309.72360000014305	EXP	text_clock: autoDraw = true
309.72360000014305	EXP	text_clock: text = 0:55
309.72360000014305	EXP	timerBorder: autoDraw = true
309.72360000014305	EXP	trial_textCounter: autoDraw = true
309.72540000009536	EXP	text_clock: text = 0:55
309.74040000009535	EXP	text_clock: text = 0:55
309.7572000000477	EXP	text_clock: text = 0:55
309.79010000014307	EXP	text_clock: text = 0:55
309.79240000009537	EXP	text_clock: text = 0:55
309.80740000009536	EXP	text_clock: text = 0:55
309.82440000009535	EXP	text_clock: text = 0:55
309.8408000001907	EXP	text_clock: text = 0:55
309.85740000009537	EXP	text_clock: text = 0:55
309.8745	EXP	text_clock: text = 0:55
309.89110000014307	EXP	text_clock: text = 0:55
309.924100000143	EXP	text_clock: text = 0:55
309.9262000000477	EXP	text_clock: text = 0:55
309.9572000000477	EXP	text_clock: text = 0:55
309.9592000000477	EXP	fixation: autoDraw = null
309.9592000000477	EXP	text_clock: text = 0:55
309.99040000009535	EXP	Questions: autoDraw = true
309.99040000009535	EXP	inputTyping: autoDraw = true
309.99040000009535	EXP	text_clock: text = 0:55
309.99040000009535	EXP	reminderText2: autoDraw = true
309.99240000009536	EXP	text_clock: text = 0:55
310.00780000019074	EXP	text_clock: text = 0:55
310.02460000014304	EXP	text_clock: text = 0:55
310.0415	EXP	text_clock: text = 0:55
310.05790000009534	EXP	text_clock: text = 0:55
310.09060000014307	EXP	text_clock: text = 0:55
310.09360000014306	EXP	text_clock: text = 0:55
310.1243000001907	EXP	text_clock: text = 0:55
310.1263000001907	EXP	text_clock: text = 0:55
310.1413000001907	EXP	text_clock: text = 0:55
310.174	EXP	text_clock: text = 0:55
310.1764000000954	EXP	text_clock: text = 0:55
310.1912000000477	EXP	text_clock: text = 0:55
310.2081000001431	EXP	text_clock: text = 0:55
310.24080000019075	EXP	text_clock: text = 0:55
310.2432000000477	EXP	text_clock: text = 0:55
310.25830000019073	EXP	text_clock: text = 0:55
310.2749000000954	EXP	text_clock: text = 0:55
310.2915	EXP	text_clock: text = 0:55
310.3085	EXP	text_clock: text = 0:55
310.3249000000954	EXP	text_clock: text = 0:55
310.3415	EXP	text_clock: text = 0:55
310.35830000019075	EXP	text_clock: text = 0:55
310.375	EXP	text_clock: text = 0:55
310.3915	EXP	text_clock: text = 0:55
310.4085	EXP	text_clock: text = 0:55
310.42510000014306	EXP	text_clock: text = 0:55
310.44160000014307	EXP	text_clock: text = 0:55
310.45890000009535	EXP	text_clock: text = 0:55
310.4753000001907	EXP	text_clock: text = 0:55
310.4917000000477	EXP	text_clock: text = 0:55
310.5086000001431	EXP	text_clock: text = 0:55
310.5414000000954	EXP	text_clock: text = 0:55
310.54380000019074	EXP	text_clock: text = 0:55
310.55880000019073	EXP	text_clock: text = 0:55
310.59140000009535	EXP	text_clock: text = 0:55
310.5935	EXP	text_clock: text = 0:55
310.609	EXP	text_clock: text = 0:55
310.64160000014306	EXP	text_clock: text = 0:55
310.64370000004766	EXP	text_clock: text = 0:55
310.65860000014305	EXP	text_clock: text = 0:55
310.69160000014307	EXP	text_clock: text = 0:54
310.708	EXP	text_clock: text = 0:54
310.7103000001907	EXP	text_clock: text = 0:54
310.7253000001907	EXP	text_clock: text = 0:54
310.7423000001907	EXP	text_clock: text = 0:54
310.7592000000477	EXP	text_clock: text = 0:54
310.7755	EXP	text_clock: text = 0:54
310.79260000014307	EXP	text_clock: text = 0:54
310.80940000009537	EXP	text_clock: text = 0:54
310.8419000000954	EXP	text_clock: text = 0:54
310.844	EXP	text_clock: text = 0:54
310.859	EXP	text_clock: text = 0:54
310.892	EXP	text_clock: text = 0:54
310.89430000019075	EXP	text_clock: text = 0:54
310.9094000000954	EXP	text_clock: text = 0:54
310.926	EXP	text_clock: text = 0:54
310.9425	EXP	text_clock: text = 0:54
310.97520000004766	EXP	text_clock: text = 0:54
310.97770000004766	EXP	text_clock: text = 0:54
310.9927000000477	EXP	text_clock: text = 0:54
311.009	EXP	text_clock: text = 0:54
311.02590000009536	EXP	text_clock: text = 0:54
311.04270000004766	EXP	text_clock: text = 0:54
311.05940000009537	EXP	text_clock: text = 0:54
311.076	EXP	text_clock: text = 0:54
311.0928000001907	EXP	text_clock: text = 0:54
311.1255	EXP	text_clock: text = 0:54
311.14230000019074	EXP	text_clock: text = 0:54
311.14440000009535	EXP	text_clock: text = 0:54
311.1594000000954	EXP	text_clock: text = 0:54
311.1764000000954	EXP	text_clock: text = 0:54
311.193	EXP	text_clock: text = 0:54
311.2095	EXP	text_clock: text = 0:54
311.22610000014305	EXP	text_clock: text = 0:54
311.24310000014304	EXP	text_clock: text = 0:54
311.2597000000477	EXP	text_clock: text = 0:54
311.27630000019076	EXP	text_clock: text = 0:54
311.3089000000954	EXP	text_clock: text = 0:54
311.3113000001907	EXP	text_clock: text = 0:54
311.32640000009536	EXP	text_clock: text = 0:54
311.34320000004766	EXP	text_clock: text = 0:54
311.3598000001907	EXP	text_clock: text = 0:54
311.3764000000954	EXP	text_clock: text = 0:54
311.3935	EXP	text_clock: text = 0:54
311.426	EXP	text_clock: text = 0:54
311.4285	EXP	text_clock: text = 0:54
311.44370000004767	EXP	text_clock: text = 0:54
311.4599000000954	EXP	text_clock: text = 0:54
311.47660000014304	EXP	text_clock: text = 0:54
311.4935	EXP	text_clock: text = 0:54
311.5105	EXP	text_clock: text = 0:54
311.51890000009536	DATA	Keydown: 2
311.5432000000477	EXP	inputTyping: text = 2
311.5432000000477	EXP	text_clock: text = 0:54
311.55940000009537	EXP	text_clock: text = 0:54
311.57640000009536	EXP	text_clock: text = 0:54
311.5933000001907	EXP	text_clock: text = 0:54
311.59540000009537	EXP	text_clock: text = 0:54
311.61010000014306	EXP	text_clock: text = 0:54
311.64280000019073	EXP	text_clock: text = 0:54
311.6595	EXP	text_clock: text = 0:54
311.6764000000954	EXP	text_clock: text = 0:54
311.69350000000003	EXP	text_clock: text = 0:53
311.7097000000477	EXP	text_clock: text = 0:53
311.7117000000477	EXP	text_clock: text = 0:53
311.7275	EXP	text_clock: text = 0:53
311.74360000014303	EXP	text_clock: text = 0:53
311.76030000019074	EXP	text_clock: text = 0:53
311.79360000014304	EXP	text_clock: text = 0:53
311.79560000014305	EXP	text_clock: text = 0:53
311.81060000014304	EXP	text_clock: text = 0:53
311.8274000000954	EXP	text_clock: text = 0:53
311.84560000014307	EXP	text_clock: text = 0:53
311.861	EXP	text_clock: text = 0:53
311.87760000014305	EXP	text_clock: text = 0:53
311.8882000000477	DATA	Keydown: 7
311.91	EXP	inputTyping: text = 27
311.91	EXP	text_clock: text = 0:53
311.927	EXP	text_clock: text = 0:53
311.9291000001431	EXP	text_clock: text = 0:53
311.94370000004767	EXP	text_clock: text = 0:53
311.96110000014306	EXP	text_clock: text = 0:53
311.9775	EXP	text_clock: text = 0:53
311.9939000000954	EXP	text_clock: text = 0:53
312.0109000000954	EXP	text_clock: text = 0:53
312.0233000001907	DATA	Keydown: Enter
312.0439000000954	EXP	text_clock: text = 0:53
312.0439000000954	EXP	fixation: autoDraw = null
312.0439000000954	EXP	Questions: autoDraw = null
312.0439000000954	EXP	inputTyping: autoDraw = null
312.0439000000954	EXP	text_clock: autoDraw = null
312.0439000000954	EXP	timerBorder: autoDraw = null
312.0439000000954	EXP	reminderText2: autoDraw = null
312.0439000000954	EXP	trial_textCounter: autoDraw = null
312.0439000000954	EXP	text_clock: autoDraw = null
312.0439000000954	EXP	inputTyping: text = _
312.0439000000954	EXP	Questions: text = 4 × 7 =
312.0439000000954	EXP	inputTyping: text = null
312.0439000000954	EXP	trial_textCounter: text = Trial Number: 19/60
312.0439000000954	EXP	fixation: autoDraw = true
312.0439000000954	EXP	text_clock: autoDraw = true
312.0439000000954	EXP	text_clock: text = 0:53
312.0439000000954	EXP	timerBorder: autoDraw = true
312.0439000000954	EXP	trial_textCounter: autoDraw = true
312.04560000014305	EXP	text_clock: text = 0:53
312.0612000000477	EXP	text_clock: text = 0:53
312.07760000014304	EXP	text_clock: text = 0:53
312.09430000019074	EXP	text_clock: text = 0:53
312.11090000009534	EXP	text_clock: text = 0:53
312.14370000004766	EXP	text_clock: text = 0:53
312.1605	EXP	text_clock: text = 0:53
312.163	EXP	text_clock: text = 0:53
312.17780000019076	EXP	text_clock: text = 0:53
312.2106000001431	EXP	text_clock: text = 0:53
312.2131000001431	EXP	text_clock: text = 0:53
312.22830000019076	EXP	text_clock: text = 0:53
312.24440000009537	EXP	text_clock: text = 0:53
312.26120000004767	EXP	text_clock: text = 0:53
312.27810000014307	EXP	fixation: autoDraw = null
312.27810000014307	EXP	text_clock: text = 0:53
312.3107000000477	EXP	Questions: autoDraw = true
312.3107000000477	EXP	inputTyping: autoDraw = true
312.3107000000477	EXP	text_clock: text = 0:53
312.3107000000477	EXP	reminderText2: autoDraw = true
312.32760000014304	EXP	text_clock: text = 0:53
312.32960000014305	EXP	text_clock: text = 0:53
312.3444000000954	EXP	text_clock: text = 0:53
312.3615	EXP	text_clock: text = 0:53
312.3782000000477	EXP	text_clock: text = 0:53
312.39480000019074	EXP	text_clock: text = 0:53
312.41140000009534	EXP	text_clock: text = 0:53
312.4289000000954	EXP	text_clock: text = 0:53
312.44480000019075	EXP	text_clock: text = 0:53
312.47790000009536	EXP	text_clock: text = 0:53
312.47990000009537	EXP	text_clock: text = 0:53
312.496	EXP	text_clock: text = 0:53
312.5115	EXP	text_clock: text = 0:53
312.5442000000477	EXP	text_clock: text = 0:53
312.5612000000477	EXP	text_clock: text = 0:53
312.578100000143	EXP	text_clock: text = 0:53
312.59430000019074	EXP	text_clock: text = 0:53
312.6112000000477	EXP	text_clock: text = 0:53
312.62830000019073	EXP	text_clock: text = 0:53
312.64460000014304	EXP	text_clock: text = 0:53
312.66140000009534	EXP	text_clock: text = 0:53
312.6784000000954	EXP	text_clock: text = 0:53
312.69460000014305	EXP	text_clock: text = 0:52
312.71160000014305	EXP	text_clock: text = 0:52
312.72840000009535	EXP	text_clock: text = 0:52
312.74460000014307	EXP	text_clock: text = 0:52
312.74690000009537	EXP	text_clock: text = 0:52
312.7629000000954	EXP	text_clock: text = 0:52
312.77820000004766	EXP	text_clock: text = 0:52
312.81170000004767	EXP	text_clock: text = 0:52
312.8137000000477	EXP	text_clock: text = 0:52
312.8449000000954	EXP	text_clock: text = 0:52
312.8474000000954	EXP	text_clock: text = 0:52
312.86220000004766	EXP	text_clock: text = 0:52
312.8785	EXP	text_clock: text = 0:52
312.91180000019074	EXP	text_clock: text = 0:52
312.914	EXP	text_clock: text = 0:52
312.9287000000477	EXP	text_clock: text = 0:52
312.9455	EXP	text_clock: text = 0:52
312.9624000000954	EXP	text_clock: text = 0:52
312.97910000014303	EXP	text_clock: text = 0:52
312.9957000000477	EXP	text_clock: text = 0:52
313.0125	EXP	text_clock: text = 0:52
313.02910000014305	EXP	text_clock: text = 0:52
313.04580000019075	EXP	text_clock: text = 0:52
313.0627000000477	EXP	text_clock: text = 0:52
313.09520000004767	EXP	text_clock: text = 0:52
313.1121000001431	EXP	text_clock: text = 0:52
313.12830000019073	EXP	text_clock: text = 0:52
313.14530000019073	EXP	text_clock: text = 0:52
313.1622000000477	EXP	text_clock: text = 0:52
313.1792000000477	EXP	text_clock: text = 0:52
313.1955	EXP	text_clock: text = 0:52
313.2124000000954	EXP	text_clock: text = 0:52
313.22860000014305	EXP	text_clock: text = 0:52
313.24560000014304	EXP	text_clock: text = 0:52
313.2625	EXP	text_clock: text = 0:52
313.2787000000477	EXP	text_clock: text = 0:52
313.2957000000477	EXP	text_clock: text = 0:52
313.31260000014305	EXP	text_clock: text = 0:52
313.3288000001907	EXP	text_clock: text = 0:52
313.34570000004766	EXP	text_clock: text = 0:52
313.3625	EXP	text_clock: text = 0:52
313.37890000009537	EXP	text_clock: text = 0:52
313.39570000004767	EXP	text_clock: text = 0:52
313.39640000009535	DATA	Keydown: 2
313.41270000004766	EXP	inputTyping: text = 2
313.41270000004766	EXP	text_clock: text = 0:52
313.4289000000954	EXP	text_clock: text = 0:52
313.4459000000954	EXP	text_clock: text = 0:52
313.4628000001907	EXP	text_clock: text = 0:52
313.47910000014303	EXP	text_clock: text = 0:52
313.496	EXP	text_clock: text = 0:52
313.51280000019074	EXP	text_clock: text = 0:52
313.52960000014303	EXP	text_clock: text = 0:52
313.546	EXP	text_clock: text = 0:52
313.563	EXP	text_clock: text = 0:52
313.57930000019076	EXP	text_clock: text = 0:52
313.59610000014305	EXP	text_clock: text = 0:52
313.61310000014305	EXP	text_clock: text = 0:52
313.6293000001907	EXP	text_clock: text = 0:52
313.6462000000477	EXP	text_clock: text = 0:52
313.6632000000477	EXP	text_clock: text = 0:52
313.67940000009537	EXP	text_clock: text = 0:52
313.69640000009537	EXP	text_clock: text = 0:51
313.7133000001907	EXP	text_clock: text = 0:51
313.7295	EXP	text_clock: text = 0:51
313.7466000001431	EXP	text_clock: text = 0:51
313.7634000000954	EXP	text_clock: text = 0:51
313.77960000014303	EXP	text_clock: text = 0:51
313.7965	EXP	text_clock: text = 0:51
313.8135	EXP	text_clock: text = 0:51
313.8297000000477	EXP	text_clock: text = 0:51
313.84660000014304	EXP	text_clock: text = 0:51
313.8635	EXP	text_clock: text = 0:51
313.8797000000477	EXP	text_clock: text = 0:51
313.89660000014305	EXP	text_clock: text = 0:51
313.9135	EXP	text_clock: text = 0:51
313.92990000009536	EXP	text_clock: text = 0:51
313.94680000019076	EXP	text_clock: text = 0:51
313.9637000000477	EXP	text_clock: text = 0:51
313.98	EXP	text_clock: text = 0:51
313.99690000009537	EXP	text_clock: text = 0:51
314.01390000009536	EXP	text_clock: text = 0:51
314.01480000019075	DATA	Keydown: 8
314.0301000001431	EXP	inputTyping: text = 28
314.0301000001431	EXP	text_clock: text = 0:51
314.047	EXP	text_clock: text = 0:51
314.06330000019074	EXP	text_clock: text = 0:51
314.08	EXP	text_clock: text = 0:51
314.08210000014304	EXP	text_clock: text = 0:51
314.09710000014303	EXP	text_clock: text = 0:51
314.114	EXP	text_clock: text = 0:51
314.12240000009535	DATA	Keydown: Enter
314.14710000014304	EXP	text_clock: text = 0:51
314.14710000014304	EXP	fixation: autoDraw = null
314.14710000014304	EXP	Questions: autoDraw = null
314.14710000014304	EXP	inputTyping: autoDraw = null
314.14710000014304	EXP	text_clock: autoDraw = null
314.14710000014304	EXP	timerBorder: autoDraw = null
314.14710000014304	EXP	reminderText2: autoDraw = null
314.14710000014304	EXP	trial_textCounter: autoDraw = null
314.14710000014304	EXP	text_clock: autoDraw = null
314.14710000014304	EXP	inputTyping: text = _
314.14710000014304	EXP	Questions: text = 2 × 9 =
314.14710000014304	EXP	inputTyping: text = null
314.14710000014304	EXP	trial_textCounter: text = Trial Number: 20/60
314.14710000014304	EXP	fixation: autoDraw = true
314.14710000014304	EXP	text_clock: autoDraw = true
314.14710000014304	EXP	text_clock: text = 0:51
314.14710000014304	EXP	timerBorder: autoDraw = true
314.14710000014304	EXP	trial_textCounter: autoDraw = true
314.14890000009535	EXP	text_clock: text = 0:51
314.1802000000477	EXP	text_clock: text = 0:51
314.18260000014305	EXP	text_clock: text = 0:51
314.1977000000477	EXP	text_clock: text = 0:51
314.2144000000954	EXP	text_clock: text = 0:51
314.23110000014304	EXP	text_clock: text = 0:51
314.24790000009534	EXP	text_clock: text = 0:51
314.2805	EXP	text_clock: text = 0:51
314.29740000009537	EXP	text_clock: text = 0:51
314.29970000004766	EXP	text_clock: text = 0:51
314.3145	EXP	text_clock: text = 0:51
314.33110000014307	EXP	text_clock: text = 0:51
314.34810000014306	EXP	text_clock: text = 0:51
314.3643000001907	EXP	text_clock: text = 0:51
314.3813000001907	EXP	fixation: autoDraw = null
314.3813000001907	EXP	text_clock: text = 0:51
314.41430000019074	EXP	Questions: autoDraw = true
314.41430000019074	EXP	inputTyping: autoDraw = true
314.41430000019074	EXP	text_clock: text = 0:51
314.41430000019074	EXP	reminderText2: autoDraw = true
314.41630000019074	EXP	text_clock: text = 0:51
314.44710000014305	EXP	text_clock: text = 0:51
314.4495	EXP	text_clock: text = 0:51
314.48080000019075	EXP	text_clock: text = 0:51
314.483	EXP	text_clock: text = 0:51
314.514	EXP	text_clock: text = 0:51
314.5163000001907	EXP	text_clock: text = 0:51
314.53130000019075	EXP	text_clock: text = 0:51
314.548	EXP	text_clock: text = 0:51
314.581	EXP	text_clock: text = 0:51
314.5974000000954	EXP	text_clock: text = 0:51
314.599600000143	EXP	text_clock: text = 0:51
314.6311000001431	EXP	text_clock: text = 0:51
314.6334000000954	EXP	text_clock: text = 0:51
314.6481000001431	EXP	text_clock: text = 0:51
314.6647000000477	EXP	text_clock: text = 0:51
314.69740000009534	EXP	text_clock: text = 0:50
314.71430000019075	EXP	text_clock: text = 0:50
314.71630000019076	EXP	text_clock: text = 0:50
314.7323000001907	EXP	text_clock: text = 0:50
314.7482000000477	EXP	text_clock: text = 0:50
314.765	EXP	text_clock: text = 0:50
314.78180000019074	EXP	text_clock: text = 0:50
314.81460000014306	EXP	text_clock: text = 0:50
314.83140000009536	EXP	text_clock: text = 0:50
314.8335	EXP	text_clock: text = 0:50
314.84860000014305	EXP	text_clock: text = 0:50
314.86510000014306	EXP	text_clock: text = 0:50
314.8822000000477	EXP	text_clock: text = 0:50
314.8985	EXP	text_clock: text = 0:50
314.91540000009536	EXP	text_clock: text = 0:50
314.93210000014307	EXP	text_clock: text = 0:50
314.96480000019073	EXP	text_clock: text = 0:50
314.9812000000477	EXP	text_clock: text = 0:50
314.9835	EXP	text_clock: text = 0:50
314.998600000143	EXP	text_clock: text = 0:50
315.0154000000954	EXP	text_clock: text = 0:50
315.03230000019073	EXP	text_clock: text = 0:50
315.0487000000477	EXP	text_clock: text = 0:50
315.06560000014304	EXP	text_clock: text = 0:50
315.0825	EXP	text_clock: text = 0:50
315.09880000019075	EXP	text_clock: text = 0:50
315.11560000014305	EXP	text_clock: text = 0:50
315.13240000009534	EXP	text_clock: text = 0:50
315.149	EXP	text_clock: text = 0:50
315.16560000014306	EXP	text_clock: text = 0:50
315.18280000019075	EXP	text_clock: text = 0:50
315.19890000009536	EXP	text_clock: text = 0:50
315.21630000019076	EXP	text_clock: text = 0:50
315.2323000001907	EXP	text_clock: text = 0:50
315.249	EXP	text_clock: text = 0:50
315.2657000000477	EXP	text_clock: text = 0:50
315.28210000014303	EXP	text_clock: text = 0:50
315.299100000143	EXP	text_clock: text = 0:50
315.316	EXP	text_clock: text = 0:50
315.3329000000954	EXP	text_clock: text = 0:50
315.36560000014305	EXP	text_clock: text = 0:50
315.36610000014304	DATA	Keydown: 1
315.38210000014305	EXP	inputTyping: text = 1
315.38210000014305	EXP	text_clock: text = 0:50
315.39940000009534	EXP	text_clock: text = 0:50
315.40160000014305	EXP	text_clock: text = 0:50
315.4171000001431	EXP	text_clock: text = 0:50
315.43280000019075	EXP	text_clock: text = 0:50
315.44940000009535	EXP	text_clock: text = 0:50
315.46640000009535	EXP	text_clock: text = 0:50
315.4989000000954	EXP	text_clock: text = 0:50
315.51590000009537	EXP	text_clock: text = 0:50
315.5328000001907	EXP	text_clock: text = 0:50
315.549	EXP	text_clock: text = 0:50
315.5659000000954	EXP	text_clock: text = 0:50
315.58210000014304	EXP	text_clock: text = 0:50
315.59910000014304	EXP	text_clock: text = 0:50
315.616	EXP	text_clock: text = 0:50
315.633	EXP	text_clock: text = 0:50
315.64910000014305	EXP	text_clock: text = 0:50
315.66610000014305	EXP	text_clock: text = 0:50
315.683	EXP	text_clock: text = 0:50
315.69930000019076	EXP	text_clock: text = 0:49
315.71730000019073	EXP	text_clock: text = 0:49
315.7332000000477	EXP	text_clock: text = 0:49
315.7493000001907	EXP	text_clock: text = 0:49
315.7663000001907	EXP	text_clock: text = 0:49
315.78330000019076	EXP	text_clock: text = 0:49
315.7994000000954	EXP	text_clock: text = 0:49
315.81640000009537	EXP	text_clock: text = 0:49
315.83260000014303	EXP	text_clock: text = 0:49
315.849600000143	EXP	text_clock: text = 0:49
315.8664000000954	EXP	text_clock: text = 0:49
315.8827000000477	EXP	text_clock: text = 0:49
315.89960000014304	EXP	text_clock: text = 0:49
315.9165	EXP	text_clock: text = 0:49
315.93280000019075	EXP	text_clock: text = 0:49
315.9497000000477	EXP	text_clock: text = 0:49
315.96660000014305	EXP	text_clock: text = 0:49
315.96710000014303	DATA	Keydown: 8
315.98290000009536	EXP	inputTyping: text = 18
315.98290000009536	EXP	text_clock: text = 0:49
315.99980000019076	EXP	text_clock: text = 0:49
316.00210000014306	EXP	text_clock: text = 0:49
316.0172000000477	EXP	text_clock: text = 0:49
316.03340000009536	EXP	text_clock: text = 0:49
316.0502000000477	EXP	text_clock: text = 0:49
316.0668000001907	EXP	text_clock: text = 0:49
316.08380000019076	EXP	text_clock: text = 0:49
316.10040000009536	EXP	text_clock: text = 0:49
316.11690000009537	EXP	text_clock: text = 0:49
316.1502000000477	EXP	text_clock: text = 0:49
316.151	DATA	Keydown: Enter
316.1664000000954	EXP	text_clock: text = 0:49
316.1664000000954	EXP	fixation: autoDraw = null
316.1664000000954	EXP	Questions: autoDraw = null
316.1664000000954	EXP	inputTyping: autoDraw = null
316.1664000000954	EXP	text_clock: autoDraw = null
316.1664000000954	EXP	timerBorder: autoDraw = null
316.1664000000954	EXP	reminderText2: autoDraw = null
316.1664000000954	EXP	trial_textCounter: autoDraw = null
316.1664000000954	EXP	text_clock: autoDraw = null
316.1664000000954	EXP	inputTyping: text = _
316.1664000000954	EXP	Questions: text = 9 × 8 =
316.1664000000954	EXP	inputTyping: text = null
316.1664000000954	EXP	trial_textCounter: text = Trial Number: 21/60
316.1664000000954	EXP	fixation: autoDraw = true
316.1664000000954	EXP	text_clock: autoDraw = true
316.1664000000954	EXP	text_clock: text = 0:49
316.1664000000954	EXP	timerBorder: autoDraw = true
316.1664000000954	EXP	trial_textCounter: autoDraw = true
316.1685	EXP	text_clock: text = 0:49
316.1837000000477	EXP	text_clock: text = 0:49
316.2005	EXP	text_clock: text = 0:49
316.2172000000477	EXP	text_clock: text = 0:49
316.25030000019075	EXP	text_clock: text = 0:49
316.25260000014305	EXP	text_clock: text = 0:49
316.28340000009536	EXP	text_clock: text = 0:49
316.30030000019076	EXP	text_clock: text = 0:49
316.3025	EXP	text_clock: text = 0:49
316.31760000014305	EXP	text_clock: text = 0:49
316.35040000009536	EXP	text_clock: text = 0:49
316.3528000001907	EXP	text_clock: text = 0:49
316.3836000001431	EXP	text_clock: text = 0:49
316.3859000000954	EXP	text_clock: text = 0:49
316.40110000014306	EXP	fixation: autoDraw = null
316.40110000014306	EXP	text_clock: text = 0:49
316.43380000019073	EXP	Questions: autoDraw = true
316.43380000019073	EXP	inputTyping: autoDraw = true
316.43380000019073	EXP	text_clock: text = 0:49
316.43380000019073	EXP	reminderText2: autoDraw = true
316.4357000000477	EXP	text_clock: text = 0:49
316.4509000000954	EXP	text_clock: text = 0:49
316.46770000004767	EXP	text_clock: text = 0:49
316.4844000000954	EXP	text_clock: text = 0:49
316.5014000000954	EXP	text_clock: text = 0:49
316.5177000000477	EXP	text_clock: text = 0:49
316.5345	EXP	text_clock: text = 0:49
316.55130000019074	EXP	text_clock: text = 0:49
316.56780000019074	EXP	text_clock: text = 0:49
316.58460000014304	EXP	text_clock: text = 0:49
316.6014000000954	EXP	text_clock: text = 0:49
316.61790000009535	EXP	text_clock: text = 0:49
316.65090000009536	EXP	text_clock: text = 0:49
316.6533000001907	EXP	text_clock: text = 0:49
316.6841000001431	EXP	text_clock: text = 0:49
316.70140000009536	EXP	text_clock: text = 0:48
316.718	EXP	text_clock: text = 0:48
316.7342000000477	EXP	text_clock: text = 0:48
316.7512000000477	EXP	text_clock: text = 0:48
316.7674000000954	EXP	text_clock: text = 0:48
316.7842000000477	EXP	text_clock: text = 0:48
316.8012000000477	EXP	text_clock: text = 0:48
316.8175	EXP	text_clock: text = 0:48
316.83440000009534	EXP	text_clock: text = 0:48
316.8512000000477	EXP	text_clock: text = 0:48
316.86760000014306	EXP	text_clock: text = 0:48
316.8845	EXP	text_clock: text = 0:48
316.90140000009535	EXP	text_clock: text = 0:48
316.91760000014307	EXP	text_clock: text = 0:48
316.9345	EXP	text_clock: text = 0:48
316.9515	EXP	text_clock: text = 0:48
316.9678000001907	EXP	text_clock: text = 0:48
316.9848000001907	EXP	text_clock: text = 0:48
317.0015	EXP	text_clock: text = 0:48
317.01780000019073	EXP	text_clock: text = 0:48
317.0348000001907	EXP	text_clock: text = 0:48
317.051600000143	EXP	text_clock: text = 0:48
317.0679000000954	EXP	text_clock: text = 0:48
317.08480000019074	EXP	text_clock: text = 0:48
317.10180000019074	EXP	text_clock: text = 0:48
317.118	EXP	text_clock: text = 0:48
317.135	EXP	text_clock: text = 0:48
317.1519000000954	EXP	text_clock: text = 0:48
317.16810000014306	EXP	text_clock: text = 0:48
317.185	EXP	text_clock: text = 0:48
317.20190000009535	EXP	text_clock: text = 0:48
317.21820000004766	EXP	text_clock: text = 0:48
317.23510000014306	EXP	text_clock: text = 0:48
317.25190000009536	EXP	text_clock: text = 0:48
317.2683000001907	EXP	text_clock: text = 0:48
317.28520000004767	EXP	text_clock: text = 0:48
317.30210000014307	EXP	text_clock: text = 0:48
317.3184000000954	EXP	text_clock: text = 0:48
317.3356000001431	EXP	text_clock: text = 0:48
317.33820000004766	EXP	text_clock: text = 0:48
317.3695	EXP	text_clock: text = 0:48
317.37190000009537	EXP	text_clock: text = 0:48
317.3857000000477	EXP	text_clock: text = 0:48
317.4024000000954	EXP	text_clock: text = 0:48
317.41910000014303	EXP	text_clock: text = 0:48
317.4357000000477	EXP	text_clock: text = 0:48
317.46860000014306	EXP	text_clock: text = 0:48
317.48540000009535	EXP	text_clock: text = 0:48
317.48740000009536	EXP	text_clock: text = 0:48
317.50240000009535	EXP	text_clock: text = 0:48
317.51910000014306	EXP	text_clock: text = 0:48
317.5365	EXP	text_clock: text = 0:48
317.55280000019076	EXP	text_clock: text = 0:48
317.5695	EXP	text_clock: text = 0:48
317.5862000000477	EXP	text_clock: text = 0:48
317.60270000004766	EXP	text_clock: text = 0:48
317.61940000009537	EXP	text_clock: text = 0:48
317.6365	EXP	text_clock: text = 0:48
317.65290000009537	EXP	text_clock: text = 0:48
317.686	EXP	text_clock: text = 0:47
317.70210000014305	EXP	text_clock: text = 0:47
317.7192000000477	EXP	text_clock: text = 0:47
317.736	EXP	text_clock: text = 0:47
317.7522000000477	EXP	text_clock: text = 0:47
317.7692000000477	EXP	text_clock: text = 0:47
317.78610000014305	EXP	text_clock: text = 0:47
317.80210000014307	EXP	text_clock: text = 0:47
317.81910000014307	EXP	text_clock: text = 0:47
317.8362000000477	EXP	text_clock: text = 0:47
317.8525	EXP	text_clock: text = 0:47
317.86940000009537	EXP	text_clock: text = 0:47
317.8863000001907	EXP	text_clock: text = 0:47
317.9025	EXP	text_clock: text = 0:47
317.9194000000954	EXP	text_clock: text = 0:47
317.9364000000954	EXP	text_clock: text = 0:47
317.95260000014304	EXP	text_clock: text = 0:47
317.9695	EXP	text_clock: text = 0:47
317.98630000019074	EXP	text_clock: text = 0:47
318.0032000000477	EXP	text_clock: text = 0:47
318.01960000014304	EXP	text_clock: text = 0:47
318.0204000000954	DATA	Keydown: 7
318.0365	EXP	inputTyping: text = 7
318.0365	EXP	text_clock: text = 0:47
318.05280000019076	EXP	text_clock: text = 0:47
318.0697000000477	EXP	text_clock: text = 0:47
318.0867000000477	EXP	text_clock: text = 0:47
318.10290000009536	EXP	text_clock: text = 0:47
318.12030000019075	EXP	text_clock: text = 0:47
318.12490000009535	EXP	text_clock: text = 0:47
318.153	EXP	text_clock: text = 0:47
318.16990000009537	EXP	text_clock: text = 0:47
318.172	EXP	text_clock: text = 0:47
318.187	EXP	text_clock: text = 0:47
318.20360000014307	EXP	text_clock: text = 0:47
318.2369000000954	EXP	text_clock: text = 0:47
318.2389000000954	EXP	text_clock: text = 0:47
318.27010000014303	EXP	text_clock: text = 0:47
318.27230000019074	EXP	text_clock: text = 0:47
318.2872000000477	EXP	text_clock: text = 0:47
318.30380000019073	EXP	text_clock: text = 0:47
318.33640000009535	EXP	text_clock: text = 0:47
318.3387000000477	EXP	text_clock: text = 0:47
318.35470000004767	EXP	text_clock: text = 0:47
318.37030000019075	EXP	text_clock: text = 0:47
318.38730000019075	EXP	text_clock: text = 0:47
318.4042000000477	EXP	text_clock: text = 0:47
318.42080000019075	EXP	text_clock: text = 0:47
318.45340000009537	EXP	text_clock: text = 0:47
318.45570000004767	EXP	text_clock: text = 0:47
318.47130000019075	EXP	text_clock: text = 0:47
318.48720000004766	EXP	text_clock: text = 0:47
318.50420000004766	EXP	text_clock: text = 0:47
318.521	EXP	text_clock: text = 0:47
318.5537000000477	EXP	text_clock: text = 0:47
318.5559000000954	EXP	text_clock: text = 0:47
318.5709000000954	EXP	text_clock: text = 0:47
318.57710000014305	DATA	Keydown: 2
318.60380000019074	EXP	inputTyping: text = 72
318.60380000019074	EXP	text_clock: text = 0:47
318.62010000014305	EXP	text_clock: text = 0:47
318.637	EXP	text_clock: text = 0:47
318.65390000009535	EXP	text_clock: text = 0:47
318.656	EXP	text_clock: text = 0:47
318.68830000019074	EXP	text_clock: text = 0:46
318.70390000009536	EXP	text_clock: text = 0:46
318.70440000009535	DATA	Keydown: Enter
318.72020000004767	EXP	text_clock: text = 0:46
318.72020000004767	EXP	fixation: autoDraw = null
318.72020000004767	EXP	Questions: autoDraw = null
318.72020000004767	EXP	inputTyping: autoDraw = null
318.72020000004767	EXP	text_clock: autoDraw = null
318.72020000004767	EXP	timerBorder: autoDraw = null
318.72020000004767	EXP	reminderText2: autoDraw = null
318.72020000004767	EXP	trial_textCounter: autoDraw = null
318.72020000004767	EXP	text_clock: autoDraw = null
318.72020000004767	EXP	inputTyping: text = _
318.72020000004767	EXP	Questions: text = 7 × 6 =
318.72020000004767	EXP	inputTyping: text = null
318.72020000004767	EXP	trial_textCounter: text = Trial Number: 22/60
318.72020000004767	EXP	fixation: autoDraw = true
318.72020000004767	EXP	text_clock: autoDraw = true
318.72020000004767	EXP	text_clock: text = 0:46
318.72020000004767	EXP	timerBorder: autoDraw = true
318.72020000004767	EXP	trial_textCounter: autoDraw = true
318.73780000019076	EXP	text_clock: text = 0:46
318.74010000014306	EXP	text_clock: text = 0:46
318.75480000019076	EXP	text_clock: text = 0:46
318.77110000014306	EXP	text_clock: text = 0:46
318.78770000004766	EXP	text_clock: text = 0:46
318.8045	EXP	text_clock: text = 0:46
318.83730000019074	EXP	text_clock: text = 0:46
318.8395	EXP	text_clock: text = 0:46
318.85490000009537	EXP	text_clock: text = 0:46
318.8712000000477	EXP	text_clock: text = 0:46
318.888	EXP	text_clock: text = 0:46
318.9047000000477	EXP	text_clock: text = 0:46
318.93760000014305	EXP	text_clock: text = 0:46
318.93990000009535	EXP	text_clock: text = 0:46
318.95480000019074	EXP	fixation: autoDraw = null
318.95480000019074	EXP	text_clock: text = 0:46
318.98780000019076	EXP	Questions: autoDraw = true
318.98780000019076	EXP	inputTyping: autoDraw = true
318.98780000019076	EXP	text_clock: text = 0:46
318.98780000019076	EXP	reminderText2: autoDraw = true
318.9898000001907	EXP	text_clock: text = 0:46
319.005	EXP	text_clock: text = 0:46
319.02140000009535	EXP	text_clock: text = 0:46
319.03810000014306	EXP	text_clock: text = 0:46
319.05510000014306	EXP	text_clock: text = 0:46
319.0717000000477	EXP	text_clock: text = 0:46
319.08840000009536	EXP	text_clock: text = 0:46
319.10510000014307	EXP	text_clock: text = 0:46
319.1222000000477	EXP	text_clock: text = 0:46
319.1384000000954	EXP	text_clock: text = 0:46
319.15540000009537	EXP	text_clock: text = 0:46
319.17180000019073	EXP	text_clock: text = 0:46
319.1884000000954	EXP	text_clock: text = 0:46
319.20550000000003	EXP	text_clock: text = 0:46
319.238	EXP	text_clock: text = 0:46
319.2402000000477	EXP	text_clock: text = 0:46
319.25560000014303	EXP	text_clock: text = 0:46
319.27210000014304	EXP	text_clock: text = 0:46
319.2887000000477	EXP	text_clock: text = 0:46
319.30580000019074	EXP	text_clock: text = 0:46
319.32210000014305	EXP	text_clock: text = 0:46
319.35520000004766	EXP	text_clock: text = 0:46
319.3571000001431	EXP	text_clock: text = 0:46
319.3882000000477	EXP	text_clock: text = 0:46
319.3904000000954	EXP	text_clock: text = 0:46
319.40570000004766	EXP	text_clock: text = 0:46
319.422	EXP	text_clock: text = 0:46
319.4389000000954	EXP	text_clock: text = 0:46
319.45610000014307	EXP	text_clock: text = 0:46
319.4885	EXP	text_clock: text = 0:46
319.49080000019075	EXP	text_clock: text = 0:46
319.50600000000003	EXP	text_clock: text = 0:46
319.5222000000477	EXP	text_clock: text = 0:46
319.53910000014304	EXP	text_clock: text = 0:46
319.55560000014304	EXP	text_clock: text = 0:46
319.57230000019075	EXP	text_clock: text = 0:46
319.58910000014305	EXP	text_clock: text = 0:46
319.606	EXP	text_clock: text = 0:46
319.6225	EXP	text_clock: text = 0:46
319.6392000000477	EXP	text_clock: text = 0:46
319.6562000000477	EXP	text_clock: text = 0:46
319.6889000000954	EXP	text_clock: text = 0:45
319.7052000000477	EXP	text_clock: text = 0:45
319.7075	EXP	text_clock: text = 0:45
319.7225	EXP	text_clock: text = 0:45
319.7395	EXP	text_clock: text = 0:45
319.77210000014304	EXP	text_clock: text = 0:45
319.789	EXP	text_clock: text = 0:45
319.8059000000954	EXP	text_clock: text = 0:45
319.82210000014305	EXP	text_clock: text = 0:45
319.83910000014305	EXP	text_clock: text = 0:45
319.85610000014304	EXP	text_clock: text = 0:45
319.87230000019076	EXP	text_clock: text = 0:45
319.88930000019076	EXP	text_clock: text = 0:45
319.9062000000477	EXP	text_clock: text = 0:45
319.9223000001907	EXP	text_clock: text = 0:45
319.93920000004766	EXP	text_clock: text = 0:45
319.95620000004766	EXP	text_clock: text = 0:45
319.9725	EXP	text_clock: text = 0:45
319.9893000001907	EXP	text_clock: text = 0:45
320.0063000001907	EXP	text_clock: text = 0:45
320.02260000014303	EXP	text_clock: text = 0:45
320.0395	EXP	text_clock: text = 0:45
320.0564000000954	EXP	text_clock: text = 0:45
320.07260000014304	EXP	text_clock: text = 0:45
320.08960000014304	EXP	text_clock: text = 0:45
320.1065	EXP	text_clock: text = 0:45
320.123	EXP	text_clock: text = 0:45
320.12710000014306	EXP	text_clock: text = 0:45
320.15610000014306	EXP	text_clock: text = 0:45
320.15830000019076	EXP	text_clock: text = 0:45
320.17340000009534	EXP	text_clock: text = 0:45
320.1902000000477	EXP	text_clock: text = 0:45
320.2067000000477	EXP	text_clock: text = 0:45
320.22340000009535	EXP	text_clock: text = 0:45
320.24030000019076	EXP	text_clock: text = 0:45
320.2568000001907	EXP	text_clock: text = 0:45
320.2737000000477	EXP	text_clock: text = 0:45
320.29130000019074	EXP	text_clock: text = 0:45
320.3075	EXP	text_clock: text = 0:45
320.3236000001431	EXP	text_clock: text = 0:45
320.3405	EXP	text_clock: text = 0:45
320.3417000000477	DATA	Keydown: 4
320.35740000009537	EXP	inputTyping: text = 4
320.35740000009537	EXP	text_clock: text = 0:45
320.39010000014304	EXP	text_clock: text = 0:45
320.392	EXP	text_clock: text = 0:45
320.4074000000954	EXP	text_clock: text = 0:45
320.42360000014304	EXP	text_clock: text = 0:45
320.4409000000954	EXP	text_clock: text = 0:45
320.47330000019076	EXP	text_clock: text = 0:45
320.47560000014306	EXP	text_clock: text = 0:45
320.4915	EXP	text_clock: text = 0:45
320.5054000000954	DATA	Keydown: 2
320.52340000009536	EXP	inputTyping: text = 42
320.52340000009536	EXP	text_clock: text = 0:45
320.5403000001907	EXP	text_clock: text = 0:45
320.54220000004767	EXP	text_clock: text = 0:45
320.55760000014305	EXP	text_clock: text = 0:45
320.5742000000477	EXP	text_clock: text = 0:45
320.6067000000477	EXP	text_clock: text = 0:45
320.623600000143	EXP	text_clock: text = 0:45
320.626100000143	EXP	text_clock: text = 0:45
320.65680000019074	EXP	text_clock: text = 0:45
320.6587000000477	EXP	text_clock: text = 0:45
320.69	EXP	text_clock: text = 0:44
320.70690000009535	EXP	text_clock: text = 0:44
320.7072000000477	DATA	Keydown: Enter
320.72380000019075	EXP	text_clock: text = 0:44
320.72380000019075	EXP	fixation: autoDraw = null
320.72380000019075	EXP	Questions: autoDraw = null
320.72380000019075	EXP	inputTyping: autoDraw = null
320.72380000019075	EXP	text_clock: autoDraw = null
320.72380000019075	EXP	timerBorder: autoDraw = null
320.72380000019075	EXP	reminderText2: autoDraw = null
320.72380000019075	EXP	trial_textCounter: autoDraw = null
320.72380000019075	EXP	text_clock: autoDraw = null
320.72380000019075	EXP	inputTyping: text = _
320.72380000019075	EXP	Questions: text = 6 × 9 =
320.72380000019075	EXP	inputTyping: text = null
320.72380000019075	EXP	trial_textCounter: text = Trial Number: 23/60
320.72380000019075	EXP	fixation: autoDraw = true
320.72380000019075	EXP	text_clock: autoDraw = true
320.72380000019075	EXP	text_clock: text = 0:44
320.72380000019075	EXP	timerBorder: autoDraw = true
320.72380000019075	EXP	trial_textCounter: autoDraw = true
320.7257000000477	EXP	text_clock: text = 0:44
320.74060000014305	EXP	text_clock: text = 0:44
320.75730000019075	EXP	text_clock: text = 0:44
320.77440000009534	EXP	text_clock: text = 0:44
320.80730000019076	EXP	text_clock: text = 0:44
320.80960000014306	EXP	text_clock: text = 0:44
320.82440000009535	EXP	text_clock: text = 0:44
320.8571000001431	EXP	text_clock: text = 0:44
320.86010000014306	EXP	text_clock: text = 0:44
320.89110000014307	EXP	text_clock: text = 0:44
320.8933000001907	EXP	text_clock: text = 0:44
320.90790000009537	EXP	text_clock: text = 0:44
320.924100000143	EXP	text_clock: text = 0:44
320.95730000019074	EXP	text_clock: text = 0:44
320.95960000014304	EXP	fixation: autoDraw = null
320.95960000014304	EXP	text_clock: text = 0:44
320.99060000014305	EXP	Questions: autoDraw = true
320.99060000014305	EXP	inputTyping: autoDraw = true
320.99060000014305	EXP	text_clock: text = 0:44
320.99060000014305	EXP	reminderText2: autoDraw = true
320.99240000009536	EXP	text_clock: text = 0:44
321.02430000019075	EXP	text_clock: text = 0:44
321.0275	EXP	text_clock: text = 0:44
321.0419000000954	EXP	text_clock: text = 0:44
321.05830000019074	EXP	text_clock: text = 0:44
321.07510000014304	EXP	text_clock: text = 0:44
321.09140000009535	EXP	text_clock: text = 0:44
321.10830000019075	EXP	text_clock: text = 0:44
321.14090000009537	EXP	text_clock: text = 0:44
321.14280000019073	EXP	text_clock: text = 0:44
321.17470000004766	EXP	text_clock: text = 0:44
321.17720000004766	EXP	text_clock: text = 0:44
321.20780000019073	EXP	text_clock: text = 0:44
321.2103000001907	EXP	text_clock: text = 0:44
321.2253000001907	EXP	text_clock: text = 0:44
321.2416000001431	EXP	text_clock: text = 0:44
321.2586000001431	EXP	text_clock: text = 0:44
321.2753000001907	EXP	text_clock: text = 0:44
321.30790000009534	EXP	text_clock: text = 0:44
321.31030000019075	EXP	text_clock: text = 0:44
321.325600000143	EXP	text_clock: text = 0:44
321.34160000014305	EXP	text_clock: text = 0:44
321.3585	EXP	text_clock: text = 0:44
321.37510000014305	EXP	text_clock: text = 0:44
321.3917000000477	EXP	text_clock: text = 0:44
321.4087000000477	EXP	text_clock: text = 0:44
321.4255	EXP	text_clock: text = 0:44
321.4583000001907	EXP	text_clock: text = 0:44
321.4604000000954	EXP	text_clock: text = 0:44
321.4757000000477	EXP	text_clock: text = 0:44
321.49220000004766	EXP	text_clock: text = 0:44
321.5088000001907	EXP	text_clock: text = 0:44
321.5253000001907	EXP	text_clock: text = 0:44
321.5421000001431	EXP	text_clock: text = 0:44
321.5591000001431	EXP	text_clock: text = 0:44
321.5757000000477	EXP	text_clock: text = 0:44
321.60930000019073	EXP	text_clock: text = 0:44
321.62530000019075	EXP	text_clock: text = 0:44
321.6417000000477	EXP	text_clock: text = 0:44
321.65860000014305	EXP	text_clock: text = 0:44
321.67490000009536	EXP	text_clock: text = 0:44
321.69170000004766	EXP	text_clock: text = 0:43
321.7085	EXP	text_clock: text = 0:43
321.7255	EXP	text_clock: text = 0:43
321.7418000001907	EXP	text_clock: text = 0:43
321.7588000001907	EXP	text_clock: text = 0:43
321.7758000001907	EXP	text_clock: text = 0:43
321.7919000000954	EXP	text_clock: text = 0:43
321.8089000000954	EXP	text_clock: text = 0:43
321.82510000014304	EXP	text_clock: text = 0:43
321.842	EXP	text_clock: text = 0:43
321.8589000000954	EXP	text_clock: text = 0:43
321.87530000019075	EXP	text_clock: text = 0:43
321.892	EXP	text_clock: text = 0:43
321.909	EXP	text_clock: text = 0:43
321.92530000019076	EXP	text_clock: text = 0:43
321.9422000000477	EXP	text_clock: text = 0:43
321.9592000000477	EXP	text_clock: text = 0:43
321.97540000009536	EXP	text_clock: text = 0:43
321.9923000001907	EXP	text_clock: text = 0:43
322.00930000019076	EXP	text_clock: text = 0:43
322.012	EXP	text_clock: text = 0:43
322.02660000014305	EXP	text_clock: text = 0:43
322.05940000009537	EXP	text_clock: text = 0:43
322.0616000001431	EXP	text_clock: text = 0:43
322.0761000001431	EXP	text_clock: text = 0:43
322.09310000014307	EXP	text_clock: text = 0:43
322.1098000001907	EXP	text_clock: text = 0:43
322.1268000001907	EXP	text_clock: text = 0:43
322.14300000000003	EXP	text_clock: text = 0:43
322.16	EXP	text_clock: text = 0:43
322.17630000019074	EXP	text_clock: text = 0:43
322.1932000000477	EXP	text_clock: text = 0:43
322.2097000000477	EXP	text_clock: text = 0:43
322.2264000000954	EXP	text_clock: text = 0:43
322.24330000019074	EXP	text_clock: text = 0:43
322.2609000000954	EXP	text_clock: text = 0:43
322.2634000000954	DATA	Keydown: 5
322.2928000001907	EXP	inputTyping: text = 5
322.2928000001907	EXP	text_clock: text = 0:43
322.30920000004767	EXP	text_clock: text = 0:43
322.3259000000954	EXP	text_clock: text = 0:43
322.34290000009537	EXP	text_clock: text = 0:43
322.3453000001907	EXP	text_clock: text = 0:43
322.36	EXP	text_clock: text = 0:43
322.37670000004766	EXP	text_clock: text = 0:43
322.39370000004766	EXP	text_clock: text = 0:43
322.3956000001431	DATA	Keydown: 4
322.4262000000477	EXP	inputTyping: text = 54
322.4262000000477	EXP	text_clock: text = 0:43
322.44310000014303	EXP	text_clock: text = 0:43
322.4452000000477	EXP	text_clock: text = 0:43
322.46010000014303	EXP	text_clock: text = 0:43
322.477	EXP	text_clock: text = 0:43
322.4939000000954	EXP	text_clock: text = 0:43
322.52630000019076	EXP	text_clock: text = 0:43
322.52860000014306	EXP	text_clock: text = 0:43
322.544	EXP	text_clock: text = 0:43
322.56040000009534	EXP	text_clock: text = 0:43
322.57680000019076	EXP	text_clock: text = 0:43
322.59380000019075	EXP	text_clock: text = 0:43
322.6265	EXP	text_clock: text = 0:43
322.6435	EXP	text_clock: text = 0:43
322.6458000001907	EXP	text_clock: text = 0:43
322.6495	DATA	Keydown: Enter
322.676600000143	EXP	text_clock: text = 0:43
322.676600000143	EXP	fixation: autoDraw = null
322.676600000143	EXP	Questions: autoDraw = null
322.676600000143	EXP	inputTyping: autoDraw = null
322.676600000143	EXP	text_clock: autoDraw = null
322.676600000143	EXP	timerBorder: autoDraw = null
322.676600000143	EXP	reminderText2: autoDraw = null
322.676600000143	EXP	trial_textCounter: autoDraw = null
322.676600000143	EXP	text_clock: autoDraw = null
322.676600000143	EXP	inputTyping: text = _
322.676600000143	EXP	Questions: text = 9 × 5 =
322.676600000143	EXP	inputTyping: text = null
322.676600000143	EXP	trial_textCounter: text = Trial Number: 24/60
322.676600000143	EXP	fixation: autoDraw = true
322.676600000143	EXP	text_clock: autoDraw = true
322.676600000143	EXP	text_clock: text = 0:43
322.676600000143	EXP	timerBorder: autoDraw = true
322.676600000143	EXP	trial_textCounter: autoDraw = true
322.6936000001431	EXP	text_clock: text = 0:42
322.7097000000477	EXP	text_clock: text = 0:42
322.7267000000477	EXP	text_clock: text = 0:42
322.7287000000477	EXP	text_clock: text = 0:42
322.74420000004767	EXP	text_clock: text = 0:42
322.7607000000477	EXP	text_clock: text = 0:42
322.7772000000477	EXP	text_clock: text = 0:42
322.794	EXP	text_clock: text = 0:42
322.82680000019076	EXP	text_clock: text = 0:42
322.82930000019076	EXP	text_clock: text = 0:42
322.84460000014303	EXP	text_clock: text = 0:42
322.877	EXP	text_clock: text = 0:42
322.879	EXP	text_clock: text = 0:42
322.89430000019075	EXP	text_clock: text = 0:42
322.92710000014307	EXP	fixation: autoDraw = null
322.92710000014307	EXP	text_clock: text = 0:42
322.94350000000003	EXP	Questions: autoDraw = true
322.94350000000003	EXP	inputTyping: autoDraw = true
322.94350000000003	EXP	text_clock: text = 0:42
322.94350000000003	EXP	reminderText2: autoDraw = true
322.9602000000477	EXP	text_clock: text = 0:42
322.962600000143	EXP	text_clock: text = 0:42
322.97770000004766	EXP	text_clock: text = 0:42
322.9943000001907	EXP	text_clock: text = 0:42
323.02730000019073	EXP	text_clock: text = 0:42
323.0442000000477	EXP	text_clock: text = 0:42
323.0462000000477	EXP	text_clock: text = 0:42
323.0614000000954	EXP	text_clock: text = 0:42
323.078	EXP	text_clock: text = 0:42
323.0944000000954	EXP	text_clock: text = 0:42
323.11110000014304	EXP	text_clock: text = 0:42
323.14440000009535	EXP	text_clock: text = 0:42
323.1465	EXP	text_clock: text = 0:42
323.17740000009536	EXP	text_clock: text = 0:42
323.17970000004766	EXP	text_clock: text = 0:42
323.19490000009534	EXP	text_clock: text = 0:42
323.2112000000477	EXP	text_clock: text = 0:42
323.228	EXP	text_clock: text = 0:42
323.24460000014307	EXP	text_clock: text = 0:42
323.263100000143	EXP	text_clock: text = 0:42
323.27820000004766	EXP	text_clock: text = 0:42
323.29520000004766	EXP	text_clock: text = 0:42
323.3115	EXP	text_clock: text = 0:42
323.34410000014304	EXP	text_clock: text = 0:42
323.3465	EXP	text_clock: text = 0:42
323.3614000000954	EXP	text_clock: text = 0:42
323.378	EXP	text_clock: text = 0:42
323.4112000000477	EXP	text_clock: text = 0:42
323.4135	EXP	text_clock: text = 0:42
323.42830000019075	EXP	text_clock: text = 0:42
323.445	EXP	text_clock: text = 0:42
323.478	EXP	text_clock: text = 0:42
323.4803000001907	EXP	text_clock: text = 0:42
323.51120000004767	EXP	text_clock: text = 0:42
323.52820000004766	EXP	text_clock: text = 0:42
323.5445	EXP	text_clock: text = 0:42
323.5613000001907	EXP	text_clock: text = 0:42
323.5782000000477	EXP	text_clock: text = 0:42
323.5945	EXP	text_clock: text = 0:42
323.6114000000954	EXP	text_clock: text = 0:42
323.6284000000954	EXP	text_clock: text = 0:42
323.64530000019073	EXP	text_clock: text = 0:42
323.6615	EXP	text_clock: text = 0:42
323.6784000000954	EXP	text_clock: text = 0:42
323.6947000000477	EXP	text_clock: text = 0:41
323.71160000014305	EXP	text_clock: text = 0:41
323.72860000014305	EXP	text_clock: text = 0:41
323.73110000014304	EXP	text_clock: text = 0:41
323.74540000009534	EXP	text_clock: text = 0:41
323.7624000000954	EXP	text_clock: text = 0:41
323.7792000000477	EXP	text_clock: text = 0:41
323.79560000014305	EXP	text_clock: text = 0:41
323.81230000019076	EXP	text_clock: text = 0:41
323.82940000009535	EXP	text_clock: text = 0:41
323.84540000009537	EXP	text_clock: text = 0:41
323.86240000009536	EXP	text_clock: text = 0:41
323.8793000001907	EXP	text_clock: text = 0:41
323.9119000000954	EXP	text_clock: text = 0:41
323.91410000014304	EXP	text_clock: text = 0:41
323.92940000009537	EXP	text_clock: text = 0:41
323.9459000000954	EXP	text_clock: text = 0:41
323.962600000143	EXP	text_clock: text = 0:41
323.9955	EXP	text_clock: text = 0:41
323.99790000009534	EXP	text_clock: text = 0:41
324.01260000014304	EXP	text_clock: text = 0:41
324.0292000000477	EXP	text_clock: text = 0:41
324.04580000019075	EXP	text_clock: text = 0:41
324.06280000019075	EXP	text_clock: text = 0:41
324.0953000001907	EXP	text_clock: text = 0:41
324.1123000001907	EXP	text_clock: text = 0:41
324.12920000004766	EXP	text_clock: text = 0:41
324.13010000014305	DATA	Keydown: 4
324.1454000000954	EXP	inputTyping: text = 4
324.1454000000954	EXP	text_clock: text = 0:41
324.1623000001907	EXP	text_clock: text = 0:41
324.1793000001907	EXP	text_clock: text = 0:41
324.1955	EXP	text_clock: text = 0:41
324.21360000014306	EXP	text_clock: text = 0:41
324.2295	EXP	text_clock: text = 0:41
324.24560000014304	EXP	text_clock: text = 0:41
324.2625	EXP	text_clock: text = 0:41
324.2635	DATA	Keydown: 5
324.2794000000954	EXP	inputTyping: text = 45
324.2794000000954	EXP	text_clock: text = 0:41
324.2957000000477	EXP	text_clock: text = 0:41
324.29760000014306	EXP	text_clock: text = 0:41
324.31330000019074	EXP	text_clock: text = 0:41
324.34590000009536	EXP	text_clock: text = 0:41
324.3482000000477	EXP	text_clock: text = 0:41
324.36330000019075	EXP	text_clock: text = 0:41
324.37960000014306	EXP	text_clock: text = 0:41
324.39640000009535	EXP	text_clock: text = 0:41
324.41360000014305	EXP	text_clock: text = 0:41
324.42990000009536	EXP	text_clock: text = 0:41
324.4465	EXP	text_clock: text = 0:41
324.455	DATA	Keydown: Enter
324.4795	EXP	text_clock: text = 0:41
324.4795	EXP	fixation: autoDraw = null
324.4795	EXP	Questions: autoDraw = null
324.4795	EXP	inputTyping: autoDraw = null
324.4795	EXP	text_clock: autoDraw = null
324.4795	EXP	timerBorder: autoDraw = null
324.4795	EXP	reminderText2: autoDraw = null
324.4795	EXP	trial_textCounter: autoDraw = null
324.4795	EXP	text_clock: autoDraw = null
324.4795	EXP	inputTyping: text = _
324.4795	EXP	Questions: text = 8 × 7 =
324.4795	EXP	inputTyping: text = null
324.4795	EXP	trial_textCounter: text = Trial Number: 25/60
324.4795	EXP	fixation: autoDraw = true
324.4795	EXP	text_clock: autoDraw = true
324.4795	EXP	text_clock: text = 0:41
324.4795	EXP	timerBorder: autoDraw = true
324.4795	EXP	trial_textCounter: autoDraw = true
324.4814000000954	EXP	text_clock: text = 0:41
324.4966000001431	EXP	text_clock: text = 0:41
324.5134000000954	EXP	text_clock: text = 0:41
324.53000000000003	EXP	text_clock: text = 0:41
324.54830000019075	EXP	text_clock: text = 0:41
324.563600000143	EXP	text_clock: text = 0:41
324.5802000000477	EXP	text_clock: text = 0:41
324.5967000000477	EXP	text_clock: text = 0:41
324.6137000000477	EXP	text_clock: text = 0:41
324.6304000000954	EXP	text_clock: text = 0:41
324.6467000000477	EXP	text_clock: text = 0:41
324.6639000000954	EXP	text_clock: text = 0:41
324.69640000009537	EXP	text_clock: text = 0:40
324.7128000001907	EXP	text_clock: text = 0:40
324.72970000004767	EXP	fixation: autoDraw = null
324.72970000004767	EXP	Questions: autoDraw = true
324.72970000004767	EXP	inputTyping: autoDraw = true
324.72970000004767	EXP	text_clock: text = 0:40
324.72970000004767	EXP	reminderText2: autoDraw = true
324.7465	EXP	text_clock: text = 0:40
324.7634000000954	EXP	text_clock: text = 0:40
324.7797000000477	EXP	text_clock: text = 0:40
324.7967000000477	EXP	text_clock: text = 0:40
324.813600000143	EXP	text_clock: text = 0:40
324.82980000019074	EXP	text_clock: text = 0:40
324.8467000000477	EXP	text_clock: text = 0:40
324.8637000000477	EXP	text_clock: text = 0:40
324.87990000009535	EXP	text_clock: text = 0:40
324.89680000019075	EXP	text_clock: text = 0:40
324.9137000000477	EXP	text_clock: text = 0:40
324.93	EXP	text_clock: text = 0:40
324.94690000009535	EXP	text_clock: text = 0:40
324.96380000019076	EXP	text_clock: text = 0:40
324.98010000014307	EXP	text_clock: text = 0:40
324.997	EXP	text_clock: text = 0:40
325.014	EXP	text_clock: text = 0:40
325.03020000004767	EXP	text_clock: text = 0:40
325.0471000001431	EXP	text_clock: text = 0:40
325.0634000000954	EXP	text_clock: text = 0:40
325.08030000019073	EXP	text_clock: text = 0:40
325.09710000014303	EXP	text_clock: text = 0:40
325.114100000143	EXP	text_clock: text = 0:40
325.1304000000954	EXP	text_clock: text = 0:40
325.14730000019074	EXP	text_clock: text = 0:40
325.1642000000477	EXP	text_clock: text = 0:40
325.18040000009535	EXP	text_clock: text = 0:40
325.1979000000954	EXP	text_clock: text = 0:40
325.21430000019075	EXP	text_clock: text = 0:40
325.23040000009536	EXP	text_clock: text = 0:40
325.2475	EXP	text_clock: text = 0:40
325.26440000009535	EXP	text_clock: text = 0:40
325.28060000014307	EXP	text_clock: text = 0:40
325.2975	EXP	text_clock: text = 0:40
325.31460000014306	EXP	text_clock: text = 0:40
325.33070000004767	EXP	text_clock: text = 0:40
325.3476000001431	EXP	text_clock: text = 0:40
325.36460000014307	EXP	text_clock: text = 0:40
325.3807000000477	EXP	text_clock: text = 0:40
325.3977000000477	EXP	text_clock: text = 0:40
325.414600000143	EXP	text_clock: text = 0:40
325.4309000000954	EXP	text_clock: text = 0:40
325.44780000019074	EXP	text_clock: text = 0:40
325.4647000000477	EXP	text_clock: text = 0:40
325.48090000009535	EXP	text_clock: text = 0:40
325.49730000019076	EXP	text_clock: text = 0:40
325.5142000000477	EXP	text_clock: text = 0:40
325.53090000009536	EXP	text_clock: text = 0:40
325.54810000014305	EXP	text_clock: text = 0:40
325.56420000004766	EXP	text_clock: text = 0:40
325.58120000004766	EXP	text_clock: text = 0:40
325.59810000014306	EXP	text_clock: text = 0:40
325.6144000000954	EXP	text_clock: text = 0:40
325.6313000001907	EXP	text_clock: text = 0:40
325.6481000001431	EXP	text_clock: text = 0:40
325.6644000000954	EXP	text_clock: text = 0:40
325.68130000019073	EXP	text_clock: text = 0:40
325.6983000001907	EXP	text_clock: text = 0:39
325.7145	EXP	text_clock: text = 0:39
325.7315	EXP	text_clock: text = 0:39
325.74830000019074	EXP	text_clock: text = 0:39
325.76460000014305	EXP	text_clock: text = 0:39
325.78140000009535	EXP	text_clock: text = 0:39
325.79840000009534	EXP	text_clock: text = 0:39
325.8147000000477	EXP	text_clock: text = 0:39
325.83160000014306	EXP	text_clock: text = 0:39
325.8485	EXP	text_clock: text = 0:39
325.8648000001907	EXP	text_clock: text = 0:39
325.88170000004766	EXP	text_clock: text = 0:39
325.89860000014306	EXP	text_clock: text = 0:39
325.9149000000954	EXP	text_clock: text = 0:39
325.9318000001907	EXP	text_clock: text = 0:39
325.9488000001907	EXP	text_clock: text = 0:39
325.965	EXP	text_clock: text = 0:39
325.9819000000954	EXP	text_clock: text = 0:39
325.9988000001907	EXP	text_clock: text = 0:39
326.01510000014304	EXP	text_clock: text = 0:39
326.0319000000954	EXP	text_clock: text = 0:39
326.0489000000954	EXP	text_clock: text = 0:39
326.0652000000477	EXP	text_clock: text = 0:39
326.082	EXP	text_clock: text = 0:39
326.099	EXP	text_clock: text = 0:39
326.11530000019076	EXP	text_clock: text = 0:39
326.13210000014305	EXP	text_clock: text = 0:39
326.14910000014305	EXP	text_clock: text = 0:39
326.1653000001907	EXP	text_clock: text = 0:39
326.18220000004766	EXP	text_clock: text = 0:39
326.20030000019074	EXP	text_clock: text = 0:39
326.21540000009537	EXP	text_clock: text = 0:39
326.2323000001907	EXP	text_clock: text = 0:39
326.2493000001907	EXP	text_clock: text = 0:39
326.2655	EXP	text_clock: text = 0:39
326.2825	EXP	text_clock: text = 0:39
326.2994000000954	EXP	text_clock: text = 0:39
326.31560000014304	EXP	text_clock: text = 0:39
326.33260000014303	EXP	text_clock: text = 0:39
326.34880000019075	EXP	text_clock: text = 0:39
326.3657000000477	EXP	text_clock: text = 0:39
326.38260000014304	EXP	text_clock: text = 0:39
326.39890000009535	EXP	text_clock: text = 0:39
326.41580000019076	EXP	text_clock: text = 0:39
326.4327000000477	EXP	text_clock: text = 0:39
326.449	EXP	text_clock: text = 0:39
326.46590000009536	EXP	text_clock: text = 0:39
326.48280000019076	EXP	text_clock: text = 0:39
326.4991000001431	EXP	text_clock: text = 0:39
326.51590000009537	EXP	text_clock: text = 0:39
326.53290000009537	EXP	text_clock: text = 0:39
326.5492000000477	EXP	text_clock: text = 0:39
326.566	EXP	text_clock: text = 0:39
326.583	EXP	text_clock: text = 0:39
326.59930000019074	EXP	text_clock: text = 0:39
326.61610000014304	EXP	text_clock: text = 0:39
326.633	EXP	text_clock: text = 0:39
326.64930000019075	EXP	text_clock: text = 0:39
326.6662000000477	EXP	text_clock: text = 0:39
326.68310000014304	EXP	text_clock: text = 0:38
326.69980000019075	EXP	text_clock: text = 0:38
326.71640000009535	EXP	text_clock: text = 0:38
326.7332000000477	EXP	text_clock: text = 0:38
326.74940000009536	EXP	text_clock: text = 0:38
326.76640000009536	EXP	text_clock: text = 0:38
326.78330000019076	EXP	text_clock: text = 0:38
326.7996000001431	EXP	text_clock: text = 0:38
326.8165	EXP	text_clock: text = 0:38
326.83340000009537	EXP	text_clock: text = 0:38
326.8497000000477	EXP	text_clock: text = 0:38
326.8666000001431	EXP	text_clock: text = 0:38
326.88370000004767	EXP	text_clock: text = 0:38
326.8997000000477	EXP	text_clock: text = 0:38
326.91660000014303	EXP	text_clock: text = 0:38
326.933	EXP	text_clock: text = 0:38
326.9499000000954	EXP	text_clock: text = 0:38
326.9667000000477	EXP	text_clock: text = 0:38
326.983	EXP	text_clock: text = 0:38
326.99980000019076	EXP	text_clock: text = 0:38
327.00060000014304	DATA	Keydown: 6
327.01680000019076	EXP	inputTyping: text = 6
327.01680000019076	EXP	text_clock: text = 0:38
327.03310000014307	EXP	text_clock: text = 0:38
327.05	EXP	text_clock: text = 0:38
327.067	EXP	text_clock: text = 0:38
327.08390000009535	EXP	text_clock: text = 0:38
327.10020000004766	EXP	text_clock: text = 0:38
327.117	EXP	text_clock: text = 0:38
327.13310000014303	EXP	text_clock: text = 0:38
327.13430000019076	DATA	Keydown: 4
327.150100000143	EXP	inputTyping: text = 64
327.150100000143	EXP	text_clock: text = 0:38
327.16720000004767	EXP	text_clock: text = 0:38
327.1692000000477	EXP	text_clock: text = 0:38
327.1841000001431	EXP	text_clock: text = 0:38
327.2172000000477	EXP	text_clock: text = 0:38
327.2195	EXP	text_clock: text = 0:38
327.23410000014303	EXP	text_clock: text = 0:38
327.2509000000954	EXP	text_clock: text = 0:38
327.26780000019073	EXP	text_clock: text = 0:38
327.2842000000477	EXP	text_clock: text = 0:38
327.3009000000954	EXP	text_clock: text = 0:38
327.33360000014306	EXP	text_clock: text = 0:38
327.336	EXP	text_clock: text = 0:38
327.3515	EXP	text_clock: text = 0:38
327.36760000014306	EXP	text_clock: text = 0:38
327.38430000019076	EXP	text_clock: text = 0:38
327.40110000014306	EXP	text_clock: text = 0:38
327.4182000000477	EXP	text_clock: text = 0:38
327.43440000009537	EXP	text_clock: text = 0:38
327.46730000019073	EXP	text_clock: text = 0:38
327.4695	EXP	text_clock: text = 0:38
327.50080000019074	EXP	text_clock: text = 0:38
327.503	EXP	text_clock: text = 0:38
327.5183000001907	EXP	text_clock: text = 0:38
327.5344000000954	EXP	text_clock: text = 0:38
327.5514000000954	EXP	text_clock: text = 0:38
327.5679000000954	EXP	text_clock: text = 0:38
327.60090000009535	EXP	text_clock: text = 0:38
327.6032000000477	EXP	text_clock: text = 0:38
327.618	EXP	text_clock: text = 0:38
327.63460000014305	EXP	text_clock: text = 0:38
327.6517000000477	EXP	text_clock: text = 0:38
327.68420000004767	EXP	text_clock: text = 0:38
327.70120000004766	EXP	text_clock: text = 0:37
327.718	EXP	text_clock: text = 0:37
327.72	EXP	text_clock: text = 0:37
327.7512000000477	EXP	text_clock: text = 0:37
327.75310000014304	EXP	text_clock: text = 0:37
327.7845	EXP	text_clock: text = 0:37
327.787	EXP	text_clock: text = 0:37
327.8018000001907	EXP	text_clock: text = 0:37
327.81810000014303	EXP	text_clock: text = 0:37
327.835	EXP	text_clock: text = 0:37
327.8528000001907	EXP	text_clock: text = 0:37
327.88460000014305	EXP	text_clock: text = 0:37
327.887	EXP	text_clock: text = 0:37
327.90210000014304	EXP	text_clock: text = 0:37
327.91860000014304	EXP	text_clock: text = 0:37
327.93510000014305	EXP	text_clock: text = 0:37
327.96860000014306	EXP	text_clock: text = 0:37
327.97060000014307	EXP	text_clock: text = 0:37
327.9852000000477	EXP	text_clock: text = 0:37
328.00230000019076	EXP	text_clock: text = 0:37
328.01870000004766	EXP	text_clock: text = 0:37
328.03540000009536	EXP	text_clock: text = 0:37
328.05220000004766	EXP	text_clock: text = 0:37
328.085	EXP	text_clock: text = 0:37
328.0872000000477	EXP	text_clock: text = 0:37
328.1024000000954	EXP	text_clock: text = 0:37
328.11860000014303	EXP	text_clock: text = 0:37
328.1357000000477	EXP	text_clock: text = 0:37
328.1524000000954	EXP	text_clock: text = 0:37
328.18510000014305	EXP	text_clock: text = 0:37
328.18760000014305	EXP	text_clock: text = 0:37
328.21910000014304	EXP	text_clock: text = 0:37
328.22110000014305	EXP	text_clock: text = 0:37
328.23580000019075	EXP	text_clock: text = 0:37
328.26840000009537	EXP	text_clock: text = 0:37
328.2708000001907	EXP	text_clock: text = 0:37
328.28580000019076	EXP	text_clock: text = 0:37
328.3027000000477	EXP	text_clock: text = 0:37
328.3195	EXP	text_clock: text = 0:37
328.3524000000954	EXP	text_clock: text = 0:37
328.3542000000477	EXP	text_clock: text = 0:37
328.3693000001907	EXP	text_clock: text = 0:37
328.3863000001907	EXP	text_clock: text = 0:37
328.402600000143	EXP	text_clock: text = 0:37
328.4192000000477	EXP	text_clock: text = 0:37
328.436100000143	EXP	text_clock: text = 0:37
328.4525	EXP	text_clock: text = 0:37
328.4694000000954	EXP	text_clock: text = 0:37
328.4864000000954	EXP	text_clock: text = 0:37
328.50310000014304	EXP	text_clock: text = 0:37
328.5197000000477	EXP	text_clock: text = 0:37
328.5362000000477	EXP	text_clock: text = 0:37
328.569	EXP	text_clock: text = 0:37
328.5713000001907	EXP	text_clock: text = 0:37
328.58690000009534	EXP	text_clock: text = 0:37
328.6028000001907	EXP	text_clock: text = 0:37
328.6359000000954	EXP	text_clock: text = 0:37
328.6382000000477	EXP	text_clock: text = 0:37
328.65340000009536	EXP	text_clock: text = 0:37
328.686	EXP	text_clock: text = 0:36
328.703	EXP	text_clock: text = 0:36
328.70480000019074	EXP	text_clock: text = 0:36
328.7197000000477	EXP	text_clock: text = 0:36
328.736600000143	EXP	text_clock: text = 0:36
328.76930000019075	EXP	text_clock: text = 0:36
328.77180000019075	EXP	text_clock: text = 0:36
328.78680000019074	EXP	text_clock: text = 0:36
328.8032000000477	EXP	text_clock: text = 0:36
328.8362000000477	EXP	text_clock: text = 0:36
328.83860000014306	EXP	text_clock: text = 0:36
328.85410000014303	EXP	text_clock: text = 0:36
328.87	EXP	text_clock: text = 0:36
328.88710000014305	EXP	text_clock: text = 0:36
328.90340000009536	EXP	text_clock: text = 0:36
328.9365	EXP	text_clock: text = 0:36
328.938600000143	EXP	text_clock: text = 0:36
328.95360000014307	EXP	text_clock: text = 0:36
328.97040000009537	EXP	text_clock: text = 0:36
328.987	EXP	text_clock: text = 0:36
329.01980000019074	EXP	text_clock: text = 0:36
329.02230000019074	EXP	text_clock: text = 0:36
329.0374000000954	EXP	text_clock: text = 0:36
329.05380000019073	EXP	text_clock: text = 0:36
329.0704000000954	EXP	text_clock: text = 0:36
329.08730000019074	EXP	text_clock: text = 0:36
329.1037000000477	EXP	text_clock: text = 0:36
329.12040000009534	EXP	text_clock: text = 0:36
329.13080000019073	DATA	Keydown: Backspace
329.15320000004766	EXP	inputTyping: text = 6
329.15320000004766	EXP	text_clock: text = 0:36
329.17	EXP	text_clock: text = 0:36
329.1877000000477	EXP	text_clock: text = 0:36
329.18980000019076	EXP	text_clock: text = 0:36
329.204	EXP	text_clock: text = 0:36
329.22080000019076	EXP	text_clock: text = 0:36
329.2377000000477	EXP	text_clock: text = 0:36
329.25410000014307	EXP	text_clock: text = 0:36
329.27090000009537	EXP	text_clock: text = 0:36
329.2878000001907	EXP	text_clock: text = 0:36
329.3042000000477	EXP	text_clock: text = 0:36
329.3209000000954	EXP	text_clock: text = 0:36
329.337600000143	EXP	text_clock: text = 0:36
329.37030000019075	EXP	text_clock: text = 0:36
329.37280000019075	EXP	text_clock: text = 0:36
329.4035	EXP	text_clock: text = 0:36
329.4058000001907	EXP	text_clock: text = 0:36
329.43690000009536	EXP	text_clock: text = 0:36
329.43920000004766	EXP	text_clock: text = 0:36
329.4542000000477	EXP	text_clock: text = 0:36
329.4712000000477	EXP	text_clock: text = 0:36
329.5038000001907	EXP	text_clock: text = 0:36
329.50580000019073	EXP	text_clock: text = 0:36
329.5212000000477	EXP	text_clock: text = 0:36
329.55380000019073	EXP	text_clock: text = 0:36
329.5562000000477	EXP	text_clock: text = 0:36
329.56460000014306	DATA	Keydown: Backspace
329.58710000014304	EXP	inputTyping: text = null
329.58710000014304	EXP	text_clock: text = 0:36
329.6039000000954	EXP	text_clock: text = 0:36
329.60590000009535	EXP	text_clock: text = 0:36
329.63710000014305	EXP	text_clock: text = 0:36
329.63960000014305	EXP	text_clock: text = 0:36
329.6545	EXP	text_clock: text = 0:36
329.68730000019076	EXP	text_clock: text = 0:35
329.704	EXP	text_clock: text = 0:35
329.72090000009536	EXP	text_clock: text = 0:35
329.723	EXP	text_clock: text = 0:35
329.73810000014305	EXP	text_clock: text = 0:35
329.7547000000477	EXP	text_clock: text = 0:35
329.77180000019075	EXP	text_clock: text = 0:35
329.78810000014306	EXP	text_clock: text = 0:35
329.8213000001907	EXP	text_clock: text = 0:35
329.8236000001431	EXP	text_clock: text = 0:35
329.8387000000477	EXP	text_clock: text = 0:35
329.87130000019073	EXP	text_clock: text = 0:35
329.8737000000477	EXP	text_clock: text = 0:35
329.8886000001431	EXP	text_clock: text = 0:35
329.90500000000003	EXP	text_clock: text = 0:35
329.9221000001431	EXP	text_clock: text = 0:35
329.95460000014305	EXP	text_clock: text = 0:35
329.95690000009535	EXP	text_clock: text = 0:35
329.9722000000477	EXP	text_clock: text = 0:35
329.9884000000954	EXP	text_clock: text = 0:35
330.0057000000477	EXP	text_clock: text = 0:35
330.0222000000477	EXP	text_clock: text = 0:35
330.03840000009535	EXP	text_clock: text = 0:35
330.05540000009535	EXP	text_clock: text = 0:35
330.07230000019075	EXP	text_clock: text = 0:35
330.08890000009535	EXP	text_clock: text = 0:35
330.1053000001907	EXP	text_clock: text = 0:35
330.1222000000477	EXP	text_clock: text = 0:35
330.13890000009536	EXP	text_clock: text = 0:35
330.15540000009537	EXP	text_clock: text = 0:35
330.1882000000477	EXP	text_clock: text = 0:35
330.1905	EXP	text_clock: text = 0:35
330.2219000000954	EXP	text_clock: text = 0:35
330.2244000000954	EXP	text_clock: text = 0:35
330.2389000000954	EXP	text_clock: text = 0:35
330.2555	EXP	text_clock: text = 0:35
330.2725	EXP	text_clock: text = 0:35
330.28880000019075	EXP	text_clock: text = 0:35
330.30560000014304	EXP	text_clock: text = 0:35
330.32260000014304	EXP	text_clock: text = 0:35
330.33890000009535	EXP	text_clock: text = 0:35
330.356	EXP	text_clock: text = 0:35
330.37230000019076	EXP	text_clock: text = 0:35
330.38910000014306	EXP	text_clock: text = 0:35
330.40630000019075	EXP	text_clock: text = 0:35
330.4227000000477	EXP	text_clock: text = 0:35
330.43910000014307	EXP	text_clock: text = 0:35
330.45620000004766	EXP	text_clock: text = 0:35
330.47290000009536	EXP	text_clock: text = 0:35
330.489100000143	EXP	text_clock: text = 0:35
330.50600000000003	EXP	text_clock: text = 0:35
330.5387000000477	EXP	text_clock: text = 0:35
330.5407000000477	EXP	text_clock: text = 0:35
330.5564000000954	EXP	text_clock: text = 0:35
330.5725	EXP	text_clock: text = 0:35
330.5895	EXP	text_clock: text = 0:35
330.60630000019074	EXP	text_clock: text = 0:35
330.62310000014304	EXP	text_clock: text = 0:35
330.63940000009535	EXP	text_clock: text = 0:35
330.65610000014306	EXP	text_clock: text = 0:35
330.689	EXP	text_clock: text = 0:34
330.70590000009537	EXP	text_clock: text = 0:34
330.7081000001431	EXP	text_clock: text = 0:34
330.7228000001907	EXP	text_clock: text = 0:34
330.73970000004766	EXP	text_clock: text = 0:34
330.75670000004766	EXP	text_clock: text = 0:34
330.77320000004767	EXP	text_clock: text = 0:34
330.7897000000477	EXP	text_clock: text = 0:34
330.8065	EXP	text_clock: text = 0:34
330.823	EXP	text_clock: text = 0:34
330.83980000019073	EXP	text_clock: text = 0:34
330.8565	EXP	text_clock: text = 0:34
330.873	EXP	text_clock: text = 0:34
330.88980000019075	EXP	text_clock: text = 0:34
330.9067000000477	EXP	text_clock: text = 0:34
330.9393000001907	EXP	text_clock: text = 0:34
330.9418000001907	EXP	text_clock: text = 0:34
330.957	EXP	text_clock: text = 0:34
330.9895	EXP	text_clock: text = 0:34
330.9918000001907	EXP	text_clock: text = 0:34
331.00710000014305	EXP	text_clock: text = 0:34
331.0395	EXP	text_clock: text = 0:34
331.0565	EXP	text_clock: text = 0:34
331.0729000000954	EXP	text_clock: text = 0:34
331.0897000000477	EXP	text_clock: text = 0:34
331.10660000014303	EXP	text_clock: text = 0:34
331.12290000009534	EXP	text_clock: text = 0:34
331.14	EXP	text_clock: text = 0:34
331.1425	EXP	text_clock: text = 0:34
331.173	EXP	text_clock: text = 0:34
331.17510000014306	EXP	text_clock: text = 0:34
331.1904000000954	EXP	text_clock: text = 0:34
331.20730000019074	EXP	text_clock: text = 0:34
331.24	EXP	text_clock: text = 0:34
331.24260000014306	EXP	text_clock: text = 0:34
331.27320000004767	EXP	text_clock: text = 0:34
331.2754000000954	EXP	text_clock: text = 0:34
331.30760000014305	EXP	text_clock: text = 0:34
331.30980000019076	EXP	text_clock: text = 0:34
331.3236000001431	EXP	text_clock: text = 0:34
331.3408000001907	EXP	text_clock: text = 0:34
331.3732000000477	EXP	text_clock: text = 0:34
331.37560000014304	EXP	text_clock: text = 0:34
331.3908000001907	EXP	text_clock: text = 0:34
331.40770000004767	EXP	text_clock: text = 0:34
331.424100000143	EXP	text_clock: text = 0:34
331.4567000000477	EXP	text_clock: text = 0:34
331.459	EXP	text_clock: text = 0:34
331.47410000014304	EXP	text_clock: text = 0:34
331.50670000004766	EXP	text_clock: text = 0:34
331.50890000009537	EXP	text_clock: text = 0:34
331.54040000009536	EXP	text_clock: text = 0:34
331.54270000004766	EXP	text_clock: text = 0:34
331.55790000009534	EXP	text_clock: text = 0:34
331.57410000014306	EXP	text_clock: text = 0:34
331.59130000019076	EXP	text_clock: text = 0:34
331.6238000001907	EXP	text_clock: text = 0:34
331.6262000000477	EXP	text_clock: text = 0:34
331.6415	EXP	text_clock: text = 0:34
331.6742000000477	EXP	text_clock: text = 0:34
331.6907000000477	EXP	text_clock: text = 0:33
331.7072000000477	EXP	text_clock: text = 0:33
331.70960000014304	EXP	text_clock: text = 0:33
331.724600000143	EXP	text_clock: text = 0:33
331.74130000019073	EXP	text_clock: text = 0:33
331.77410000014305	EXP	text_clock: text = 0:33
331.77610000014306	EXP	text_clock: text = 0:33
331.7915	EXP	text_clock: text = 0:33
331.80780000019075	EXP	text_clock: text = 0:33
331.8247000000477	EXP	text_clock: text = 0:33
331.84180000019074	EXP	text_clock: text = 0:33
331.87420000004767	EXP	text_clock: text = 0:33
331.87670000004766	EXP	text_clock: text = 0:33
331.89180000019076	EXP	text_clock: text = 0:33
331.9078000001907	EXP	text_clock: text = 0:33
331.9246000001431	EXP	text_clock: text = 0:33
331.94190000009536	EXP	text_clock: text = 0:33
331.97430000019074	EXP	text_clock: text = 0:33
331.97660000014304	EXP	text_clock: text = 0:33
331.9918000001907	EXP	text_clock: text = 0:33
332.02480000019074	EXP	text_clock: text = 0:33
332.04160000014303	EXP	text_clock: text = 0:33
332.0577000000477	EXP	text_clock: text = 0:33
332.07460000014305	EXP	text_clock: text = 0:33
332.0915	EXP	text_clock: text = 0:33
332.10770000004766	EXP	text_clock: text = 0:33
332.12460000014306	EXP	text_clock: text = 0:33
332.14180000019076	EXP	text_clock: text = 0:33
332.1442000000477	EXP	text_clock: text = 0:33
332.17470000004766	EXP	text_clock: text = 0:33
332.1773000001907	EXP	text_clock: text = 0:33
332.2079000000954	EXP	text_clock: text = 0:33
332.2102000000477	EXP	text_clock: text = 0:33
332.22540000009536	EXP	text_clock: text = 0:33
332.2418000001907	EXP	text_clock: text = 0:33
332.2585	EXP	text_clock: text = 0:33
332.27570000004766	EXP	text_clock: text = 0:33
332.3091000001431	EXP	text_clock: text = 0:33
332.3118000001907	EXP	text_clock: text = 0:33
332.3255	EXP	text_clock: text = 0:33
332.342	EXP	text_clock: text = 0:33
332.35880000019074	EXP	text_clock: text = 0:33
332.37560000014304	EXP	text_clock: text = 0:33
332.40830000019076	EXP	text_clock: text = 0:33
332.41080000019076	EXP	text_clock: text = 0:33
332.4257000000477	EXP	text_clock: text = 0:33
332.4422000000477	EXP	text_clock: text = 0:33
332.4753000001907	EXP	text_clock: text = 0:33
332.4774000000954	EXP	text_clock: text = 0:33
332.5085	EXP	text_clock: text = 0:33
332.5253000001907	EXP	text_clock: text = 0:33
332.5425	EXP	text_clock: text = 0:33
332.5585	EXP	text_clock: text = 0:33
332.5754000000954	EXP	text_clock: text = 0:33
332.5917000000477	EXP	text_clock: text = 0:33
332.60860000014304	EXP	text_clock: text = 0:33
332.62560000014304	EXP	text_clock: text = 0:33
332.64180000019076	EXP	text_clock: text = 0:33
332.6587000000477	EXP	text_clock: text = 0:33
332.67560000014305	EXP	text_clock: text = 0:33
332.6918000001907	EXP	text_clock: text = 0:32
332.7087000000477	EXP	text_clock: text = 0:32
332.7257000000477	EXP	text_clock: text = 0:32
332.742	EXP	text_clock: text = 0:32
332.75890000009537	EXP	text_clock: text = 0:32
332.77590000009536	EXP	text_clock: text = 0:32
332.792	EXP	text_clock: text = 0:32
332.809	EXP	text_clock: text = 0:32
332.8258000001907	EXP	text_clock: text = 0:32
332.8422000000477	EXP	text_clock: text = 0:32
332.859	EXP	text_clock: text = 0:32
332.8759000000954	EXP	text_clock: text = 0:32
332.8922000000477	EXP	text_clock: text = 0:32
332.909	EXP	text_clock: text = 0:32
332.92610000014304	EXP	text_clock: text = 0:32
332.9425	EXP	text_clock: text = 0:32
332.95930000019075	EXP	text_clock: text = 0:32
332.97630000019075	EXP	text_clock: text = 0:32
332.99240000009536	EXP	text_clock: text = 0:32
332.99480000019076	EXP	text_clock: text = 0:32
333.00980000019075	EXP	text_clock: text = 0:32
333.04270000004766	EXP	text_clock: text = 0:32
333.04490000009537	EXP	text_clock: text = 0:32
333.05980000019076	EXP	text_clock: text = 0:32
333.0765	EXP	text_clock: text = 0:32
333.1094000000954	EXP	text_clock: text = 0:32
333.111600000143	EXP	text_clock: text = 0:32
333.1425	EXP	text_clock: text = 0:32
333.15960000014303	EXP	text_clock: text = 0:32
333.16180000019074	EXP	text_clock: text = 0:32
333.19280000019074	EXP	text_clock: text = 0:32
333.19510000014304	EXP	text_clock: text = 0:32
333.2103000001907	EXP	text_clock: text = 0:32
333.2269000000954	EXP	text_clock: text = 0:32
333.2434000000954	EXP	text_clock: text = 0:32
333.2604000000954	EXP	text_clock: text = 0:32
333.2772000000477	EXP	text_clock: text = 0:32
333.29360000014304	EXP	text_clock: text = 0:32
333.3112000000477	EXP	text_clock: text = 0:32
333.3274000000954	EXP	text_clock: text = 0:32
333.36	EXP	text_clock: text = 0:32
333.37660000014307	EXP	text_clock: text = 0:32
333.3785	EXP	text_clock: text = 0:32
333.4101000001431	EXP	text_clock: text = 0:32
333.4122000000477	EXP	text_clock: text = 0:32
333.44330000019073	EXP	text_clock: text = 0:32
333.4455	EXP	text_clock: text = 0:32
333.4765	EXP	text_clock: text = 0:32
333.47880000019074	EXP	text_clock: text = 0:32
333.4939000000954	EXP	text_clock: text = 0:32
333.5107000000477	EXP	text_clock: text = 0:32
333.54340000009535	EXP	text_clock: text = 0:32
333.56040000009534	EXP	text_clock: text = 0:32
333.56280000019075	EXP	text_clock: text = 0:32
333.5935	EXP	text_clock: text = 0:32
333.596	EXP	text_clock: text = 0:32
333.61060000014305	EXP	text_clock: text = 0:32
333.6272000000477	EXP	text_clock: text = 0:32
333.6442000000477	EXP	text_clock: text = 0:32
333.6612000000477	EXP	text_clock: text = 0:32
333.6936000001431	EXP	text_clock: text = 0:31
333.71010000014303	EXP	text_clock: text = 0:31
333.71230000019074	EXP	text_clock: text = 0:31
333.7275	EXP	text_clock: text = 0:31
333.7445	EXP	text_clock: text = 0:31
333.7769000000954	EXP	text_clock: text = 0:31
333.77930000019074	EXP	text_clock: text = 0:31
333.79430000019073	EXP	text_clock: text = 0:31
333.8109000000954	EXP	text_clock: text = 0:31
333.8277000000477	EXP	text_clock: text = 0:31
333.84460000014303	EXP	text_clock: text = 0:31
333.8615	EXP	text_clock: text = 0:31
333.87760000014305	EXP	text_clock: text = 0:31
333.89480000019074	EXP	text_clock: text = 0:31
333.92720000004766	EXP	text_clock: text = 0:31
333.92970000004766	EXP	text_clock: text = 0:31
333.94480000019075	EXP	text_clock: text = 0:31
333.9612000000477	EXP	text_clock: text = 0:31
333.97790000009536	EXP	text_clock: text = 0:31
333.99490000009536	EXP	text_clock: text = 0:31
334.01160000014306	EXP	text_clock: text = 0:31
334.02790000009537	EXP	text_clock: text = 0:31
334.045	EXP	text_clock: text = 0:31
334.0614000000954	EXP	text_clock: text = 0:31
334.0944000000954	EXP	text_clock: text = 0:31
334.09640000009534	EXP	text_clock: text = 0:31
334.1117000000477	EXP	text_clock: text = 0:31
334.12830000019073	EXP	text_clock: text = 0:31
334.1615	EXP	text_clock: text = 0:31
334.16360000014305	EXP	text_clock: text = 0:31
334.1945	EXP	text_clock: text = 0:31
334.197	EXP	text_clock: text = 0:31
334.22770000004766	EXP	text_clock: text = 0:31
334.22990000009537	EXP	text_clock: text = 0:31
334.24540000009534	EXP	text_clock: text = 0:31
334.2615	EXP	text_clock: text = 0:31
334.27820000004766	EXP	text_clock: text = 0:31
334.29560000014305	EXP	text_clock: text = 0:31
334.3279000000954	EXP	text_clock: text = 0:31
334.3449000000954	EXP	text_clock: text = 0:31
334.3469000000954	EXP	text_clock: text = 0:31
334.378	EXP	text_clock: text = 0:31
334.39440000009535	EXP	text_clock: text = 0:31
334.39660000014305	EXP	text_clock: text = 0:31
334.4122000000477	EXP	text_clock: text = 0:31
334.422	DATA	Keydown: 5
334.445	EXP	inputTyping: text = 5
334.445	EXP	text_clock: text = 0:31
334.4612000000477	EXP	text_clock: text = 0:31
334.46340000009536	EXP	text_clock: text = 0:31
334.4787000000477	EXP	text_clock: text = 0:31
334.4952000000477	EXP	text_clock: text = 0:31
334.512	EXP	text_clock: text = 0:31
334.54530000019076	EXP	text_clock: text = 0:31
334.54760000014306	EXP	text_clock: text = 0:31
334.5622000000477	EXP	text_clock: text = 0:31
334.579	EXP	text_clock: text = 0:31
334.59590000009536	EXP	text_clock: text = 0:31
334.61220000004766	EXP	text_clock: text = 0:31
334.62530000019075	DATA	Keydown: 6
334.6454000000954	EXP	inputTyping: text = 56
334.6454000000954	EXP	text_clock: text = 0:31
334.6617000000477	EXP	text_clock: text = 0:31
334.6639000000954	EXP	text_clock: text = 0:31
334.6955	EXP	text_clock: text = 0:30
334.71180000019075	EXP	text_clock: text = 0:30
334.7137000000477	EXP	text_clock: text = 0:30
334.74490000009536	EXP	text_clock: text = 0:30
334.7472000000477	EXP	text_clock: text = 0:30
334.76260000014304	EXP	text_clock: text = 0:30
334.795	EXP	text_clock: text = 0:30
334.7973000001907	EXP	text_clock: text = 0:30
334.82940000009535	EXP	text_clock: text = 0:30
334.83180000019075	EXP	text_clock: text = 0:30
334.84570000004766	EXP	text_clock: text = 0:30
334.8625	EXP	text_clock: text = 0:30
334.86510000014306	DATA	Keydown: Enter
334.8952000000477	EXP	text_clock: text = 0:30
334.8952000000477	EXP	fixation: autoDraw = null
334.8952000000477	EXP	Questions: autoDraw = null
334.8952000000477	EXP	inputTyping: autoDraw = null
334.8952000000477	EXP	text_clock: autoDraw = null
334.8952000000477	EXP	timerBorder: autoDraw = null
334.8952000000477	EXP	reminderText2: autoDraw = null
334.8952000000477	EXP	trial_textCounter: autoDraw = null
334.8952000000477	EXP	text_clock: autoDraw = null
334.8952000000477	EXP	inputTyping: text = _
334.8952000000477	EXP	Questions: text = 6 × 6 =
334.8952000000477	EXP	inputTyping: text = null
334.8952000000477	EXP	trial_textCounter: text = Trial Number: 26/60
334.8952000000477	EXP	fixation: autoDraw = true
334.8952000000477	EXP	text_clock: autoDraw = true
334.8952000000477	EXP	text_clock: text = 0:30
334.8952000000477	EXP	timerBorder: autoDraw = true
334.8952000000477	EXP	trial_textCounter: autoDraw = true
334.897	EXP	text_clock: text = 0:30
334.9126000001431	EXP	text_clock: text = 0:30
334.9295	EXP	text_clock: text = 0:30
334.946	EXP	text_clock: text = 0:30
334.962600000143	EXP	text_clock: text = 0:30
334.97970000004767	EXP	text_clock: text = 0:30
334.99610000014303	EXP	text_clock: text = 0:30
335.01280000019074	EXP	text_clock: text = 0:30
335.0299000000954	EXP	text_clock: text = 0:30
335.04660000014303	EXP	text_clock: text = 0:30
335.06280000019075	EXP	text_clock: text = 0:30
335.07980000019074	EXP	text_clock: text = 0:30
335.11240000009536	EXP	text_clock: text = 0:30
335.115	EXP	text_clock: text = 0:30
335.12980000019076	EXP	fixation: autoDraw = null
335.12980000019076	EXP	text_clock: text = 0:30
335.1626000001431	EXP	Questions: autoDraw = true
335.1626000001431	EXP	inputTyping: autoDraw = true
335.1626000001431	EXP	text_clock: text = 0:30
335.1626000001431	EXP	reminderText2: autoDraw = true
335.1795	EXP	text_clock: text = 0:30
335.18170000004767	EXP	text_clock: text = 0:30
335.198	EXP	text_clock: text = 0:30
335.2295	EXP	text_clock: text = 0:30
335.2319000000954	EXP	text_clock: text = 0:30
335.2627000000477	EXP	text_clock: text = 0:30
335.2649000000954	EXP	text_clock: text = 0:30
335.2801000001431	EXP	text_clock: text = 0:30
335.2964000000954	EXP	text_clock: text = 0:30
335.31330000019074	EXP	text_clock: text = 0:30
335.3302000000477	EXP	text_clock: text = 0:30
335.34660000014304	EXP	text_clock: text = 0:30
335.36360000014304	EXP	text_clock: text = 0:30
335.39610000014306	EXP	text_clock: text = 0:30
335.3985	EXP	text_clock: text = 0:30
335.4135	EXP	text_clock: text = 0:30
335.42990000009536	EXP	text_clock: text = 0:30
335.4467000000477	EXP	text_clock: text = 0:30
335.48	EXP	text_clock: text = 0:30
335.4821000001431	EXP	text_clock: text = 0:30
335.49690000009537	EXP	text_clock: text = 0:30
335.5136000001431	EXP	text_clock: text = 0:30
335.5308000001907	EXP	text_clock: text = 0:30
335.54740000009537	EXP	text_clock: text = 0:30
335.56410000014307	EXP	text_clock: text = 0:30
335.5804000000954	EXP	text_clock: text = 0:30
335.5969000000954	EXP	text_clock: text = 0:30
335.614	EXP	text_clock: text = 0:30
335.64680000019075	EXP	text_clock: text = 0:30
335.6635	EXP	text_clock: text = 0:30
335.68040000009535	EXP	text_clock: text = 0:30
335.69660000014306	EXP	text_clock: text = 0:29
335.7135	EXP	text_clock: text = 0:29
335.7155	EXP	text_clock: text = 0:29
335.7466000001431	EXP	text_clock: text = 0:29
335.74920000004767	EXP	text_clock: text = 0:29
335.76410000014306	EXP	text_clock: text = 0:29
335.7967000000477	EXP	text_clock: text = 0:29
335.7992000000477	EXP	text_clock: text = 0:29
335.81410000014307	EXP	text_clock: text = 0:29
335.83070000004767	EXP	text_clock: text = 0:29
335.8473000001907	EXP	text_clock: text = 0:29
335.8645	EXP	text_clock: text = 0:29
335.88080000019073	EXP	text_clock: text = 0:29
335.91380000019075	EXP	text_clock: text = 0:29
335.91610000014305	EXP	text_clock: text = 0:29
335.9309000000954	EXP	text_clock: text = 0:29
335.9479000000954	EXP	text_clock: text = 0:29
335.96460000014304	EXP	text_clock: text = 0:29
335.9972000000477	EXP	text_clock: text = 0:29
335.99960000014306	EXP	text_clock: text = 0:29
336.03020000004767	EXP	text_clock: text = 0:29
336.03230000019073	EXP	text_clock: text = 0:29
336.04780000019076	EXP	text_clock: text = 0:29
336.0804000000954	EXP	text_clock: text = 0:29
336.0973000001907	EXP	text_clock: text = 0:29
336.1142000000477	EXP	text_clock: text = 0:29
336.1305	EXP	text_clock: text = 0:29
336.14730000019074	EXP	text_clock: text = 0:29
336.1642000000477	EXP	text_clock: text = 0:29
336.18170000004767	EXP	text_clock: text = 0:29
336.19760000014304	EXP	text_clock: text = 0:29
336.2144000000954	EXP	text_clock: text = 0:29
336.2307000000477	EXP	text_clock: text = 0:29
336.24760000014305	EXP	text_clock: text = 0:29
336.2645	EXP	text_clock: text = 0:29
336.28070000004766	EXP	text_clock: text = 0:29
336.2977000000477	EXP	text_clock: text = 0:29
336.31460000014306	EXP	text_clock: text = 0:29
336.33090000009537	EXP	text_clock: text = 0:29
336.34770000004767	EXP	text_clock: text = 0:29
336.36470000004766	EXP	text_clock: text = 0:29
336.38100000000003	EXP	text_clock: text = 0:29
336.38210000014305	DATA	Keydown: 3
336.3979000000954	EXP	inputTyping: text = 3
336.3979000000954	EXP	text_clock: text = 0:29
336.4148000001907	EXP	text_clock: text = 0:29
336.41680000019073	EXP	text_clock: text = 0:29
336.4316000001431	EXP	text_clock: text = 0:29
336.4484000000954	EXP	text_clock: text = 0:29
336.4655	EXP	text_clock: text = 0:29
336.48220000004767	EXP	text_clock: text = 0:29
336.4985	EXP	text_clock: text = 0:29
336.5165	EXP	text_clock: text = 0:29
336.5482000000477	EXP	text_clock: text = 0:29
336.5645	EXP	text_clock: text = 0:29
336.567	EXP	text_clock: text = 0:29
336.5817000000477	EXP	text_clock: text = 0:29
336.59890000009534	EXP	text_clock: text = 0:29
336.6313000001907	EXP	text_clock: text = 0:29
336.6338000001907	EXP	text_clock: text = 0:29
336.6487000000477	EXP	text_clock: text = 0:29
336.6653000001907	EXP	text_clock: text = 0:29
336.6984000000954	EXP	text_clock: text = 0:28
336.71460000014304	EXP	text_clock: text = 0:28
336.7152000000477	DATA	Keydown: 6
336.7315	EXP	inputTyping: text = 36
336.7315	EXP	text_clock: text = 0:28
336.7485	EXP	text_clock: text = 0:28
336.7647000000477	EXP	text_clock: text = 0:28
336.78160000014304	EXP	text_clock: text = 0:28
336.78380000019075	EXP	text_clock: text = 0:28
336.81480000019076	EXP	text_clock: text = 0:28
336.81710000014306	EXP	text_clock: text = 0:28
336.8322000000477	EXP	text_clock: text = 0:28
336.84880000019075	EXP	text_clock: text = 0:28
336.849600000143	DATA	Keydown: Enter
336.8818000001907	EXP	text_clock: text = 0:28
336.8818000001907	EXP	fixation: autoDraw = null
336.8818000001907	EXP	Questions: autoDraw = null
336.8818000001907	EXP	inputTyping: autoDraw = null
336.8818000001907	EXP	text_clock: autoDraw = null
336.8818000001907	EXP	timerBorder: autoDraw = null
336.8818000001907	EXP	reminderText2: autoDraw = null
336.8818000001907	EXP	trial_textCounter: autoDraw = null
336.8818000001907	EXP	text_clock: autoDraw = null
336.8818000001907	EXP	inputTyping: text = _
336.8818000001907	EXP	Questions: text = 5 × 7 =
336.8818000001907	EXP	inputTyping: text = null
336.8818000001907	EXP	trial_textCounter: text = Trial Number: 27/60
336.8818000001907	EXP	fixation: autoDraw = true
336.8818000001907	EXP	text_clock: autoDraw = true
336.8818000001907	EXP	text_clock: text = 0:28
336.8818000001907	EXP	timerBorder: autoDraw = true
336.8818000001907	EXP	trial_textCounter: autoDraw = true
336.8842000000477	EXP	text_clock: text = 0:28
336.8992000000477	EXP	text_clock: text = 0:28
336.91540000009536	EXP	text_clock: text = 0:28
336.93260000014305	EXP	text_clock: text = 0:28
336.9495	EXP	text_clock: text = 0:28
336.96590000009536	EXP	text_clock: text = 0:28
336.98280000019076	EXP	text_clock: text = 0:28
336.99940000009536	EXP	text_clock: text = 0:28
337.0158000001907	EXP	text_clock: text = 0:28
337.0325	EXP	text_clock: text = 0:28
337.0652000000477	EXP	text_clock: text = 0:28
337.06760000014305	EXP	text_clock: text = 0:28
337.0825	EXP	text_clock: text = 0:28
337.0992000000477	EXP	text_clock: text = 0:28
337.13230000019075	EXP	fixation: autoDraw = null
337.13230000019075	EXP	text_clock: text = 0:28
337.14940000009534	EXP	Questions: autoDraw = true
337.14940000009534	EXP	inputTyping: autoDraw = true
337.14940000009534	EXP	text_clock: text = 0:28
337.14940000009534	EXP	reminderText2: autoDraw = true
337.1653000001907	EXP	text_clock: text = 0:28
337.1673000001907	EXP	text_clock: text = 0:28
337.1825	EXP	text_clock: text = 0:28
337.1992000000477	EXP	text_clock: text = 0:28
337.2158000001907	EXP	text_clock: text = 0:28
337.23290000009536	EXP	text_clock: text = 0:28
337.24940000009536	EXP	text_clock: text = 0:28
337.26610000014307	EXP	text_clock: text = 0:28
337.28290000009537	EXP	text_clock: text = 0:28
337.2995	EXP	text_clock: text = 0:28
337.3161000001431	EXP	text_clock: text = 0:28
337.3331000001431	EXP	text_clock: text = 0:28
337.36580000019075	EXP	text_clock: text = 0:28
337.368	EXP	text_clock: text = 0:28
337.3832000000477	EXP	text_clock: text = 0:28
337.39980000019074	EXP	text_clock: text = 0:28
337.41630000019074	EXP	text_clock: text = 0:28
337.4332000000477	EXP	text_clock: text = 0:28
337.45	EXP	text_clock: text = 0:28
337.4665	EXP	text_clock: text = 0:28
337.5004000000954	EXP	text_clock: text = 0:28
337.50280000019075	EXP	text_clock: text = 0:28
337.53310000014307	EXP	text_clock: text = 0:28
337.5353000001907	EXP	text_clock: text = 0:28
337.55010000014306	EXP	text_clock: text = 0:28
337.583	EXP	text_clock: text = 0:28
337.5849000000954	EXP	text_clock: text = 0:28
337.6	EXP	text_clock: text = 0:28
337.617	EXP	text_clock: text = 0:28
337.63370000004767	EXP	text_clock: text = 0:28
337.6664000000954	EXP	text_clock: text = 0:28
337.6687000000477	EXP	text_clock: text = 0:28
337.7002000000477	EXP	text_clock: text = 0:27
337.7167000000477	EXP	text_clock: text = 0:27
337.73340000009534	EXP	text_clock: text = 0:27
337.73530000019076	EXP	text_clock: text = 0:27
337.7665	EXP	text_clock: text = 0:27
337.76870000004766	EXP	text_clock: text = 0:27
337.78410000014304	EXP	text_clock: text = 0:27
337.8165	EXP	text_clock: text = 0:27
337.8188000001907	EXP	text_clock: text = 0:27
337.8342000000477	EXP	text_clock: text = 0:27
337.85040000009536	EXP	text_clock: text = 0:27
337.8673000001907	EXP	text_clock: text = 0:27
337.88410000014306	EXP	text_clock: text = 0:27
337.91680000019073	EXP	text_clock: text = 0:27
337.9192000000477	EXP	text_clock: text = 0:27
337.95	EXP	text_clock: text = 0:27
337.9524000000954	EXP	text_clock: text = 0:27
337.9676000001431	EXP	text_clock: text = 0:27
337.98430000019073	EXP	text_clock: text = 0:27
338.01690000009535	EXP	text_clock: text = 0:27
338.0192000000477	EXP	text_clock: text = 0:27
338.0344000000954	EXP	text_clock: text = 0:27
338.05060000014305	EXP	text_clock: text = 0:27
338.0835	EXP	text_clock: text = 0:27
338.10040000009536	EXP	text_clock: text = 0:27
338.11710000014307	EXP	text_clock: text = 0:27
338.13460000014305	EXP	text_clock: text = 0:27
338.15140000009535	EXP	text_clock: text = 0:27
338.1562000000477	EXP	text_clock: text = 0:27
338.18420000004767	EXP	text_clock: text = 0:27
338.1865	EXP	text_clock: text = 0:27
338.2011000001431	EXP	text_clock: text = 0:27
338.21770000004767	EXP	text_clock: text = 0:27
338.2504000000954	EXP	text_clock: text = 0:27
338.2527000000477	EXP	text_clock: text = 0:27
338.2679000000954	EXP	text_clock: text = 0:27
338.2844000000954	EXP	text_clock: text = 0:27
338.3012000000477	EXP	text_clock: text = 0:27
338.33380000019076	EXP	text_clock: text = 0:27
338.33610000014306	EXP	text_clock: text = 0:27
338.3512000000477	EXP	text_clock: text = 0:27
338.36790000009535	EXP	text_clock: text = 0:27
338.3845	EXP	text_clock: text = 0:27
338.41760000014307	EXP	text_clock: text = 0:27
338.41840000009535	DATA	Keydown: 3
338.4347000000477	EXP	inputTyping: text = 3
338.4347000000477	EXP	text_clock: text = 0:27
338.4509000000954	EXP	text_clock: text = 0:27
338.453100000143	EXP	text_clock: text = 0:27
338.4852000000477	EXP	text_clock: text = 0:27
338.4877000000477	EXP	text_clock: text = 0:27
338.50160000014307	EXP	text_clock: text = 0:27
338.5185	EXP	text_clock: text = 0:27
338.53520000004767	EXP	text_clock: text = 0:27
338.5515	EXP	text_clock: text = 0:27
338.5842000000477	EXP	text_clock: text = 0:27
338.5867000000477	EXP	text_clock: text = 0:27
338.60160000014304	EXP	text_clock: text = 0:27
338.61810000014304	EXP	text_clock: text = 0:27
338.6512000000477	EXP	text_clock: text = 0:27
338.65180000019075	DATA	Keydown: 5
338.6682000000477	EXP	inputTyping: text = 35
338.6682000000477	EXP	text_clock: text = 0:27
338.6847000000477	EXP	text_clock: text = 0:26
338.70120000004766	EXP	text_clock: text = 0:26
338.7183000001907	EXP	text_clock: text = 0:26
338.7346000001431	EXP	text_clock: text = 0:26
338.7368000001907	EXP	text_clock: text = 0:26
338.75210000014306	EXP	text_clock: text = 0:26
338.78460000014303	EXP	text_clock: text = 0:26
338.78520000004767	DATA	Keydown: Enter
338.8015	EXP	text_clock: text = 0:26
338.8015	EXP	fixation: autoDraw = null
338.8015	EXP	Questions: autoDraw = null
338.8015	EXP	inputTyping: autoDraw = null
338.8015	EXP	text_clock: autoDraw = null
338.8015	EXP	timerBorder: autoDraw = null
338.8015	EXP	reminderText2: autoDraw = null
338.8015	EXP	trial_textCounter: autoDraw = null
338.8015	EXP	text_clock: autoDraw = null
338.8015	EXP	inputTyping: text = _
338.8015	EXP	Questions: text = 4 × 9 =
338.8015	EXP	inputTyping: text = null
338.8015	EXP	trial_textCounter: text = Trial Number: 28/60
338.8015	EXP	fixation: autoDraw = true
338.8015	EXP	text_clock: autoDraw = true
338.8015	EXP	text_clock: text = 0:26
338.8015	EXP	timerBorder: autoDraw = true
338.8015	EXP	trial_textCounter: autoDraw = true
338.81830000019073	EXP	text_clock: text = 0:26
338.8205	EXP	text_clock: text = 0:26
338.8515	EXP	text_clock: text = 0:26
338.85380000019074	EXP	text_clock: text = 0:26
338.86920000004767	EXP	text_clock: text = 0:26
338.8854000000954	EXP	text_clock: text = 0:26
338.91860000014304	EXP	text_clock: text = 0:26
338.9207000000477	EXP	text_clock: text = 0:26
338.93540000009534	EXP	text_clock: text = 0:26
338.95210000014305	EXP	text_clock: text = 0:26
338.9687000000477	EXP	text_clock: text = 0:26
339.00170000004766	EXP	text_clock: text = 0:26
339.00390000009537	EXP	text_clock: text = 0:26
339.035	EXP	text_clock: text = 0:26
339.0376000001431	EXP	fixation: autoDraw = null
339.0376000001431	EXP	text_clock: text = 0:26
339.06830000019073	EXP	Questions: autoDraw = true
339.06830000019073	EXP	inputTyping: autoDraw = true
339.06830000019073	EXP	text_clock: text = 0:26
339.06830000019073	EXP	reminderText2: autoDraw = true
339.0704000000954	EXP	text_clock: text = 0:26
339.0858000001907	EXP	text_clock: text = 0:26
339.10260000014307	EXP	text_clock: text = 0:26
339.12030000019075	EXP	text_clock: text = 0:26
339.152	EXP	text_clock: text = 0:26
339.16910000014303	EXP	text_clock: text = 0:26
339.1712000000477	EXP	text_clock: text = 0:26
339.18580000019074	EXP	text_clock: text = 0:26
339.20260000014304	EXP	text_clock: text = 0:26
339.21930000019074	EXP	text_clock: text = 0:26
339.236	EXP	text_clock: text = 0:26
339.253	EXP	text_clock: text = 0:26
339.28540000009536	EXP	text_clock: text = 0:26
339.28790000009536	EXP	text_clock: text = 0:26
339.30310000014305	EXP	text_clock: text = 0:26
339.31940000009536	EXP	text_clock: text = 0:26
339.336	EXP	text_clock: text = 0:26
339.35310000014306	EXP	text_clock: text = 0:26
339.3857000000477	EXP	text_clock: text = 0:26
339.388100000143	EXP	text_clock: text = 0:26
339.4195	EXP	text_clock: text = 0:26
339.4212000000477	EXP	text_clock: text = 0:26
339.436100000143	EXP	text_clock: text = 0:26
339.45340000009537	EXP	text_clock: text = 0:26
339.4703000001907	EXP	text_clock: text = 0:26
339.4864000000954	EXP	text_clock: text = 0:26
339.5032000000477	EXP	text_clock: text = 0:26
339.53580000019076	EXP	text_clock: text = 0:26
339.538	EXP	text_clock: text = 0:26
339.5532000000477	EXP	text_clock: text = 0:26
339.5697000000477	EXP	text_clock: text = 0:26
339.5865	EXP	text_clock: text = 0:26
339.6032000000477	EXP	text_clock: text = 0:26
339.6361000001431	EXP	text_clock: text = 0:26
339.638100000143	EXP	text_clock: text = 0:26
339.6535	EXP	text_clock: text = 0:26
339.686100000143	EXP	text_clock: text = 0:25
339.703100000143	EXP	text_clock: text = 0:25
339.705	EXP	text_clock: text = 0:25
339.7362000000477	EXP	text_clock: text = 0:25
339.7532000000477	EXP	text_clock: text = 0:25
339.7552000000477	EXP	text_clock: text = 0:25
339.78630000019075	EXP	text_clock: text = 0:25
339.7885	EXP	text_clock: text = 0:25
339.80380000019073	EXP	text_clock: text = 0:25
339.82010000014304	EXP	text_clock: text = 0:25
339.83710000014304	EXP	text_clock: text = 0:25
339.85410000014303	EXP	text_clock: text = 0:25
339.8865	EXP	text_clock: text = 0:25
339.9035	EXP	text_clock: text = 0:25
339.91970000004767	EXP	text_clock: text = 0:25
339.9365	EXP	text_clock: text = 0:25
339.95340000009537	EXP	text_clock: text = 0:25
339.9575	EXP	text_clock: text = 0:25
339.9868000001907	EXP	text_clock: text = 0:25
339.9889000000954	EXP	text_clock: text = 0:25
340.00390000009537	EXP	text_clock: text = 0:25
340.02030000019073	EXP	text_clock: text = 0:25
340.0373000001907	EXP	text_clock: text = 0:25
340.07	EXP	text_clock: text = 0:25
340.07240000009534	EXP	text_clock: text = 0:25
340.087600000143	EXP	text_clock: text = 0:25
340.104	EXP	text_clock: text = 0:25
340.12240000009535	EXP	text_clock: text = 0:25
340.15380000019076	EXP	text_clock: text = 0:25
340.17020000004766	EXP	text_clock: text = 0:25
340.17240000009537	EXP	text_clock: text = 0:25
340.1875	EXP	text_clock: text = 0:25
340.204	EXP	text_clock: text = 0:25
340.22090000009536	EXP	text_clock: text = 0:25
340.2536000001431	EXP	text_clock: text = 0:25
340.25560000014303	EXP	text_clock: text = 0:25
340.2874000000954	EXP	text_clock: text = 0:25
340.28930000019074	EXP	text_clock: text = 0:25
340.3042000000477	EXP	text_clock: text = 0:25
340.3209000000954	EXP	text_clock: text = 0:25
340.33730000019074	EXP	text_clock: text = 0:25
340.3542000000477	EXP	text_clock: text = 0:25
340.3709000000954	EXP	text_clock: text = 0:25
340.3874000000954	EXP	text_clock: text = 0:25
340.42060000014305	EXP	text_clock: text = 0:25
340.423	EXP	text_clock: text = 0:25
340.438	EXP	text_clock: text = 0:25
340.45430000019076	EXP	text_clock: text = 0:25
340.47110000014305	EXP	text_clock: text = 0:25
340.488	EXP	text_clock: text = 0:25
340.50440000009536	EXP	text_clock: text = 0:25
340.52140000009535	EXP	text_clock: text = 0:25
340.538	EXP	text_clock: text = 0:25
340.55490000009536	EXP	text_clock: text = 0:25
340.57140000009537	EXP	text_clock: text = 0:25
340.5879000000954	EXP	text_clock: text = 0:25
340.6209000000954	EXP	text_clock: text = 0:25
340.6232000000477	EXP	text_clock: text = 0:25
340.63870000004766	EXP	text_clock: text = 0:25
340.65460000014303	EXP	text_clock: text = 0:25
340.688	EXP	text_clock: text = 0:24
340.7042000000477	EXP	text_clock: text = 0:24
340.7063000001907	EXP	text_clock: text = 0:24
340.72160000014304	EXP	text_clock: text = 0:24
340.7385	EXP	text_clock: text = 0:24
340.75480000019076	EXP	text_clock: text = 0:24
340.7717000000477	EXP	text_clock: text = 0:24
340.78860000014305	EXP	text_clock: text = 0:24
340.8213000001907	EXP	text_clock: text = 0:24
340.82370000004767	EXP	text_clock: text = 0:24
340.83890000009535	EXP	text_clock: text = 0:24
340.8714000000954	EXP	text_clock: text = 0:24
340.8737000000477	EXP	text_clock: text = 0:24
340.9045	EXP	text_clock: text = 0:24
340.9215	EXP	text_clock: text = 0:24
340.9237000000477	EXP	text_clock: text = 0:24
340.9382000000477	EXP	text_clock: text = 0:24
340.9554000000954	EXP	text_clock: text = 0:24
340.9723000001907	EXP	text_clock: text = 0:24
340.98860000014304	EXP	text_clock: text = 0:24
341.0054000000954	EXP	text_clock: text = 0:24
341.0224000000954	EXP	text_clock: text = 0:24
341.0387000000477	EXP	text_clock: text = 0:24
341.05530000019075	EXP	text_clock: text = 0:24
341.0887000000477	EXP	text_clock: text = 0:24
341.10520000004766	EXP	text_clock: text = 0:24
341.12190000009537	EXP	text_clock: text = 0:24
341.138100000143	EXP	text_clock: text = 0:24
341.1551000001431	EXP	text_clock: text = 0:24
341.15790000009537	EXP	text_clock: text = 0:24
341.1889000000954	EXP	text_clock: text = 0:24
341.191	EXP	text_clock: text = 0:24
341.2058000001907	EXP	text_clock: text = 0:24
341.23830000019075	EXP	text_clock: text = 0:24
341.2405	EXP	text_clock: text = 0:24
341.2557000000477	EXP	text_clock: text = 0:24
341.27260000014303	EXP	text_clock: text = 0:24
341.2889000000954	EXP	text_clock: text = 0:24
341.3057000000477	EXP	text_clock: text = 0:24
341.32260000014304	EXP	text_clock: text = 0:24
341.33910000014305	EXP	text_clock: text = 0:24
341.35590000009535	EXP	text_clock: text = 0:24
341.37240000009535	EXP	text_clock: text = 0:24
341.38940000009535	EXP	text_clock: text = 0:24
341.4219000000954	EXP	text_clock: text = 0:24
341.438600000143	EXP	text_clock: text = 0:24
341.45550000000003	EXP	text_clock: text = 0:24
341.45780000019073	EXP	text_clock: text = 0:24
341.47270000004767	EXP	text_clock: text = 0:24
341.4892000000477	EXP	text_clock: text = 0:24
341.5061000001431	EXP	text_clock: text = 0:24
341.5224000000954	EXP	text_clock: text = 0:24
341.53930000019074	EXP	text_clock: text = 0:24
341.5562000000477	EXP	text_clock: text = 0:24
341.5732000000477	EXP	text_clock: text = 0:24
341.5894000000954	EXP	text_clock: text = 0:24
341.6067000000477	EXP	text_clock: text = 0:24
341.62310000014304	EXP	text_clock: text = 0:24
341.65590000009536	EXP	text_clock: text = 0:24
341.658	EXP	text_clock: text = 0:24
341.68910000014307	EXP	text_clock: text = 0:23
341.70610000014307	EXP	text_clock: text = 0:23
341.70710000014304	DATA	Keydown: 3
341.72290000009536	EXP	inputTyping: text = 3
341.72290000009536	EXP	text_clock: text = 0:23
341.7393000001907	EXP	text_clock: text = 0:23
341.7561000001431	EXP	text_clock: text = 0:23
341.7731000001431	EXP	text_clock: text = 0:23
341.7892000000477	EXP	text_clock: text = 0:23
341.8064000000954	EXP	text_clock: text = 0:23
341.82260000014304	EXP	text_clock: text = 0:23
341.8395	EXP	text_clock: text = 0:23
341.85630000019074	EXP	text_clock: text = 0:23
341.87330000019074	EXP	text_clock: text = 0:23
341.88940000009535	EXP	text_clock: text = 0:23
341.90630000019075	EXP	text_clock: text = 0:23
341.92330000019075	EXP	text_clock: text = 0:23
341.9395	EXP	text_clock: text = 0:23
341.9565	EXP	text_clock: text = 0:23
341.97330000019076	EXP	text_clock: text = 0:23
341.98960000014307	EXP	text_clock: text = 0:23
342.00660000014307	EXP	text_clock: text = 0:23
342.0235	EXP	text_clock: text = 0:23
342.0397000000477	EXP	text_clock: text = 0:23
342.0566000001431	EXP	text_clock: text = 0:23
342.0729000000954	EXP	text_clock: text = 0:23
342.09040000009537	EXP	text_clock: text = 0:23
342.10740000009537	EXP	text_clock: text = 0:23
342.10810000014305	DATA	Keydown: 6
342.123600000143	EXP	inputTyping: text = 36
342.123600000143	EXP	text_clock: text = 0:23
342.1497000000477	EXP	text_clock: text = 0:23
342.15660000014304	EXP	text_clock: text = 0:23
342.173	EXP	text_clock: text = 0:23
342.19	EXP	text_clock: text = 0:23
342.192	EXP	text_clock: text = 0:23
342.20730000019074	EXP	text_clock: text = 0:23
342.2237000000477	EXP	text_clock: text = 0:23
342.257	EXP	text_clock: text = 0:23
342.25930000019076	EXP	text_clock: text = 0:23
342.2642000000477	DATA	Keydown: Enter
342.2912000000477	EXP	text_clock: text = 0:23
342.2912000000477	EXP	fixation: autoDraw = null
342.2912000000477	EXP	Questions: autoDraw = null
342.2912000000477	EXP	inputTyping: autoDraw = null
342.2912000000477	EXP	text_clock: autoDraw = null
342.2912000000477	EXP	timerBorder: autoDraw = null
342.2912000000477	EXP	reminderText2: autoDraw = null
342.2912000000477	EXP	trial_textCounter: autoDraw = null
342.2912000000477	EXP	text_clock: autoDraw = null
342.2912000000477	EXP	inputTyping: text = _
342.2912000000477	EXP	Questions: text = 8 × 6 =
342.2912000000477	EXP	inputTyping: text = null
342.2912000000477	EXP	trial_textCounter: text = Trial Number: 29/60
342.2912000000477	EXP	fixation: autoDraw = true
342.2912000000477	EXP	text_clock: autoDraw = true
342.2912000000477	EXP	text_clock: text = 0:23
342.2912000000477	EXP	timerBorder: autoDraw = true
342.2912000000477	EXP	trial_textCounter: autoDraw = true
342.29310000014306	EXP	text_clock: text = 0:23
342.307	EXP	text_clock: text = 0:23
342.32460000014305	EXP	text_clock: text = 0:23
342.35720000004767	EXP	text_clock: text = 0:23
342.35910000014303	EXP	text_clock: text = 0:23
342.3737000000477	EXP	text_clock: text = 0:23
342.3908000001907	EXP	text_clock: text = 0:23
342.40790000009537	EXP	text_clock: text = 0:23
342.4242000000477	EXP	text_clock: text = 0:23
342.4412000000477	EXP	text_clock: text = 0:23
342.4581000001431	EXP	text_clock: text = 0:23
342.47430000019074	EXP	text_clock: text = 0:23
342.49110000014304	EXP	text_clock: text = 0:23
342.50760000014304	EXP	text_clock: text = 0:23
342.52410000014305	EXP	text_clock: text = 0:23
342.557	EXP	fixation: autoDraw = null
342.557	EXP	Questions: autoDraw = true
342.557	EXP	inputTyping: autoDraw = true
342.557	EXP	text_clock: text = 0:23
342.557	EXP	reminderText2: autoDraw = true
342.5589000000954	EXP	text_clock: text = 0:23
342.57410000014306	EXP	text_clock: text = 0:23
342.59090000009536	EXP	text_clock: text = 0:23
342.60760000014307	EXP	text_clock: text = 0:23
342.62480000019076	EXP	text_clock: text = 0:23
342.6413000001907	EXP	text_clock: text = 0:23
342.6576000001431	EXP	text_clock: text = 0:23
342.67470000004766	EXP	text_clock: text = 0:22
342.7077000000477	EXP	text_clock: text = 0:22
342.7095	EXP	text_clock: text = 0:22
342.741	EXP	text_clock: text = 0:22
342.74310000014304	EXP	text_clock: text = 0:22
342.7742000000477	EXP	text_clock: text = 0:22
342.77630000019076	EXP	text_clock: text = 0:22
342.79160000014303	EXP	text_clock: text = 0:22
342.808	EXP	text_clock: text = 0:22
342.84110000014306	EXP	text_clock: text = 0:22
342.84340000009536	EXP	text_clock: text = 0:22
342.85860000014304	EXP	text_clock: text = 0:22
342.8747000000477	EXP	text_clock: text = 0:22
342.89190000009535	EXP	text_clock: text = 0:22
342.9244000000954	EXP	text_clock: text = 0:22
342.9265	EXP	text_clock: text = 0:22
342.9418000001907	EXP	text_clock: text = 0:22
342.95840000009537	EXP	text_clock: text = 0:22
342.975	EXP	text_clock: text = 0:22
342.992	EXP	text_clock: text = 0:22
343.00830000019073	EXP	text_clock: text = 0:22
343.0253000001907	EXP	text_clock: text = 0:22
343.0419000000954	EXP	text_clock: text = 0:22
343.0747000000477	EXP	text_clock: text = 0:22
343.077	EXP	text_clock: text = 0:22
343.0919000000954	EXP	text_clock: text = 0:22
343.10830000019075	EXP	text_clock: text = 0:22
343.1252000000477	EXP	text_clock: text = 0:22
343.14230000019074	EXP	text_clock: text = 0:22
343.17490000009536	EXP	text_clock: text = 0:22
343.17710000014307	EXP	text_clock: text = 0:22
343.19190000009536	EXP	text_clock: text = 0:22
343.20860000014306	EXP	text_clock: text = 0:22
343.22540000009536	EXP	text_clock: text = 0:22
343.258	EXP	text_clock: text = 0:22
343.2604000000954	EXP	text_clock: text = 0:22
343.27570000004766	EXP	text_clock: text = 0:22
343.292	EXP	text_clock: text = 0:22
343.31	EXP	text_clock: text = 0:22
343.326	EXP	text_clock: text = 0:22
343.34250000000003	EXP	text_clock: text = 0:22
343.3589000000954	EXP	text_clock: text = 0:22
343.37580000019074	EXP	text_clock: text = 0:22
343.3927000000477	EXP	text_clock: text = 0:22
343.4092000000477	EXP	text_clock: text = 0:22
343.426	EXP	text_clock: text = 0:22
343.4427000000477	EXP	text_clock: text = 0:22
343.459	EXP	text_clock: text = 0:22
343.47590000009535	EXP	text_clock: text = 0:22
343.49240000009536	EXP	text_clock: text = 0:22
343.50910000014306	EXP	text_clock: text = 0:22
343.52590000009536	EXP	text_clock: text = 0:22
343.5425	EXP	text_clock: text = 0:22
343.55920000004767	EXP	text_clock: text = 0:22
343.5761000001431	EXP	text_clock: text = 0:22
343.5933000001907	EXP	text_clock: text = 0:22
343.6264000000954	EXP	text_clock: text = 0:22
343.6286000001431	EXP	text_clock: text = 0:22
343.64320000004767	EXP	text_clock: text = 0:22
343.6757000000477	EXP	text_clock: text = 0:22
343.69280000019074	EXP	text_clock: text = 0:21
343.70890000009535	EXP	text_clock: text = 0:21
343.71090000009536	EXP	text_clock: text = 0:21
343.7264000000954	EXP	text_clock: text = 0:21
343.74290000009535	EXP	text_clock: text = 0:21
343.7595	EXP	text_clock: text = 0:21
343.77660000014305	EXP	text_clock: text = 0:21
343.8091000001431	EXP	text_clock: text = 0:21
343.8112000000477	EXP	text_clock: text = 0:21
343.84290000009537	EXP	text_clock: text = 0:21
343.84520000004767	EXP	text_clock: text = 0:21
343.85970000004767	EXP	text_clock: text = 0:21
343.87670000004766	EXP	text_clock: text = 0:21
343.89300000000003	EXP	text_clock: text = 0:21
343.9098000001907	EXP	text_clock: text = 0:21
343.9268000001907	EXP	text_clock: text = 0:21
343.94310000014303	EXP	text_clock: text = 0:21
343.95980000019074	EXP	text_clock: text = 0:21
343.97680000019074	EXP	text_clock: text = 0:21
343.99330000019074	EXP	text_clock: text = 0:21
344.00990000009534	EXP	text_clock: text = 0:21
344.0269000000954	EXP	text_clock: text = 0:21
344.04330000019075	EXP	text_clock: text = 0:21
344.06	EXP	text_clock: text = 0:21
344.07680000019076	EXP	text_clock: text = 0:21
344.09320000004766	EXP	text_clock: text = 0:21
344.126	EXP	text_clock: text = 0:21
344.12810000014304	EXP	text_clock: text = 0:21
344.1433000001907	EXP	text_clock: text = 0:21
344.1767000000477	EXP	text_clock: text = 0:21
344.17880000019073	EXP	text_clock: text = 0:21
344.19350000000003	EXP	text_clock: text = 0:21
344.2267000000477	EXP	text_clock: text = 0:21
344.229	EXP	text_clock: text = 0:21
344.25990000009534	EXP	text_clock: text = 0:21
344.26210000014305	EXP	text_clock: text = 0:21
344.2769000000954	EXP	text_clock: text = 0:21
344.29340000009535	EXP	text_clock: text = 0:21
344.32690000009535	EXP	text_clock: text = 0:21
344.32870000004766	EXP	text_clock: text = 0:21
344.34380000019075	EXP	text_clock: text = 0:21
344.36060000014305	EXP	text_clock: text = 0:21
344.37740000009535	EXP	text_clock: text = 0:21
344.3938000001907	EXP	text_clock: text = 0:21
344.41090000009535	EXP	text_clock: text = 0:21
344.4275	EXP	text_clock: text = 0:21
344.44390000009537	EXP	text_clock: text = 0:21
344.461	EXP	text_clock: text = 0:21
344.4773000001907	EXP	text_clock: text = 0:21
344.4939000000954	EXP	text_clock: text = 0:21
344.5111000001431	EXP	text_clock: text = 0:21
344.5274000000954	EXP	text_clock: text = 0:21
344.5442000000477	EXP	text_clock: text = 0:21
344.5609000000954	EXP	text_clock: text = 0:21
344.59380000019075	EXP	text_clock: text = 0:21
344.59610000014305	EXP	text_clock: text = 0:21
344.61110000014304	EXP	text_clock: text = 0:21
344.627	EXP	text_clock: text = 0:21
344.644	EXP	text_clock: text = 0:21
344.661	EXP	text_clock: text = 0:21
344.6938000001907	EXP	text_clock: text = 0:20
344.71070000004767	EXP	text_clock: text = 0:20
344.7128000001907	EXP	text_clock: text = 0:20
344.72760000014307	EXP	text_clock: text = 0:20
344.7445	EXP	text_clock: text = 0:20
344.76140000009536	EXP	text_clock: text = 0:20
344.7777000000477	EXP	text_clock: text = 0:20
344.7944000000954	EXP	text_clock: text = 0:20
344.8114000000954	EXP	text_clock: text = 0:20
344.82780000019073	EXP	text_clock: text = 0:20
344.8445	EXP	text_clock: text = 0:20
344.86110000014304	EXP	text_clock: text = 0:20
344.8779000000954	EXP	text_clock: text = 0:20
344.89460000014304	EXP	text_clock: text = 0:20
344.90630000019075	DATA	Keydown: 4
344.92740000009536	EXP	inputTyping: text = 4
344.92740000009536	EXP	text_clock: text = 0:20
344.9443000001907	EXP	text_clock: text = 0:20
344.94640000009537	EXP	text_clock: text = 0:20
344.9617000000477	EXP	text_clock: text = 0:20
344.97860000014305	EXP	text_clock: text = 0:20
345.01120000004767	EXP	text_clock: text = 0:20
345.0134000000954	EXP	text_clock: text = 0:20
345.02810000014307	EXP	text_clock: text = 0:20
345.0448000001907	EXP	text_clock: text = 0:20
345.0614000000954	EXP	text_clock: text = 0:20
345.0945	EXP	text_clock: text = 0:20
345.0967000000477	EXP	text_clock: text = 0:20
345.111600000143	EXP	text_clock: text = 0:20
345.1284000000954	EXP	text_clock: text = 0:20
345.14510000014303	EXP	text_clock: text = 0:20
345.16180000019074	EXP	text_clock: text = 0:20
345.17830000019075	EXP	text_clock: text = 0:20
345.19530000019074	EXP	text_clock: text = 0:20
345.212	EXP	text_clock: text = 0:20
345.22830000019076	EXP	text_clock: text = 0:20
345.2452000000477	EXP	text_clock: text = 0:20
345.26230000019075	EXP	text_clock: text = 0:20
345.27860000014306	EXP	text_clock: text = 0:20
345.31190000009536	EXP	text_clock: text = 0:20
345.314	EXP	text_clock: text = 0:20
345.3152000000477	DATA	Keydown: 8
345.345	EXP	inputTyping: text = 48
345.345	EXP	text_clock: text = 0:20
345.36130000019074	EXP	text_clock: text = 0:20
345.3634000000954	EXP	text_clock: text = 0:20
345.39510000014303	EXP	text_clock: text = 0:20
345.397	EXP	text_clock: text = 0:20
345.4123000001907	EXP	text_clock: text = 0:20
345.42880000019073	EXP	text_clock: text = 0:20
345.46130000019076	EXP	text_clock: text = 0:20
345.4635	EXP	text_clock: text = 0:20
345.4789000000954	EXP	text_clock: text = 0:20
345.49540000009534	EXP	text_clock: text = 0:20
345.5122000000477	EXP	text_clock: text = 0:20
345.5292000000477	EXP	text_clock: text = 0:20
345.54560000014305	EXP	text_clock: text = 0:20
345.546	DATA	Keydown: Enter
345.57870000004766	EXP	text_clock: text = 0:20
345.57870000004766	EXP	fixation: autoDraw = null
345.57870000004766	EXP	Questions: autoDraw = null
345.57870000004766	EXP	inputTyping: autoDraw = null
345.57870000004766	EXP	text_clock: autoDraw = null
345.57870000004766	EXP	timerBorder: autoDraw = null
345.57870000004766	EXP	reminderText2: autoDraw = null
345.57870000004766	EXP	trial_textCounter: autoDraw = null
345.57870000004766	EXP	text_clock: autoDraw = null
345.57870000004766	EXP	inputTyping: text = _
345.57870000004766	EXP	Questions: text = 9 × 7 =
345.57870000004766	EXP	inputTyping: text = null
345.57870000004766	EXP	trial_textCounter: text = Trial Number: 30/60
345.57870000004766	EXP	fixation: autoDraw = true
345.57870000004766	EXP	text_clock: autoDraw = true
345.57870000004766	EXP	text_clock: text = 0:20
345.57870000004766	EXP	timerBorder: autoDraw = true
345.57870000004766	EXP	trial_textCounter: autoDraw = true
345.58050000000003	EXP	text_clock: text = 0:20
345.59540000009537	EXP	text_clock: text = 0:20
345.6125	EXP	text_clock: text = 0:20
345.6293000001907	EXP	text_clock: text = 0:20
345.646	EXP	text_clock: text = 0:20
345.66270000004766	EXP	text_clock: text = 0:20
345.69560000014303	EXP	text_clock: text = 0:19
345.7131000001431	EXP	text_clock: text = 0:19
345.715100000143	EXP	text_clock: text = 0:19
345.7294000000954	EXP	text_clock: text = 0:19
345.7459000000954	EXP	text_clock: text = 0:19
345.76280000019074	EXP	text_clock: text = 0:19
345.77930000019074	EXP	text_clock: text = 0:19
345.79590000009534	EXP	text_clock: text = 0:19
345.81260000014305	EXP	text_clock: text = 0:19
345.84540000009537	EXP	fixation: autoDraw = null
345.84540000009537	EXP	Questions: autoDraw = true
345.84540000009537	EXP	inputTyping: autoDraw = true
345.84540000009537	EXP	text_clock: text = 0:19
345.84540000009537	EXP	reminderText2: autoDraw = true
345.8474000000954	EXP	text_clock: text = 0:19
345.8627000000477	EXP	text_clock: text = 0:19
345.8795	EXP	text_clock: text = 0:19
345.89610000014306	EXP	text_clock: text = 0:19
345.9291000001431	EXP	text_clock: text = 0:19
345.9315	EXP	text_clock: text = 0:19
345.94660000014306	EXP	text_clock: text = 0:19
345.96380000019076	EXP	text_clock: text = 0:19
345.98	EXP	text_clock: text = 0:19
345.9962000000477	EXP	text_clock: text = 0:19
346.0129000000954	EXP	text_clock: text = 0:19
346.0297000000477	EXP	text_clock: text = 0:19
346.046	EXP	text_clock: text = 0:19
346.063	EXP	text_clock: text = 0:19
346.09570000004766	EXP	text_clock: text = 0:19
346.098	EXP	text_clock: text = 0:19
346.11310000014305	EXP	text_clock: text = 0:19
346.1302000000477	EXP	text_clock: text = 0:19
346.1625	EXP	text_clock: text = 0:19
346.164600000143	EXP	text_clock: text = 0:19
346.18030000019075	EXP	text_clock: text = 0:19
346.19660000014306	EXP	text_clock: text = 0:19
346.2137000000477	EXP	text_clock: text = 0:19
346.2303000001907	EXP	text_clock: text = 0:19
346.26280000019074	EXP	text_clock: text = 0:19
346.2652000000477	EXP	text_clock: text = 0:19
346.28110000014306	EXP	text_clock: text = 0:19
346.31280000019075	EXP	text_clock: text = 0:19
346.31510000014305	EXP	text_clock: text = 0:19
346.3304000000954	EXP	text_clock: text = 0:19
346.363	EXP	text_clock: text = 0:19
346.36530000019076	EXP	text_clock: text = 0:19
346.38060000014303	EXP	text_clock: text = 0:19
346.4132000000477	EXP	text_clock: text = 0:19
346.4155	EXP	text_clock: text = 0:19
346.4305	EXP	text_clock: text = 0:19
346.44690000009535	EXP	text_clock: text = 0:19
346.4637000000477	EXP	text_clock: text = 0:19
346.48080000019075	EXP	text_clock: text = 0:19
346.49710000014306	EXP	text_clock: text = 0:19
346.51390000009536	EXP	text_clock: text = 0:19
346.531	EXP	text_clock: text = 0:19
346.5635	EXP	text_clock: text = 0:19
346.56580000019073	EXP	text_clock: text = 0:19
346.5965	EXP	text_clock: text = 0:19
346.6135	EXP	text_clock: text = 0:19
346.63030000019074	EXP	text_clock: text = 0:19
346.64660000014305	EXP	text_clock: text = 0:19
346.66360000014305	EXP	text_clock: text = 0:19
346.6805	EXP	text_clock: text = 0:19
346.6967000000477	EXP	text_clock: text = 0:18
346.71360000014306	EXP	text_clock: text = 0:18
346.73060000014306	EXP	text_clock: text = 0:18
346.74670000004767	EXP	text_clock: text = 0:18
346.76370000004766	EXP	text_clock: text = 0:18
346.7658000001907	EXP	text_clock: text = 0:18
346.78140000009535	EXP	text_clock: text = 0:18
346.7975	EXP	text_clock: text = 0:18
346.8145	EXP	text_clock: text = 0:18
346.83110000014307	EXP	text_clock: text = 0:18
346.8474000000954	EXP	text_clock: text = 0:18
346.88030000019074	EXP	text_clock: text = 0:18
346.8825	EXP	text_clock: text = 0:18
346.8975	EXP	text_clock: text = 0:18
346.9147000000477	EXP	text_clock: text = 0:18
346.931	EXP	text_clock: text = 0:18
346.9477000000477	EXP	text_clock: text = 0:18
346.96460000014304	EXP	text_clock: text = 0:18
346.98110000014304	EXP	text_clock: text = 0:18
346.99780000019075	EXP	text_clock: text = 0:18
347.031	EXP	text_clock: text = 0:18
347.03320000004766	EXP	text_clock: text = 0:18
347.04840000009534	EXP	text_clock: text = 0:18
347.065	EXP	text_clock: text = 0:18
347.0815	EXP	text_clock: text = 0:18
347.09810000014306	EXP	text_clock: text = 0:18
347.115	EXP	text_clock: text = 0:18
347.1315	EXP	text_clock: text = 0:18
347.1483000001907	EXP	text_clock: text = 0:18
347.165	EXP	text_clock: text = 0:18
347.18130000019073	EXP	text_clock: text = 0:18
347.1985	EXP	text_clock: text = 0:18
347.215	EXP	text_clock: text = 0:18
347.23160000014303	EXP	text_clock: text = 0:18
347.2482000000477	EXP	text_clock: text = 0:18
347.2652000000477	EXP	text_clock: text = 0:18
347.2819000000954	EXP	text_clock: text = 0:18
347.29830000019075	EXP	text_clock: text = 0:18
347.3154000000954	EXP	text_clock: text = 0:18
347.33180000019075	EXP	text_clock: text = 0:18
347.34840000009535	EXP	text_clock: text = 0:18
347.36540000009535	EXP	text_clock: text = 0:18
347.3979000000954	EXP	text_clock: text = 0:18
347.4	EXP	text_clock: text = 0:18
347.41540000009536	EXP	text_clock: text = 0:18
347.43230000019076	EXP	text_clock: text = 0:18
347.4486000001431	EXP	text_clock: text = 0:18
347.46540000009537	EXP	text_clock: text = 0:18
347.49810000014304	EXP	text_clock: text = 0:18
347.5004000000954	EXP	text_clock: text = 0:18
347.515600000143	EXP	text_clock: text = 0:18
347.53180000019074	EXP	text_clock: text = 0:18
347.54880000019074	EXP	text_clock: text = 0:18
347.56530000019075	EXP	text_clock: text = 0:18
347.59840000009535	EXP	text_clock: text = 0:18
347.61540000009535	EXP	text_clock: text = 0:18
347.6315	EXP	text_clock: text = 0:18
347.64840000009536	EXP	text_clock: text = 0:18
347.6653000001907	EXP	text_clock: text = 0:18
347.68170000004767	EXP	text_clock: text = 0:18
347.6985	EXP	text_clock: text = 0:17
347.7149000000954	EXP	text_clock: text = 0:17
347.7317000000477	EXP	text_clock: text = 0:17
347.748600000143	EXP	text_clock: text = 0:17
347.7655	EXP	text_clock: text = 0:17
347.78180000019074	EXP	text_clock: text = 0:17
347.7987000000477	EXP	text_clock: text = 0:17
347.8165	EXP	text_clock: text = 0:17
347.81730000019076	DATA	Keydown: 6
347.83190000009535	EXP	inputTyping: text = 6
347.83190000009535	EXP	text_clock: text = 0:17
347.8487000000477	EXP	text_clock: text = 0:17
347.8507000000477	EXP	text_clock: text = 0:17
347.88190000009536	EXP	text_clock: text = 0:17
347.8842000000477	EXP	text_clock: text = 0:17
347.89940000009534	EXP	text_clock: text = 0:17
347.932	EXP	text_clock: text = 0:17
347.93420000004767	EXP	text_clock: text = 0:17
347.9495	EXP	text_clock: text = 0:17
347.9662000000477	EXP	text_clock: text = 0:17
347.98270000004766	EXP	text_clock: text = 0:17
347.99960000014306	EXP	text_clock: text = 0:17
348.01620000004766	EXP	text_clock: text = 0:17
348.03270000004767	EXP	text_clock: text = 0:17
348.04970000004766	EXP	text_clock: text = 0:17
348.0835	EXP	text_clock: text = 0:17
348.08570000004767	EXP	text_clock: text = 0:17
348.1	EXP	text_clock: text = 0:17
348.10060000014306	DATA	Keydown: 3
348.1325	EXP	inputTyping: text = 63
348.1325	EXP	text_clock: text = 0:17
348.14940000009534	EXP	text_clock: text = 0:17
348.1515	EXP	text_clock: text = 0:17
348.16630000019074	EXP	text_clock: text = 0:17
348.18290000009534	EXP	text_clock: text = 0:17
348.1999000000954	EXP	text_clock: text = 0:17
348.2325	EXP	text_clock: text = 0:17
348.235	EXP	text_clock: text = 0:17
348.25	EXP	text_clock: text = 0:17
348.26660000014306	EXP	text_clock: text = 0:17
348.2835	EXP	text_clock: text = 0:17
348.2998000001907	EXP	text_clock: text = 0:17
348.30030000019076	DATA	Keydown: Enter
348.3331000001431	EXP	text_clock: text = 0:17
348.3331000001431	EXP	fixation: autoDraw = null
348.3331000001431	EXP	Questions: autoDraw = null
348.3331000001431	EXP	inputTyping: autoDraw = null
348.3331000001431	EXP	text_clock: autoDraw = null
348.3331000001431	EXP	timerBorder: autoDraw = null
348.3331000001431	EXP	reminderText2: autoDraw = null
348.3331000001431	EXP	trial_textCounter: autoDraw = null
348.3331000001431	EXP	text_clock: autoDraw = null
348.3331000001431	EXP	inputTyping: text = _
348.3331000001431	EXP	Questions: text = 4 × 3 =
348.3331000001431	EXP	inputTyping: text = null
348.3331000001431	EXP	trial_textCounter: text = Trial Number: 31/60
348.3331000001431	EXP	fixation: autoDraw = true
348.3331000001431	EXP	text_clock: autoDraw = true
348.3331000001431	EXP	text_clock: text = 0:17
348.3331000001431	EXP	timerBorder: autoDraw = true
348.3331000001431	EXP	trial_textCounter: autoDraw = true
348.3349000000954	EXP	text_clock: text = 0:17
348.3501000001431	EXP	text_clock: text = 0:17
348.3666000001431	EXP	text_clock: text = 0:17
348.3997000000477	EXP	text_clock: text = 0:17
348.40210000014304	EXP	text_clock: text = 0:17
348.43290000009534	EXP	text_clock: text = 0:17
348.43480000019076	EXP	text_clock: text = 0:17
348.4507000000477	EXP	text_clock: text = 0:17
348.4665	EXP	text_clock: text = 0:17
348.4835	EXP	text_clock: text = 0:17
348.5	EXP	text_clock: text = 0:17
348.51680000019076	EXP	text_clock: text = 0:17
348.53360000014305	EXP	text_clock: text = 0:17
348.55040000009535	EXP	text_clock: text = 0:17
348.58320000004767	EXP	fixation: autoDraw = null
348.58320000004767	EXP	text_clock: text = 0:17
348.6	EXP	Questions: autoDraw = true
348.6	EXP	inputTyping: autoDraw = true
348.6	EXP	text_clock: text = 0:17
348.6	EXP	reminderText2: autoDraw = true
348.6022000000477	EXP	text_clock: text = 0:17
348.6332000000477	EXP	text_clock: text = 0:17
348.6355	EXP	text_clock: text = 0:17
348.65160000014305	EXP	text_clock: text = 0:17
348.667	EXP	text_clock: text = 0:17
348.7004000000954	EXP	text_clock: text = 0:16
348.71680000019074	EXP	text_clock: text = 0:16
348.7187000000477	EXP	text_clock: text = 0:16
348.7342000000477	EXP	text_clock: text = 0:16
348.7504000000954	EXP	text_clock: text = 0:16
348.76760000014303	EXP	text_clock: text = 0:16
348.784	EXP	text_clock: text = 0:16
348.8007000000477	EXP	text_clock: text = 0:16
348.83360000014306	EXP	text_clock: text = 0:16
348.8358000001907	EXP	text_clock: text = 0:16
348.85080000019076	EXP	text_clock: text = 0:16
348.8673000001907	EXP	text_clock: text = 0:16
348.88430000019076	EXP	text_clock: text = 0:16
348.9169000000954	EXP	text_clock: text = 0:16
348.91910000014303	EXP	text_clock: text = 0:16
348.93440000009537	EXP	text_clock: text = 0:16
348.9509000000954	EXP	text_clock: text = 0:16
348.96750000000003	EXP	text_clock: text = 0:16
349.0004000000954	EXP	text_clock: text = 0:16
349.00280000019075	EXP	text_clock: text = 0:16
349.034	EXP	text_clock: text = 0:16
349.05040000009535	EXP	text_clock: text = 0:16
349.05260000014306	EXP	text_clock: text = 0:16
349.0677000000477	EXP	text_clock: text = 0:16
349.0847000000477	EXP	text_clock: text = 0:16
349.1173000001907	EXP	text_clock: text = 0:16
349.11940000009537	EXP	text_clock: text = 0:16
349.1347000000477	EXP	text_clock: text = 0:16
349.151	EXP	text_clock: text = 0:16
349.1843000001907	EXP	text_clock: text = 0:16
349.1863000001907	EXP	text_clock: text = 0:16
349.2013000001907	EXP	text_clock: text = 0:16
349.2344000000954	EXP	text_clock: text = 0:16
349.236600000143	EXP	text_clock: text = 0:16
349.2512000000477	EXP	text_clock: text = 0:16
349.2683000001907	EXP	text_clock: text = 0:16
349.2849000000954	EXP	text_clock: text = 0:16
349.3018000001907	EXP	text_clock: text = 0:16
349.31810000014303	EXP	text_clock: text = 0:16
349.3352000000477	EXP	text_clock: text = 0:16
349.3677000000477	EXP	text_clock: text = 0:16
349.3847000000477	EXP	text_clock: text = 0:16
349.40090000009536	EXP	text_clock: text = 0:16
349.4178000001907	EXP	text_clock: text = 0:16
349.4347000000477	EXP	text_clock: text = 0:16
349.451	EXP	text_clock: text = 0:16
349.46790000009537	EXP	text_clock: text = 0:16
349.4848000001907	EXP	text_clock: text = 0:16
349.501100000143	EXP	text_clock: text = 0:16
349.51800000000003	EXP	text_clock: text = 0:16
349.5349000000954	EXP	text_clock: text = 0:16
349.5512000000477	EXP	text_clock: text = 0:16
349.5682000000477	EXP	text_clock: text = 0:16
349.585	EXP	text_clock: text = 0:16
349.6012000000477	EXP	text_clock: text = 0:16
349.6182000000477	EXP	text_clock: text = 0:16
349.63510000014304	EXP	text_clock: text = 0:16
349.65310000014307	EXP	text_clock: text = 0:16
349.66830000019075	EXP	text_clock: text = 0:16
349.6852000000477	EXP	text_clock: text = 0:15
349.70140000009536	EXP	text_clock: text = 0:15
349.71840000009536	EXP	text_clock: text = 0:15
349.73530000019076	EXP	text_clock: text = 0:15
349.75160000014307	EXP	text_clock: text = 0:15
349.7685	EXP	text_clock: text = 0:15
349.78540000009536	EXP	text_clock: text = 0:15
349.801600000143	EXP	text_clock: text = 0:15
349.81850000000003	EXP	text_clock: text = 0:15
349.8355	EXP	text_clock: text = 0:15
349.8517000000477	EXP	text_clock: text = 0:15
349.86860000014303	EXP	text_clock: text = 0:15
349.88560000014303	EXP	text_clock: text = 0:15
349.90180000019075	EXP	text_clock: text = 0:15
349.9187000000477	EXP	text_clock: text = 0:15
349.92	DATA	Keydown: 1
349.9355	EXP	inputTyping: text = 1
349.9355	EXP	text_clock: text = 0:15
349.95180000019076	EXP	text_clock: text = 0:15
349.96880000019075	EXP	text_clock: text = 0:15
349.9857000000477	EXP	text_clock: text = 0:15
350.002	EXP	text_clock: text = 0:15
350.01890000009536	EXP	text_clock: text = 0:15
350.0197000000477	DATA	Keydown: 2
350.03580000019076	EXP	inputTyping: text = 12
350.03580000019076	EXP	text_clock: text = 0:15
350.05210000014307	EXP	text_clock: text = 0:15
350.0541000001431	EXP	text_clock: text = 0:15
350.06940000009536	EXP	text_clock: text = 0:15
350.08590000009536	EXP	text_clock: text = 0:15
350.1028000001907	EXP	text_clock: text = 0:15
350.11960000014307	EXP	text_clock: text = 0:15
350.136	EXP	text_clock: text = 0:15
350.1527000000477	EXP	text_clock: text = 0:15
350.16970000004767	EXP	text_clock: text = 0:15
350.1862000000477	EXP	text_clock: text = 0:15
350.2027000000477	EXP	text_clock: text = 0:15
350.2199000000954	EXP	text_clock: text = 0:15
350.2362000000477	EXP	text_clock: text = 0:15
350.25280000019075	EXP	text_clock: text = 0:15
350.27010000014303	EXP	text_clock: text = 0:15
350.2867000000477	EXP	text_clock: text = 0:15
350.2874000000954	DATA	Keydown: Enter
350.3195	EXP	text_clock: text = 0:15
350.3195	EXP	fixation: autoDraw = null
350.3195	EXP	Questions: autoDraw = null
350.3195	EXP	inputTyping: autoDraw = null
350.3195	EXP	text_clock: autoDraw = null
350.3195	EXP	timerBorder: autoDraw = null
350.3195	EXP	reminderText2: autoDraw = null
350.3195	EXP	trial_textCounter: autoDraw = null
350.3195	EXP	text_clock: autoDraw = null
350.3195	EXP	inputTyping: text = _
350.3195	EXP	Questions: text = 5 × 5 =
350.3195	EXP	inputTyping: text = null
350.3195	EXP	trial_textCounter: text = Trial Number: 32/60
350.3195	EXP	fixation: autoDraw = true
350.3195	EXP	text_clock: autoDraw = true
350.3195	EXP	text_clock: text = 0:15
350.3195	EXP	timerBorder: autoDraw = true
350.3195	EXP	trial_textCounter: autoDraw = true
350.3215	EXP	text_clock: text = 0:15
350.33630000019076	EXP	text_clock: text = 0:15
350.35310000014306	EXP	text_clock: text = 0:15
350.3702000000477	EXP	text_clock: text = 0:15
350.3863000001907	EXP	text_clock: text = 0:15
350.4033000001907	EXP	text_clock: text = 0:15
350.41970000004767	EXP	text_clock: text = 0:15
350.437	EXP	text_clock: text = 0:15
350.453100000143	EXP	text_clock: text = 0:15
350.4697000000477	EXP	text_clock: text = 0:15
350.4869000000954	EXP	text_clock: text = 0:15
350.5036000001431	EXP	text_clock: text = 0:15
350.5199000000954	EXP	text_clock: text = 0:15
350.5365	EXP	text_clock: text = 0:15
350.55360000014304	EXP	fixation: autoDraw = null
350.55360000014304	EXP	text_clock: text = 0:15
350.58630000019076	EXP	Questions: autoDraw = true
350.58630000019076	EXP	inputTyping: autoDraw = true
350.58630000019076	EXP	text_clock: text = 0:15
350.58630000019076	EXP	reminderText2: autoDraw = true
350.5881000001431	EXP	text_clock: text = 0:15
350.6035	EXP	text_clock: text = 0:15
350.62010000014305	EXP	text_clock: text = 0:15
350.638	EXP	text_clock: text = 0:15
350.65340000009536	EXP	text_clock: text = 0:15
350.6863000001907	EXP	text_clock: text = 0:14
350.7032000000477	EXP	text_clock: text = 0:14
350.70530000019073	EXP	text_clock: text = 0:14
350.7203000001907	EXP	text_clock: text = 0:14
350.737	EXP	text_clock: text = 0:14
350.75420000004766	EXP	text_clock: text = 0:14
350.7865	EXP	text_clock: text = 0:14
350.8034000000954	EXP	text_clock: text = 0:14
350.80540000009535	EXP	text_clock: text = 0:14
350.8204000000954	EXP	text_clock: text = 0:14
350.83710000014304	EXP	text_clock: text = 0:14
350.854	EXP	text_clock: text = 0:14
350.87060000014304	EXP	text_clock: text = 0:14
350.887	EXP	text_clock: text = 0:14
350.904	EXP	text_clock: text = 0:14
350.92060000014305	EXP	text_clock: text = 0:14
350.9375	EXP	text_clock: text = 0:14
350.95410000014306	EXP	text_clock: text = 0:14
350.97070000004766	EXP	text_clock: text = 0:14
350.98760000014306	EXP	text_clock: text = 0:14
351.0043000001907	EXP	text_clock: text = 0:14
351.02070000004767	EXP	text_clock: text = 0:14
351.0375	EXP	text_clock: text = 0:14
351.0543000001907	EXP	text_clock: text = 0:14
351.087	EXP	text_clock: text = 0:14
351.08930000019075	EXP	text_clock: text = 0:14
351.1045	EXP	text_clock: text = 0:14
351.1207000000477	EXP	text_clock: text = 0:14
351.13760000014304	EXP	text_clock: text = 0:14
351.15460000014303	EXP	text_clock: text = 0:14
351.1714000000954	EXP	text_clock: text = 0:14
351.188	EXP	text_clock: text = 0:14
351.20460000014305	EXP	text_clock: text = 0:14
351.2215	EXP	text_clock: text = 0:14
351.2377000000477	EXP	text_clock: text = 0:14
351.25460000014306	EXP	text_clock: text = 0:14
351.27110000014306	EXP	text_clock: text = 0:14
351.28810000014306	EXP	text_clock: text = 0:14
351.3048000001907	EXP	text_clock: text = 0:14
351.3381000001431	EXP	text_clock: text = 0:14
351.34070000004766	EXP	text_clock: text = 0:14
351.35520000004766	EXP	text_clock: text = 0:14
351.3715	EXP	text_clock: text = 0:14
351.388	EXP	text_clock: text = 0:14
351.4045	EXP	text_clock: text = 0:14
351.43760000014305	EXP	text_clock: text = 0:14
351.4397000000477	EXP	text_clock: text = 0:14
351.45510000014303	EXP	text_clock: text = 0:14
351.4712000000477	EXP	text_clock: text = 0:14
351.4884000000954	EXP	text_clock: text = 0:14
351.52090000009537	EXP	text_clock: text = 0:14
351.5378000001907	EXP	text_clock: text = 0:14
351.54	EXP	text_clock: text = 0:14
351.55490000009536	EXP	text_clock: text = 0:14
351.5717000000477	EXP	text_clock: text = 0:14
351.5885	EXP	text_clock: text = 0:14
351.62230000019076	EXP	text_clock: text = 0:14
351.6245	EXP	text_clock: text = 0:14
351.6385	EXP	text_clock: text = 0:14
351.6551000001431	EXP	text_clock: text = 0:14
351.68810000014304	EXP	text_clock: text = 0:13
351.70440000009535	EXP	text_clock: text = 0:13
351.70660000014306	EXP	text_clock: text = 0:13
351.7124000000954	DATA	Keydown: 2
351.73830000019075	EXP	inputTyping: text = 2
351.73830000019075	EXP	text_clock: text = 0:13
351.7545	EXP	text_clock: text = 0:13
351.7565	EXP	text_clock: text = 0:13
351.772	EXP	text_clock: text = 0:13
351.7887000000477	EXP	text_clock: text = 0:13
351.8052000000477	EXP	text_clock: text = 0:13
351.8383000001907	EXP	text_clock: text = 0:13
351.8405	EXP	text_clock: text = 0:13
351.8553000001907	EXP	text_clock: text = 0:13
351.872	EXP	text_clock: text = 0:13
351.8886000001431	EXP	text_clock: text = 0:13
351.90540000009537	EXP	text_clock: text = 0:13
351.92220000004767	EXP	text_clock: text = 0:13
351.95550000000003	EXP	text_clock: text = 0:13
351.9717000000477	EXP	text_clock: text = 0:13
351.97410000014304	EXP	text_clock: text = 0:13
351.98880000019074	EXP	text_clock: text = 0:13
352.00530000019074	EXP	text_clock: text = 0:13
352.0225	EXP	text_clock: text = 0:13
352.03540000009536	DATA	Keydown: 5
352.055	EXP	inputTyping: text = 25
352.055	EXP	text_clock: text = 0:13
352.07190000009535	EXP	text_clock: text = 0:13
352.0883000001907	EXP	text_clock: text = 0:13
352.09060000014307	EXP	text_clock: text = 0:13
352.1057000000477	EXP	text_clock: text = 0:13
352.1384000000954	EXP	text_clock: text = 0:13
352.1407000000477	EXP	text_clock: text = 0:13
352.1562000000477	EXP	text_clock: text = 0:13
352.17080000019075	DATA	Keydown: Enter
352.1889000000954	EXP	text_clock: text = 0:13
352.1889000000954	EXP	fixation: autoDraw = null
352.1889000000954	EXP	Questions: autoDraw = null
352.1889000000954	EXP	inputTyping: autoDraw = null
352.1889000000954	EXP	text_clock: autoDraw = null
352.1889000000954	EXP	timerBorder: autoDraw = null
352.1889000000954	EXP	reminderText2: autoDraw = null
352.1889000000954	EXP	trial_textCounter: autoDraw = null
352.1889000000954	EXP	text_clock: autoDraw = null
352.1889000000954	EXP	inputTyping: text = _
352.1889000000954	EXP	Questions: text = 3 × 2 =
352.1889000000954	EXP	inputTyping: text = null
352.1889000000954	EXP	trial_textCounter: text = Trial Number: 33/60
352.1889000000954	EXP	fixation: autoDraw = true
352.1889000000954	EXP	text_clock: autoDraw = true
352.1889000000954	EXP	text_clock: text = 0:13
352.1889000000954	EXP	timerBorder: autoDraw = true
352.1889000000954	EXP	trial_textCounter: autoDraw = true
352.19080000019073	EXP	text_clock: text = 0:13
352.20570000004767	EXP	text_clock: text = 0:13
352.22270000004767	EXP	text_clock: text = 0:13
352.2394000000954	EXP	text_clock: text = 0:13
352.25580000019073	EXP	text_clock: text = 0:13
352.2727000000477	EXP	text_clock: text = 0:13
352.2894000000954	EXP	text_clock: text = 0:13
352.3059000000954	EXP	text_clock: text = 0:13
352.323	EXP	text_clock: text = 0:13
352.33930000019075	EXP	text_clock: text = 0:13
352.35590000009535	EXP	text_clock: text = 0:13
352.37290000009534	EXP	text_clock: text = 0:13
352.38940000009535	EXP	text_clock: text = 0:13
352.4062000000477	EXP	text_clock: text = 0:13
352.42290000009535	EXP	fixation: autoDraw = null
352.42290000009535	EXP	text_clock: text = 0:13
352.4556000001431	EXP	Questions: autoDraw = true
352.4556000001431	EXP	inputTyping: autoDraw = true
352.4556000001431	EXP	text_clock: text = 0:13
352.4556000001431	EXP	reminderText2: autoDraw = true
352.45760000014303	EXP	text_clock: text = 0:13
352.473	EXP	text_clock: text = 0:13
352.4893000001907	EXP	text_clock: text = 0:13
352.50640000009537	EXP	text_clock: text = 0:13
352.52340000009536	EXP	text_clock: text = 0:13
352.5397000000477	EXP	text_clock: text = 0:13
352.5565	EXP	text_clock: text = 0:13
352.57410000014306	EXP	text_clock: text = 0:13
352.58980000019073	EXP	text_clock: text = 0:13
352.6065	EXP	text_clock: text = 0:13
352.623600000143	EXP	text_clock: text = 0:13
352.64	EXP	text_clock: text = 0:13
352.6565	EXP	text_clock: text = 0:13
352.6893000001907	EXP	text_clock: text = 0:12
352.70620000004766	EXP	text_clock: text = 0:12
352.70840000009537	EXP	text_clock: text = 0:12
352.72380000019075	EXP	text_clock: text = 0:12
352.73990000009536	EXP	text_clock: text = 0:12
352.75690000009536	EXP	text_clock: text = 0:12
352.77360000014306	EXP	text_clock: text = 0:12
352.80630000019073	EXP	text_clock: text = 0:12
352.80880000019073	EXP	text_clock: text = 0:12
352.82390000009536	EXP	text_clock: text = 0:12
352.84	EXP	text_clock: text = 0:12
352.857	EXP	text_clock: text = 0:12
352.8738000001907	EXP	text_clock: text = 0:12
352.8902000000477	EXP	text_clock: text = 0:12
352.9235	EXP	text_clock: text = 0:12
352.92580000019075	EXP	text_clock: text = 0:12
352.9565	EXP	text_clock: text = 0:12
352.95880000019076	EXP	text_clock: text = 0:12
352.9898000001907	EXP	text_clock: text = 0:12
352.99220000004766	EXP	text_clock: text = 0:12
353.007	EXP	text_clock: text = 0:12
353.0398000001907	EXP	text_clock: text = 0:12
353.04220000004767	EXP	text_clock: text = 0:12
353.05720000004766	EXP	text_clock: text = 0:12
353.07370000004767	EXP	text_clock: text = 0:12
353.0905	EXP	text_clock: text = 0:12
353.10760000014307	EXP	text_clock: text = 0:12
353.14010000014304	EXP	text_clock: text = 0:12
353.1425	EXP	text_clock: text = 0:12
353.15730000019073	EXP	text_clock: text = 0:12
353.18990000009535	EXP	text_clock: text = 0:12
353.192	EXP	text_clock: text = 0:12
353.2075	EXP	text_clock: text = 0:12
353.224	EXP	text_clock: text = 0:12
353.2407000000477	EXP	text_clock: text = 0:12
353.25780000019074	EXP	text_clock: text = 0:12
353.29020000004766	EXP	text_clock: text = 0:12
353.2928000001907	EXP	text_clock: text = 0:12
353.30790000009534	EXP	text_clock: text = 0:12
353.32430000019076	EXP	text_clock: text = 0:12
353.34070000004766	EXP	text_clock: text = 0:12
353.3573000001907	EXP	text_clock: text = 0:12
353.3743000001907	EXP	text_clock: text = 0:12
353.40730000019073	EXP	text_clock: text = 0:12
353.40960000014303	EXP	text_clock: text = 0:12
353.4245	EXP	text_clock: text = 0:12
353.4412000000477	EXP	text_clock: text = 0:12
353.45820000004767	EXP	text_clock: text = 0:12
353.474600000143	EXP	text_clock: text = 0:12
353.491	EXP	text_clock: text = 0:12
353.508	EXP	text_clock: text = 0:12
353.5407000000477	EXP	text_clock: text = 0:12
353.543	EXP	text_clock: text = 0:12
353.5587000000477	EXP	text_clock: text = 0:12
353.57460000014305	EXP	text_clock: text = 0:12
353.5915	EXP	text_clock: text = 0:12
353.6082000000477	EXP	text_clock: text = 0:12
353.64090000009537	EXP	text_clock: text = 0:12
353.64320000004767	EXP	text_clock: text = 0:12
353.65830000019076	EXP	text_clock: text = 0:12
353.6909000000954	EXP	text_clock: text = 0:11
353.7074000000954	EXP	text_clock: text = 0:11
353.70980000019074	EXP	text_clock: text = 0:11
353.725	EXP	text_clock: text = 0:11
353.7418000001907	EXP	text_clock: text = 0:11
353.75830000019073	EXP	text_clock: text = 0:11
353.7749000000954	EXP	text_clock: text = 0:11
353.7917000000477	EXP	text_clock: text = 0:11
353.8084000000954	EXP	text_clock: text = 0:11
353.8249000000954	EXP	text_clock: text = 0:11
353.842	EXP	text_clock: text = 0:11
353.85880000019074	EXP	text_clock: text = 0:11
353.87510000014305	EXP	text_clock: text = 0:11
353.89260000014303	EXP	text_clock: text = 0:11
353.90860000014305	EXP	text_clock: text = 0:11
353.92510000014306	EXP	text_clock: text = 0:11
353.9422000000477	EXP	text_clock: text = 0:11
353.9747000000477	EXP	text_clock: text = 0:11
353.977	EXP	text_clock: text = 0:11
353.992	EXP	text_clock: text = 0:11
354.0086000001431	EXP	text_clock: text = 0:11
354.0253000001907	EXP	text_clock: text = 0:11
354.0423000001907	EXP	text_clock: text = 0:11
354.0587000000477	EXP	text_clock: text = 0:11
354.071	DATA	Keydown: 6
354.0917000000477	EXP	inputTyping: text = 6
354.0917000000477	EXP	text_clock: text = 0:11
354.1087000000477	EXP	text_clock: text = 0:11
354.11090000009534	EXP	text_clock: text = 0:11
354.1254000000954	EXP	text_clock: text = 0:11
354.1425	EXP	text_clock: text = 0:11
354.15890000009534	EXP	text_clock: text = 0:11
354.1918000001907	EXP	text_clock: text = 0:11
354.19370000004767	EXP	text_clock: text = 0:11
354.20890000009535	EXP	text_clock: text = 0:11
354.2255	EXP	text_clock: text = 0:11
354.2425	EXP	text_clock: text = 0:11
354.275100000143	EXP	text_clock: text = 0:11
354.27810000014307	EXP	text_clock: text = 0:11
354.309	EXP	text_clock: text = 0:11
354.30940000009537	DATA	Keydown: Enter
354.32510000014304	EXP	text_clock: text = 0:11
354.32510000014304	EXP	fixation: autoDraw = null
354.32510000014304	EXP	Questions: autoDraw = null
354.32510000014304	EXP	inputTyping: autoDraw = null
354.32510000014304	EXP	text_clock: autoDraw = null
354.32510000014304	EXP	timerBorder: autoDraw = null
354.32510000014304	EXP	reminderText2: autoDraw = null
354.32510000014304	EXP	trial_textCounter: autoDraw = null
354.32510000014304	EXP	text_clock: autoDraw = null
354.32510000014304	EXP	inputTyping: text = _
354.32510000014304	EXP	Questions: text = 5 × 4 =
354.32510000014304	EXP	inputTyping: text = null
354.32510000014304	EXP	trial_textCounter: text = Trial Number: 34/60
354.32510000014304	EXP	fixation: autoDraw = true
354.32510000014304	EXP	text_clock: autoDraw = true
354.32510000014304	EXP	text_clock: text = 0:11
354.32510000014304	EXP	timerBorder: autoDraw = true
354.32510000014304	EXP	trial_textCounter: autoDraw = true
354.32710000014305	EXP	text_clock: text = 0:11
354.3426000001431	EXP	text_clock: text = 0:11
354.3589000000954	EXP	text_clock: text = 0:11
354.37580000019074	EXP	text_clock: text = 0:11
354.3927000000477	EXP	text_clock: text = 0:11
354.40910000014304	EXP	text_clock: text = 0:11
354.4259000000954	EXP	text_clock: text = 0:11
354.4425	EXP	text_clock: text = 0:11
354.4755	EXP	text_clock: text = 0:11
354.478	EXP	text_clock: text = 0:11
354.49310000014304	EXP	text_clock: text = 0:11
354.5092000000477	EXP	text_clock: text = 0:11
354.52610000014306	EXP	text_clock: text = 0:11
354.543	EXP	text_clock: text = 0:11
354.561100000143	EXP	fixation: autoDraw = null
354.561100000143	EXP	text_clock: text = 0:11
354.5922000000477	EXP	Questions: autoDraw = true
354.5922000000477	EXP	inputTyping: autoDraw = true
354.5922000000477	EXP	text_clock: text = 0:11
354.5922000000477	EXP	reminderText2: autoDraw = true
354.59430000019074	EXP	text_clock: text = 0:11
354.61	EXP	text_clock: text = 0:11
354.6264000000954	EXP	text_clock: text = 0:11
354.659	EXP	text_clock: text = 0:11
354.66130000019075	EXP	text_clock: text = 0:11
354.6929000000954	EXP	text_clock: text = 0:10
354.709	EXP	text_clock: text = 0:10
354.71130000019076	EXP	text_clock: text = 0:10
354.7265	EXP	text_clock: text = 0:10
354.743	EXP	text_clock: text = 0:10
354.7597000000477	EXP	text_clock: text = 0:10
354.77660000014305	EXP	text_clock: text = 0:10
354.79310000014306	EXP	text_clock: text = 0:10
354.80990000009535	EXP	text_clock: text = 0:10
354.82680000019076	EXP	text_clock: text = 0:10
354.86	EXP	text_clock: text = 0:10
354.8625	EXP	text_clock: text = 0:10
354.87690000009536	EXP	text_clock: text = 0:10
354.8931000001431	EXP	text_clock: text = 0:10
354.9099000000954	EXP	text_clock: text = 0:10
354.9269000000954	EXP	text_clock: text = 0:10
354.9595	EXP	text_clock: text = 0:10
354.96160000014305	EXP	text_clock: text = 0:10
354.9927000000477	EXP	text_clock: text = 0:10
354.995	EXP	text_clock: text = 0:10
355.01010000014304	EXP	text_clock: text = 0:10
355.0269000000954	EXP	text_clock: text = 0:10
355.05960000014306	EXP	text_clock: text = 0:10
355.07660000014306	EXP	text_clock: text = 0:10
355.07870000004766	EXP	text_clock: text = 0:10
355.0937000000477	EXP	text_clock: text = 0:10
355.1105	EXP	text_clock: text = 0:10
355.1272000000477	EXP	text_clock: text = 0:10
355.14410000014306	EXP	text_clock: text = 0:10
355.176600000143	EXP	text_clock: text = 0:10
355.1938000001907	EXP	text_clock: text = 0:10
355.19580000019073	EXP	text_clock: text = 0:10
355.2104000000954	EXP	text_clock: text = 0:10
355.2275	EXP	text_clock: text = 0:10
355.2439000000954	EXP	text_clock: text = 0:10
355.2769000000954	EXP	text_clock: text = 0:10
355.27910000014305	EXP	text_clock: text = 0:10
355.2939000000954	EXP	text_clock: text = 0:10
355.327	EXP	text_clock: text = 0:10
355.32940000009535	EXP	text_clock: text = 0:10
355.3602000000477	EXP	text_clock: text = 0:10
355.36240000009536	EXP	text_clock: text = 0:10
355.37780000019075	EXP	text_clock: text = 0:10
355.39390000009536	EXP	text_clock: text = 0:10
355.4107000000477	EXP	text_clock: text = 0:10
355.4277000000477	EXP	text_clock: text = 0:10
355.44410000014307	EXP	text_clock: text = 0:10
355.46090000009536	EXP	text_clock: text = 0:10
355.4937000000477	EXP	text_clock: text = 0:10
355.49420000004767	DATA	Keydown: 2
355.51060000014303	EXP	inputTyping: text = 2
355.51060000014303	EXP	text_clock: text = 0:10
355.5274000000954	EXP	text_clock: text = 0:10
355.5295	EXP	text_clock: text = 0:10
355.5442000000477	EXP	text_clock: text = 0:10
355.561100000143	EXP	text_clock: text = 0:10
355.5777000000477	EXP	text_clock: text = 0:10
355.5945	EXP	text_clock: text = 0:10
355.61110000014304	EXP	text_clock: text = 0:10
355.628	EXP	text_clock: text = 0:10
355.64460000014304	EXP	text_clock: text = 0:10
355.66130000019075	EXP	text_clock: text = 0:10
355.69410000014307	EXP	text_clock: text = 0:9
355.71090000009536	EXP	text_clock: text = 0:9
355.7278000001907	EXP	text_clock: text = 0:9
355.72990000009537	EXP	text_clock: text = 0:9
355.7445	EXP	text_clock: text = 0:9
355.76210000014305	EXP	text_clock: text = 0:9
355.77810000014307	EXP	text_clock: text = 0:9
355.79520000004766	EXP	text_clock: text = 0:9
355.81170000004767	EXP	text_clock: text = 0:9
355.8442000000477	EXP	text_clock: text = 0:9
355.8467000000477	EXP	text_clock: text = 0:9
355.87810000014304	EXP	text_clock: text = 0:9
355.89440000009535	EXP	text_clock: text = 0:9
355.91130000019075	EXP	text_clock: text = 0:9
355.9282000000477	EXP	text_clock: text = 0:9
355.94440000009536	EXP	text_clock: text = 0:9
355.96130000019076	EXP	text_clock: text = 0:9
355.97810000014306	EXP	text_clock: text = 0:9
355.9945	EXP	text_clock: text = 0:9
356.0113000001907	EXP	text_clock: text = 0:9
356.02840000009536	EXP	text_clock: text = 0:9
356.02910000014305	DATA	Keydown: 0
356.0446000001431	EXP	inputTyping: text = 20
356.0446000001431	EXP	text_clock: text = 0:9
356.0615	EXP	text_clock: text = 0:9
356.07840000009537	EXP	text_clock: text = 0:9
356.09460000014303	EXP	text_clock: text = 0:9
356.111600000143	EXP	text_clock: text = 0:9
356.1285	EXP	text_clock: text = 0:9
356.14480000019074	EXP	text_clock: text = 0:9
356.1456000001431	DATA	Keydown: Enter
356.16160000014304	EXP	text_clock: text = 0:9
356.16160000014304	EXP	fixation: autoDraw = null
356.16160000014304	EXP	Questions: autoDraw = null
356.16160000014304	EXP	inputTyping: autoDraw = null
356.16160000014304	EXP	text_clock: autoDraw = null
356.16160000014304	EXP	timerBorder: autoDraw = null
356.16160000014304	EXP	reminderText2: autoDraw = null
356.16160000014304	EXP	trial_textCounter: autoDraw = null
356.16160000014304	EXP	text_clock: autoDraw = null
356.16160000014304	EXP	inputTyping: text = _
356.16160000014304	EXP	Questions: text = 4 × 2 =
356.16160000014304	EXP	inputTyping: text = null
356.16160000014304	EXP	trial_textCounter: text = Trial Number: 35/60
356.16160000014304	EXP	fixation: autoDraw = true
356.16160000014304	EXP	text_clock: autoDraw = true
356.16160000014304	EXP	text_clock: text = 0:9
356.16160000014304	EXP	timerBorder: autoDraw = true
356.16160000014304	EXP	trial_textCounter: autoDraw = true
356.1635	EXP	text_clock: text = 0:9
356.19480000019075	EXP	text_clock: text = 0:9
356.19690000009535	EXP	text_clock: text = 0:9
356.2122000000477	EXP	text_clock: text = 0:9
356.2285	EXP	text_clock: text = 0:9
356.2455	EXP	text_clock: text = 0:9
356.26230000019075	EXP	text_clock: text = 0:9
356.295	EXP	text_clock: text = 0:9
356.31190000009536	EXP	text_clock: text = 0:9
356.3282000000477	EXP	text_clock: text = 0:9
356.3451000001431	EXP	text_clock: text = 0:9
356.362	EXP	text_clock: text = 0:9
356.37830000019073	EXP	text_clock: text = 0:9
356.39510000014303	EXP	text_clock: text = 0:9
356.412	EXP	fixation: autoDraw = null
356.412	EXP	text_clock: text = 0:9
356.42860000014304	EXP	Questions: autoDraw = true
356.42860000014304	EXP	inputTyping: autoDraw = true
356.42860000014304	EXP	text_clock: text = 0:9
356.42860000014304	EXP	reminderText2: autoDraw = true
356.44530000019074	EXP	text_clock: text = 0:9
356.4477000000477	EXP	text_clock: text = 0:9
356.4635	EXP	text_clock: text = 0:9
356.49540000009534	EXP	text_clock: text = 0:9
356.4977000000477	EXP	text_clock: text = 0:9
356.5287000000477	EXP	text_clock: text = 0:9
356.53090000009536	EXP	text_clock: text = 0:9
356.54580000019075	EXP	text_clock: text = 0:9
356.5622000000477	EXP	text_clock: text = 0:9
356.57910000014306	EXP	text_clock: text = 0:9
356.59610000014305	EXP	text_clock: text = 0:9
356.6125	EXP	text_clock: text = 0:9
356.6293000001907	EXP	text_clock: text = 0:9
356.64640000009535	EXP	text_clock: text = 0:9
356.663	EXP	text_clock: text = 0:9
356.6957000000477	EXP	text_clock: text = 0:8
356.712600000143	EXP	text_clock: text = 0:8
356.71460000014304	EXP	text_clock: text = 0:8
356.72930000019073	EXP	text_clock: text = 0:8
356.7627000000477	EXP	text_clock: text = 0:8
356.77880000019076	EXP	text_clock: text = 0:8
356.78090000009536	EXP	text_clock: text = 0:8
356.7965	EXP	text_clock: text = 0:8
356.8129000000954	EXP	text_clock: text = 0:8
356.8295	EXP	text_clock: text = 0:8
356.8467000000477	EXP	text_clock: text = 0:8
356.86310000014305	EXP	text_clock: text = 0:8
356.87960000014306	EXP	text_clock: text = 0:8
356.896	EXP	text_clock: text = 0:8
356.91310000014306	EXP	text_clock: text = 0:8
356.92970000004766	EXP	text_clock: text = 0:8
356.94680000019076	EXP	text_clock: text = 0:8
356.96360000014306	EXP	text_clock: text = 0:8
356.97990000009537	EXP	text_clock: text = 0:8
356.99690000009537	EXP	text_clock: text = 0:8
357.0294000000954	EXP	text_clock: text = 0:8
357.0317000000477	EXP	text_clock: text = 0:8
357.0471000001431	EXP	text_clock: text = 0:8
357.0632000000477	EXP	text_clock: text = 0:8
357.0802000000477	EXP	text_clock: text = 0:8
357.097	EXP	text_clock: text = 0:8
357.12960000014306	EXP	text_clock: text = 0:8
357.13190000009536	EXP	text_clock: text = 0:8
357.147	EXP	text_clock: text = 0:8
357.1632000000477	EXP	text_clock: text = 0:8
357.18010000014306	EXP	text_clock: text = 0:8
357.19710000014305	EXP	text_clock: text = 0:8
357.2135	EXP	text_clock: text = 0:8
357.24610000014303	EXP	text_clock: text = 0:8
357.248600000143	EXP	text_clock: text = 0:8
357.2635	EXP	text_clock: text = 0:8
357.2805	EXP	text_clock: text = 0:8
357.2973000001907	EXP	text_clock: text = 0:8
357.3137000000477	EXP	text_clock: text = 0:8
357.33050000000003	EXP	text_clock: text = 0:8
357.347	EXP	text_clock: text = 0:8
357.36380000019074	EXP	text_clock: text = 0:8
357.39690000009534	EXP	text_clock: text = 0:8
357.39890000009535	EXP	text_clock: text = 0:8
357.4137000000477	EXP	text_clock: text = 0:8
357.4307000000477	EXP	text_clock: text = 0:8
357.447	EXP	text_clock: text = 0:8
357.48020000004766	EXP	text_clock: text = 0:8
357.4825	EXP	text_clock: text = 0:8
357.5135	EXP	text_clock: text = 0:8
357.5303000001907	EXP	text_clock: text = 0:8
357.5322000000477	EXP	text_clock: text = 0:8
357.5635	EXP	text_clock: text = 0:8
357.5657000000477	EXP	text_clock: text = 0:8
357.58110000014307	EXP	text_clock: text = 0:8
357.5975	EXP	text_clock: text = 0:8
357.6142000000477	EXP	text_clock: text = 0:8
357.61980000019076	DATA	Keydown: 8
357.64690000009534	EXP	inputTyping: text = 8
357.64690000009534	EXP	text_clock: text = 0:8
357.6637000000477	EXP	text_clock: text = 0:8
357.66560000014306	EXP	text_clock: text = 0:8
357.69760000014304	EXP	text_clock: text = 0:7
357.71380000019076	EXP	text_clock: text = 0:7
357.71570000004766	EXP	text_clock: text = 0:7
357.74710000014306	EXP	text_clock: text = 0:7
357.7493000001907	EXP	text_clock: text = 0:7
357.7654000000954	EXP	text_clock: text = 0:7
357.797	EXP	text_clock: text = 0:7
357.7975	DATA	Keydown: Enter
357.8139000000954	EXP	text_clock: text = 0:7
357.8139000000954	EXP	fixation: autoDraw = null
357.8139000000954	EXP	Questions: autoDraw = null
357.8139000000954	EXP	inputTyping: autoDraw = null
357.8139000000954	EXP	text_clock: autoDraw = null
357.8139000000954	EXP	timerBorder: autoDraw = null
357.8139000000954	EXP	reminderText2: autoDraw = null
357.8139000000954	EXP	trial_textCounter: autoDraw = null
357.8139000000954	EXP	text_clock: autoDraw = null
357.8139000000954	EXP	inputTyping: text = _
357.8139000000954	EXP	Questions: text = 2 × 6 =
357.8139000000954	EXP	inputTyping: text = null
357.8139000000954	EXP	trial_textCounter: text = Trial Number: 36/60
357.8139000000954	EXP	fixation: autoDraw = true
357.8139000000954	EXP	text_clock: autoDraw = true
357.8139000000954	EXP	text_clock: text = 0:7
357.8139000000954	EXP	timerBorder: autoDraw = true
357.8139000000954	EXP	trial_textCounter: autoDraw = true
357.816	EXP	text_clock: text = 0:7
357.83140000009536	EXP	text_clock: text = 0:7
357.848	EXP	text_clock: text = 0:7
357.86460000014307	EXP	text_clock: text = 0:7
357.8815	EXP	text_clock: text = 0:7
357.91410000014304	EXP	text_clock: text = 0:7
357.9164000000954	EXP	text_clock: text = 0:7
357.9315	EXP	text_clock: text = 0:7
357.94780000019074	EXP	text_clock: text = 0:7
357.96460000014304	EXP	text_clock: text = 0:7
357.98160000014303	EXP	text_clock: text = 0:7
357.99810000014304	EXP	text_clock: text = 0:7
358.03130000019075	EXP	text_clock: text = 0:7
358.03360000014305	EXP	text_clock: text = 0:7
358.06420000004766	EXP	fixation: autoDraw = null
358.06420000004766	EXP	text_clock: text = 0:7
358.08090000009537	EXP	Questions: autoDraw = true
358.08090000009537	EXP	inputTyping: autoDraw = true
358.08090000009537	EXP	text_clock: text = 0:7
358.08090000009537	EXP	reminderText2: autoDraw = true
358.0976000001431	EXP	text_clock: text = 0:7
358.1144000000954	EXP	text_clock: text = 0:7
358.13140000009537	EXP	text_clock: text = 0:7
358.14760000014303	EXP	text_clock: text = 0:7
358.1645	EXP	text_clock: text = 0:7
358.1815	EXP	text_clock: text = 0:7
358.19780000019074	EXP	text_clock: text = 0:7
358.21460000014304	EXP	text_clock: text = 0:7
358.2315	EXP	text_clock: text = 0:7
358.24810000014304	EXP	text_clock: text = 0:7
358.2647000000477	EXP	text_clock: text = 0:7
358.28110000014306	EXP	text_clock: text = 0:7
358.29790000009535	EXP	text_clock: text = 0:7
358.31480000019076	EXP	text_clock: text = 0:7
358.33180000019075	EXP	text_clock: text = 0:7
358.348	EXP	text_clock: text = 0:7
358.365	EXP	text_clock: text = 0:7
358.3818000001907	EXP	text_clock: text = 0:7
358.3981000001431	EXP	text_clock: text = 0:7
358.415	EXP	text_clock: text = 0:7
358.43190000009537	EXP	text_clock: text = 0:7
358.4482000000477	EXP	text_clock: text = 0:7
358.465100000143	EXP	text_clock: text = 0:7
358.4821000001431	EXP	text_clock: text = 0:7
358.49830000019074	EXP	text_clock: text = 0:7
358.51530000019073	EXP	text_clock: text = 0:7
358.5322000000477	EXP	text_clock: text = 0:7
358.54840000009534	EXP	text_clock: text = 0:7
358.5652000000477	EXP	text_clock: text = 0:7
358.5822000000477	EXP	text_clock: text = 0:7
358.5985	EXP	text_clock: text = 0:7
358.61540000009535	EXP	text_clock: text = 0:7
358.63230000019075	EXP	text_clock: text = 0:7
358.64940000009534	EXP	text_clock: text = 0:7
358.6655	EXP	text_clock: text = 0:7
358.68240000009536	EXP	text_clock: text = 0:7
358.69870000004767	EXP	text_clock: text = 0:6
358.71560000014307	EXP	text_clock: text = 0:6
358.73240000009537	EXP	text_clock: text = 0:6
358.7488000001907	EXP	text_clock: text = 0:6
358.7657000000477	EXP	text_clock: text = 0:6
358.7826000001431	EXP	text_clock: text = 0:6
358.79880000019074	EXP	text_clock: text = 0:6
358.8157000000477	EXP	text_clock: text = 0:6
358.832	EXP	text_clock: text = 0:6
358.849	EXP	text_clock: text = 0:6
358.86580000019075	EXP	text_clock: text = 0:6
358.88280000019074	EXP	text_clock: text = 0:6
358.89910000014305	EXP	text_clock: text = 0:6
358.916	EXP	text_clock: text = 0:6
358.93210000014307	EXP	text_clock: text = 0:6
358.949	EXP	text_clock: text = 0:6
358.966	EXP	text_clock: text = 0:6
358.98410000014303	EXP	text_clock: text = 0:6
358.9993000001907	EXP	text_clock: text = 0:6
359.01610000014307	EXP	text_clock: text = 0:6
359.0324000000954	EXP	text_clock: text = 0:6
359.03330000019076	DATA	Keydown: 1
359.0493000001907	EXP	inputTyping: text = 1
359.0493000001907	EXP	text_clock: text = 0:6
359.0662000000477	EXP	text_clock: text = 0:6
359.06830000019073	EXP	text_clock: text = 0:6
359.0829000000954	EXP	text_clock: text = 0:6
359.0998000001907	EXP	text_clock: text = 0:6
359.11630000019073	EXP	text_clock: text = 0:6
359.14940000009534	EXP	text_clock: text = 0:6
359.1497000000477	DATA	Keydown: 2
359.1664000000954	EXP	inputTyping: text = 12
359.1664000000954	EXP	text_clock: text = 0:6
359.18280000019075	EXP	text_clock: text = 0:6
359.18480000019076	EXP	text_clock: text = 0:6
359.2	EXP	text_clock: text = 0:6
359.2165	EXP	text_clock: text = 0:6
359.2339000000954	EXP	text_clock: text = 0:6
359.2502000000477	EXP	text_clock: text = 0:6
359.26710000014305	EXP	text_clock: text = 0:6
359.28380000019075	EXP	text_clock: text = 0:6
359.30010000014306	EXP	text_clock: text = 0:6
359.3329000000954	EXP	text_clock: text = 0:6
359.3335	DATA	Keydown: Enter
359.349600000143	EXP	text_clock: text = 0:6
359.349600000143	EXP	fixation: autoDraw = null
359.349600000143	EXP	Questions: autoDraw = null
359.349600000143	EXP	inputTyping: autoDraw = null
359.349600000143	EXP	text_clock: autoDraw = null
359.349600000143	EXP	timerBorder: autoDraw = null
359.349600000143	EXP	reminderText2: autoDraw = null
359.349600000143	EXP	trial_textCounter: autoDraw = null
359.349600000143	EXP	text_clock: autoDraw = null
359.349600000143	EXP	inputTyping: text = _
359.349600000143	EXP	Questions: text = 3 × 5 =
359.349600000143	EXP	inputTyping: text = null
359.349600000143	EXP	trial_textCounter: text = Trial Number: 37/60
359.349600000143	EXP	fixation: autoDraw = true
359.349600000143	EXP	text_clock: autoDraw = true
359.349600000143	EXP	text_clock: text = 0:6
359.349600000143	EXP	timerBorder: autoDraw = true
359.349600000143	EXP	trial_textCounter: autoDraw = true
359.3515	EXP	text_clock: text = 0:6
359.3667000000477	EXP	text_clock: text = 0:6
359.3835	EXP	text_clock: text = 0:6
359.4003000001907	EXP	text_clock: text = 0:6
359.4169000000954	EXP	text_clock: text = 0:6
359.4337000000477	EXP	text_clock: text = 0:6
359.4505	EXP	text_clock: text = 0:6
359.467	EXP	text_clock: text = 0:6
359.48360000014304	EXP	text_clock: text = 0:6
359.50080000019074	EXP	text_clock: text = 0:6
359.517	EXP	text_clock: text = 0:6
359.53380000019075	EXP	text_clock: text = 0:6
359.5507000000477	EXP	text_clock: text = 0:6
359.5672000000477	EXP	text_clock: text = 0:6
359.58390000009535	EXP	fixation: autoDraw = null
359.58390000009535	EXP	text_clock: text = 0:6
359.6165	EXP	Questions: autoDraw = true
359.6165	EXP	inputTyping: autoDraw = true
359.6165	EXP	text_clock: text = 0:6
359.6165	EXP	reminderText2: autoDraw = true
359.6189000000954	EXP	text_clock: text = 0:6
359.63480000019075	EXP	text_clock: text = 0:6
359.65090000009536	EXP	text_clock: text = 0:6
359.668	EXP	text_clock: text = 0:6
359.7004000000954	EXP	text_clock: text = 0:5
359.7167000000477	EXP	text_clock: text = 0:5
359.71910000014304	EXP	text_clock: text = 0:5
359.734	EXP	text_clock: text = 0:5
359.75060000014304	EXP	text_clock: text = 0:5
359.76730000019074	EXP	text_clock: text = 0:5
359.7842000000477	EXP	text_clock: text = 0:5
359.80130000019074	EXP	text_clock: text = 0:5
359.81760000014305	EXP	text_clock: text = 0:5
359.83430000019075	EXP	text_clock: text = 0:5
359.85130000019075	EXP	text_clock: text = 0:5
359.86760000014306	EXP	text_clock: text = 0:5
359.88430000019076	EXP	text_clock: text = 0:5
359.90110000014306	EXP	text_clock: text = 0:5
359.91740000009537	EXP	text_clock: text = 0:5
359.9347000000477	EXP	text_clock: text = 0:5
359.9515	EXP	text_clock: text = 0:5
359.98410000014303	EXP	text_clock: text = 0:5
359.986600000143	EXP	text_clock: text = 0:5
360.01730000019074	EXP	text_clock: text = 0:5
360.0197000000477	EXP	text_clock: text = 0:5
360.0345	EXP	text_clock: text = 0:5
360.06730000019076	EXP	text_clock: text = 0:5
360.0695	EXP	text_clock: text = 0:5
360.085	EXP	text_clock: text = 0:5
360.10130000019075	EXP	text_clock: text = 0:5
360.11790000009535	EXP	text_clock: text = 0:5
360.13480000019075	EXP	text_clock: text = 0:5
360.1517000000477	EXP	text_clock: text = 0:5
360.1682000000477	EXP	text_clock: text = 0:5
360.18480000019076	EXP	text_clock: text = 0:5
360.2015	EXP	text_clock: text = 0:5
360.21820000004766	EXP	text_clock: text = 0:5
360.2352000000477	EXP	text_clock: text = 0:5
360.25160000014307	EXP	text_clock: text = 0:5
360.2681000001431	EXP	text_clock: text = 0:5
360.28520000004767	EXP	text_clock: text = 0:5
360.301600000143	EXP	text_clock: text = 0:5
360.3182000000477	EXP	text_clock: text = 0:5
360.33510000014303	EXP	text_clock: text = 0:5
360.3677000000477	EXP	text_clock: text = 0:5
360.3702000000477	EXP	text_clock: text = 0:5
360.3854000000954	EXP	text_clock: text = 0:5
360.4022000000477	EXP	text_clock: text = 0:5
360.4185	EXP	text_clock: text = 0:5
360.43380000019073	DATA	Keydown: 1
360.45180000019076	EXP	inputTyping: text = 1
360.45180000019076	EXP	text_clock: text = 0:5
360.468	EXP	text_clock: text = 0:5
360.47020000004767	EXP	text_clock: text = 0:5
360.5014000000954	EXP	text_clock: text = 0:5
360.5181000001431	EXP	text_clock: text = 0:5
360.52030000019073	EXP	text_clock: text = 0:5
360.53540000009536	EXP	text_clock: text = 0:5
360.5518000001907	EXP	text_clock: text = 0:5
360.56870000004767	EXP	text_clock: text = 0:5
360.58610000014306	EXP	text_clock: text = 0:5
360.602100000143	EXP	text_clock: text = 0:5
360.61880000019073	EXP	text_clock: text = 0:5
360.636	EXP	text_clock: text = 0:5
360.6682000000477	EXP	text_clock: text = 0:5
360.68530000019075	EXP	text_clock: text = 0:4
360.7017000000477	EXP	text_clock: text = 0:4
360.70370000004766	EXP	text_clock: text = 0:4
360.7194000000954	EXP	text_clock: text = 0:4
360.73580000019075	EXP	text_clock: text = 0:4
360.76860000014307	EXP	text_clock: text = 0:4
360.78540000009536	EXP	text_clock: text = 0:4
360.78640000009534	DATA	Keydown: 5
360.8018000001907	EXP	inputTyping: text = 15
360.8018000001907	EXP	text_clock: text = 0:4
360.81870000004767	EXP	text_clock: text = 0:4
360.83570000004767	EXP	text_clock: text = 0:4
360.85180000019074	EXP	text_clock: text = 0:4
360.8687000000477	EXP	text_clock: text = 0:4
360.8857000000477	EXP	text_clock: text = 0:4
360.902	EXP	text_clock: text = 0:4
360.91880000019074	EXP	text_clock: text = 0:4
360.93580000019074	EXP	text_clock: text = 0:4
360.95340000009537	EXP	text_clock: text = 0:4
360.969	EXP	text_clock: text = 0:4
360.98580000019075	EXP	text_clock: text = 0:4
361.0022000000477	EXP	text_clock: text = 0:4
361.019	EXP	text_clock: text = 0:4
361.03590000009535	EXP	text_clock: text = 0:4
361.05220000004766	EXP	text_clock: text = 0:4
361.069	EXP	text_clock: text = 0:4
361.086	EXP	text_clock: text = 0:4
361.1023000001907	EXP	text_clock: text = 0:4
361.11920000004767	EXP	text_clock: text = 0:4
361.11970000004766	DATA	Keydown: Enter
361.1357000000477	EXP	text_clock: text = 0:4
361.1357000000477	EXP	fixation: autoDraw = null
361.1357000000477	EXP	Questions: autoDraw = null
361.1357000000477	EXP	inputTyping: autoDraw = null
361.1357000000477	EXP	text_clock: autoDraw = null
361.1357000000477	EXP	timerBorder: autoDraw = null
361.1357000000477	EXP	reminderText2: autoDraw = null
361.1357000000477	EXP	trial_textCounter: autoDraw = null
361.1357000000477	EXP	text_clock: autoDraw = null
361.1357000000477	EXP	inputTyping: text = _
361.1357000000477	EXP	Questions: text = 6 × 3 =
361.1357000000477	EXP	inputTyping: text = null
361.1357000000477	EXP	trial_textCounter: text = Trial Number: 38/60
361.1357000000477	EXP	fixation: autoDraw = true
361.1357000000477	EXP	text_clock: autoDraw = true
361.1357000000477	EXP	text_clock: text = 0:4
361.1357000000477	EXP	timerBorder: autoDraw = true
361.1357000000477	EXP	trial_textCounter: autoDraw = true
361.1374000000954	EXP	text_clock: text = 0:4
361.15290000009537	EXP	text_clock: text = 0:4
361.17010000014307	EXP	text_clock: text = 0:4
361.18690000009536	EXP	text_clock: text = 0:4
361.2195	EXP	text_clock: text = 0:4
361.2362000000477	EXP	text_clock: text = 0:4
361.2382000000477	EXP	text_clock: text = 0:4
361.25330000019073	EXP	text_clock: text = 0:4
361.2699000000954	EXP	text_clock: text = 0:4
361.2865	EXP	text_clock: text = 0:4
361.3195	EXP	text_clock: text = 0:4
361.3217000000477	EXP	text_clock: text = 0:4
361.3528000001907	EXP	text_clock: text = 0:4
361.36960000014307	EXP	text_clock: text = 0:4
361.372	EXP	fixation: autoDraw = null
361.372	EXP	text_clock: text = 0:4
361.40290000009537	EXP	Questions: autoDraw = true
361.40290000009537	EXP	inputTyping: autoDraw = true
361.40290000009537	EXP	text_clock: text = 0:4
361.40290000009537	EXP	reminderText2: autoDraw = true
361.4053000001907	EXP	text_clock: text = 0:4
361.42020000004766	EXP	text_clock: text = 0:4
361.4529000000954	EXP	text_clock: text = 0:4
361.45530000019073	EXP	text_clock: text = 0:4
361.4703000001907	EXP	text_clock: text = 0:4
361.486600000143	EXP	text_clock: text = 0:4
361.5037000000477	EXP	text_clock: text = 0:4
361.5206000001431	EXP	text_clock: text = 0:4
361.537100000143	EXP	text_clock: text = 0:4
361.5542000000477	EXP	text_clock: text = 0:4
361.57080000019073	EXP	text_clock: text = 0:4
361.6044000000954	EXP	text_clock: text = 0:4
361.60660000014303	EXP	text_clock: text = 0:4
361.621	EXP	text_clock: text = 0:4
361.637	EXP	text_clock: text = 0:4
361.65360000014306	EXP	text_clock: text = 0:4
361.6865	EXP	text_clock: text = 0:3
361.7033000001907	EXP	text_clock: text = 0:3
361.7203000001907	EXP	text_clock: text = 0:3
361.736600000143	EXP	text_clock: text = 0:3
361.7534000000954	EXP	text_clock: text = 0:3
361.7704000000954	EXP	text_clock: text = 0:3
361.7867000000477	EXP	text_clock: text = 0:3
361.8035	EXP	text_clock: text = 0:3
361.8205	EXP	text_clock: text = 0:3
361.8367000000477	EXP	text_clock: text = 0:3
361.85360000014305	EXP	text_clock: text = 0:3
361.8705	EXP	text_clock: text = 0:3
361.88680000019076	EXP	text_clock: text = 0:3
361.9037000000477	EXP	text_clock: text = 0:3
361.92060000014305	EXP	text_clock: text = 0:3
361.93690000009536	EXP	text_clock: text = 0:3
361.95370000004766	EXP	text_clock: text = 0:3
361.97070000004766	EXP	text_clock: text = 0:3
361.987	EXP	text_clock: text = 0:3
362.0038000001907	EXP	text_clock: text = 0:3
362.02090000009537	EXP	text_clock: text = 0:3
362.037	EXP	text_clock: text = 0:3
362.0539000000954	EXP	text_clock: text = 0:3
362.0709000000954	EXP	text_clock: text = 0:3
362.08710000014304	EXP	text_clock: text = 0:3
362.104	EXP	text_clock: text = 0:3
362.12110000014303	EXP	text_clock: text = 0:3
362.1372000000477	EXP	text_clock: text = 0:3
362.15410000014305	EXP	text_clock: text = 0:3
362.17110000014304	EXP	text_clock: text = 0:3
362.18730000019076	EXP	text_clock: text = 0:3
362.20460000014305	EXP	text_clock: text = 0:3
362.2083000001907	EXP	text_clock: text = 0:3
362.22110000014305	EXP	text_clock: text = 0:3
362.23780000019076	EXP	text_clock: text = 0:3
362.2437000000477	DATA	Keydown: 1
362.27130000019076	EXP	inputTyping: text = 1
362.27130000019076	EXP	text_clock: text = 0:3
362.2875	EXP	text_clock: text = 0:3
362.289600000143	EXP	text_clock: text = 0:3
362.30440000009537	EXP	text_clock: text = 0:3
362.32120000004767	EXP	text_clock: text = 0:3
362.3383000001907	EXP	text_clock: text = 0:3
362.35520000004766	EXP	text_clock: text = 0:3
362.372	EXP	text_clock: text = 0:3
362.3885	EXP	text_clock: text = 0:3
362.4051000001431	EXP	text_clock: text = 0:3
362.4214000000954	EXP	text_clock: text = 0:3
362.4382000000477	EXP	text_clock: text = 0:3
362.4552000000477	EXP	text_clock: text = 0:3
362.47160000014304	EXP	text_clock: text = 0:3
362.4884000000954	EXP	text_clock: text = 0:3
362.50530000019074	EXP	text_clock: text = 0:3
362.5215	EXP	text_clock: text = 0:3
362.5385	EXP	text_clock: text = 0:3
362.55490000009536	EXP	text_clock: text = 0:3
362.57160000014306	EXP	text_clock: text = 0:3
362.605	EXP	text_clock: text = 0:3
362.60720000004767	EXP	text_clock: text = 0:3
362.6218000001907	EXP	text_clock: text = 0:3
362.6388000001907	EXP	text_clock: text = 0:3
362.6555	EXP	text_clock: text = 0:3
362.6882000000477	EXP	text_clock: text = 0:2
362.7045	EXP	text_clock: text = 0:2
362.7217000000477	EXP	text_clock: text = 0:2
362.7224000000954	DATA	Keydown: 8
362.73830000019075	EXP	inputTyping: text = 18
362.73830000019075	EXP	text_clock: text = 0:2
362.75870000004767	EXP	text_clock: text = 0:2
362.7728000001907	EXP	text_clock: text = 0:2
362.7885	EXP	text_clock: text = 0:2
362.79040000009536	EXP	text_clock: text = 0:2
362.80540000009535	EXP	text_clock: text = 0:2
362.822	EXP	text_clock: text = 0:2
362.82980000019074	DATA	Keydown: Enter
362.85540000009536	EXP	text_clock: text = 0:2
362.85540000009536	EXP	fixation: autoDraw = null
362.85540000009536	EXP	Questions: autoDraw = null
362.85540000009536	EXP	inputTyping: autoDraw = null
362.85540000009536	EXP	text_clock: autoDraw = null
362.85540000009536	EXP	timerBorder: autoDraw = null
362.85540000009536	EXP	reminderText2: autoDraw = null
362.85540000009536	EXP	trial_textCounter: autoDraw = null
362.85540000009536	EXP	text_clock: autoDraw = null
362.85540000009536	EXP	inputTyping: text = _
362.85540000009536	EXP	Questions: text = 2 × 5 =
362.85540000009536	EXP	inputTyping: text = null
362.85540000009536	EXP	trial_textCounter: text = Trial Number: 39/60
362.85540000009536	EXP	fixation: autoDraw = true
362.85540000009536	EXP	text_clock: autoDraw = true
362.85540000009536	EXP	text_clock: text = 0:2
362.85540000009536	EXP	timerBorder: autoDraw = true
362.85540000009536	EXP	trial_textCounter: autoDraw = true
362.87170000004767	EXP	text_clock: text = 0:2
362.8738000001907	EXP	text_clock: text = 0:2
362.8892000000477	EXP	text_clock: text = 0:2
362.90540000009537	EXP	text_clock: text = 0:2
362.92290000009535	EXP	text_clock: text = 0:2
362.93920000004766	EXP	text_clock: text = 0:2
362.95570000004767	EXP	text_clock: text = 0:2
362.9723000001907	EXP	text_clock: text = 0:2
362.9894000000954	EXP	text_clock: text = 0:2
363.00580000019073	EXP	text_clock: text = 0:2
363.0224000000954	EXP	text_clock: text = 0:2
363.0394000000954	EXP	text_clock: text = 0:2
363.07210000014305	EXP	text_clock: text = 0:2
363.07460000014305	EXP	text_clock: text = 0:2
363.0894000000954	EXP	fixation: autoDraw = null
363.0894000000954	EXP	text_clock: text = 0:2
363.12230000019076	EXP	Questions: autoDraw = true
363.12230000019076	EXP	inputTyping: autoDraw = true
363.12230000019076	EXP	text_clock: text = 0:2
363.12230000019076	EXP	reminderText2: autoDraw = true
363.1243000001907	EXP	text_clock: text = 0:2
363.14	EXP	text_clock: text = 0:2
363.15640000009535	EXP	text_clock: text = 0:2
363.18910000014307	EXP	text_clock: text = 0:2
363.2054000000954	EXP	text_clock: text = 0:2
363.2223000001907	EXP	text_clock: text = 0:2
363.2244000000954	EXP	text_clock: text = 0:2
363.23970000004766	EXP	text_clock: text = 0:2
363.2561000001431	EXP	text_clock: text = 0:2
363.2729000000954	EXP	text_clock: text = 0:2
363.29	EXP	text_clock: text = 0:2
363.3225	EXP	text_clock: text = 0:2
363.3249000000954	EXP	text_clock: text = 0:2
363.3399000000954	EXP	text_clock: text = 0:2
363.35610000014304	EXP	text_clock: text = 0:2
363.37310000014304	EXP	text_clock: text = 0:2
363.3899000000954	EXP	text_clock: text = 0:2
363.40630000019075	EXP	text_clock: text = 0:2
363.423	EXP	text_clock: text = 0:2
363.43990000009535	EXP	text_clock: text = 0:2
363.47270000004767	EXP	text_clock: text = 0:2
363.4747000000477	EXP	text_clock: text = 0:2
363.5059000000954	EXP	text_clock: text = 0:2
363.5227000000477	EXP	text_clock: text = 0:2
363.525	EXP	text_clock: text = 0:2
363.55730000019076	EXP	text_clock: text = 0:2
363.5595	EXP	text_clock: text = 0:2
363.5736000001431	EXP	text_clock: text = 0:2
363.58980000019073	EXP	text_clock: text = 0:2
363.6067000000477	EXP	text_clock: text = 0:2
363.6237000000477	EXP	text_clock: text = 0:2
363.64010000014304	EXP	text_clock: text = 0:2
363.6567000000477	EXP	text_clock: text = 0:2
363.69010000014305	EXP	text_clock: text = 0:1
363.7063000001907	EXP	text_clock: text = 0:1
363.7085	EXP	text_clock: text = 0:1
363.7237000000477	EXP	text_clock: text = 0:1
363.7402000000477	EXP	text_clock: text = 0:1
363.75690000009536	EXP	text_clock: text = 0:1
363.774	EXP	text_clock: text = 0:1
363.7907000000477	EXP	text_clock: text = 0:1
363.8068000001907	EXP	text_clock: text = 0:1
363.80830000019074	DATA	Keydown: 1
363.8397000000477	EXP	inputTyping: text = 1
363.8397000000477	EXP	text_clock: text = 0:1
363.85660000014303	EXP	text_clock: text = 0:1
363.8589000000954	EXP	text_clock: text = 0:1
363.8741000001431	EXP	text_clock: text = 0:1
363.8905	EXP	text_clock: text = 0:1
363.9235	EXP	text_clock: text = 0:1
363.9257000000477	EXP	text_clock: text = 0:1
363.94080000019073	EXP	text_clock: text = 0:1
363.9572000000477	EXP	text_clock: text = 0:1
363.97410000014304	EXP	text_clock: text = 0:1
363.9907000000477	EXP	text_clock: text = 0:1
364.0075	EXP	text_clock: text = 0:1
364.024	EXP	text_clock: text = 0:1
364.05690000009537	EXP	text_clock: text = 0:1
364.07370000004767	EXP	text_clock: text = 0:1
364.090100000143	EXP	text_clock: text = 0:1
364.1069000000954	EXP	text_clock: text = 0:1
364.1239000000954	EXP	text_clock: text = 0:1
364.1402000000477	EXP	text_clock: text = 0:1
364.157	EXP	text_clock: text = 0:1
364.174	EXP	text_clock: text = 0:1
364.1902000000477	EXP	text_clock: text = 0:1
364.2072000000477	EXP	text_clock: text = 0:1
364.2103000001907	EXP	text_clock: text = 0:1
364.24040000009535	EXP	text_clock: text = 0:1
364.2427000000477	EXP	text_clock: text = 0:1
364.2577000000477	EXP	text_clock: text = 0:1
364.27430000019075	EXP	text_clock: text = 0:1
364.29110000014305	EXP	text_clock: text = 0:1
364.3082000000477	EXP	text_clock: text = 0:1
364.3405	EXP	text_clock: text = 0:1
364.341	DATA	Keydown: 0
364.35740000009537	EXP	inputTyping: text = 10
364.35740000009537	EXP	text_clock: text = 0:1
364.37440000009536	EXP	text_clock: text = 0:1
364.37660000014307	EXP	text_clock: text = 0:1
364.39110000014307	EXP	text_clock: text = 0:1
364.408	EXP	text_clock: text = 0:1
364.4246000001431	EXP	text_clock: text = 0:1
364.4412000000477	EXP	text_clock: text = 0:1
364.4581000001431	EXP	text_clock: text = 0:1
364.491	EXP	text_clock: text = 0:1
364.4916000001431	DATA	Keydown: Enter
364.50780000019074	EXP	text_clock: text = 0:1
364.50780000019074	EXP	fixation: autoDraw = null
364.50780000019074	EXP	Questions: autoDraw = null
364.50780000019074	EXP	inputTyping: autoDraw = null
364.50780000019074	EXP	text_clock: autoDraw = null
364.50780000019074	EXP	timerBorder: autoDraw = null
364.50780000019074	EXP	reminderText2: autoDraw = null
364.50780000019074	EXP	trial_textCounter: autoDraw = null
364.50780000019074	EXP	text_clock: autoDraw = null
364.50780000019074	EXP	inputTyping: text = _
364.50780000019074	EXP	Questions: text = 4 × 8 =
364.50780000019074	EXP	inputTyping: text = null
364.50780000019074	EXP	trial_textCounter: text = Trial Number: 40/60
364.50780000019074	EXP	fixation: autoDraw = true
364.50780000019074	EXP	text_clock: autoDraw = true
364.50780000019074	EXP	text_clock: text = 0:1
364.50780000019074	EXP	timerBorder: autoDraw = true
364.50780000019074	EXP	trial_textCounter: autoDraw = true
364.5097000000477	EXP	text_clock: text = 0:1
364.52570000004766	EXP	text_clock: text = 0:1
364.54180000019073	EXP	text_clock: text = 0:1
364.5585	EXP	text_clock: text = 0:1
364.5752000000477	EXP	text_clock: text = 0:1
364.59140000009535	EXP	text_clock: text = 0:1
364.60840000009534	EXP	text_clock: text = 0:1
364.62490000009535	EXP	text_clock: text = 0:1
364.6417000000477	EXP	text_clock: text = 0:1
364.65860000014305	EXP	text_clock: text = 0:1
364.6911000001431	EXP	text_clock: text = 0:0
364.708	EXP	text_clock: text = 0:0
364.7103000001907	EXP	text_clock: text = 0:0
364.74110000014304	EXP	text_clock: text = 0:0
364.7435	EXP	fixation: autoDraw = null
364.7435	EXP	text_clock: text = 0:0
364.77440000009534	EXP	Questions: autoDraw = true
364.77440000009534	EXP	inputTyping: autoDraw = true
364.77440000009534	EXP	text_clock: text = 0:0
364.77440000009534	EXP	reminderText2: autoDraw = true
364.7762000000477	EXP	text_clock: text = 0:0
364.7919000000954	EXP	text_clock: text = 0:0
364.8082000000477	EXP	text_clock: text = 0:0
364.8252000000477	EXP	text_clock: text = 0:0
364.8419000000954	EXP	text_clock: text = 0:0
364.87480000019076	EXP	text_clock: text = 0:0
364.87710000014306	EXP	text_clock: text = 0:0
364.892	EXP	text_clock: text = 0:0
364.9246000001431	EXP	text_clock: text = 0:0
364.92710000014307	EXP	text_clock: text = 0:0
364.94210000014306	EXP	text_clock: text = 0:0
364.9585	EXP	text_clock: text = 0:0
364.97540000009536	EXP	text_clock: text = 0:0
364.9925	EXP	text_clock: text = 0:0
365.0092000000477	EXP	text_clock: text = 0:0
365.04180000019073	EXP	text_clock: text = 0:0
365.0442000000477	EXP	text_clock: text = 0:0
365.05880000019073	EXP	text_clock: text = 0:0
365.0755	EXP	text_clock: text = 0:0
365.09230000019073	EXP	text_clock: text = 0:0
365.1089000000954	EXP	text_clock: text = 0:0
365.12560000014304	EXP	text_clock: text = 0:0
365.14260000014303	EXP	text_clock: text = 0:0
365.15930000019074	EXP	text_clock: text = 0:0
365.192	EXP	text_clock: text = 0:0
365.19440000009536	EXP	text_clock: text = 0:0
365.20890000009535	EXP	text_clock: text = 0:0
365.22590000009535	EXP	text_clock: text = 0:0
365.2425	EXP	text_clock: text = 0:0
365.25960000014305	EXP	text_clock: text = 0:0
365.27590000009536	EXP	text_clock: text = 0:0
365.29270000004766	EXP	text_clock: text = 0:0
365.32530000019074	EXP	text_clock: text = 0:0
365.32780000019073	EXP	text_clock: text = 0:0
365.3428000001907	EXP	text_clock: text = 0:0
365.3592000000477	EXP	text_clock: text = 0:0
365.376	EXP	text_clock: text = 0:0
365.3929000000954	EXP	text_clock: text = 0:0
365.4255	EXP	text_clock: text = 0:0
365.428	EXP	text_clock: text = 0:0
365.44330000019073	EXP	text_clock: text = 0:0
365.4595	EXP	text_clock: text = 0:0
365.4925	EXP	text_clock: text = 0:0
365.49490000009536	EXP	text_clock: text = 0:0
365.51060000014303	EXP	text_clock: text = 0:0
365.52610000014306	EXP	text_clock: text = 0:0
365.54310000014306	EXP	text_clock: text = 0:0
365.5758000001907	EXP	text_clock: text = 0:0
365.5782000000477	EXP	text_clock: text = 0:0
365.59340000009536	EXP	text_clock: text = 0:0
365.6098000001907	EXP	text_clock: text = 0:0
365.6429000000954	EXP	text_clock: text = 0:0
365.6449000000954	EXP	text_clock: text = 0:0
365.6599000000954	EXP	text_clock: text = 0:0
365.69330000019073	EXP	text_clock: text = 0:0
365.69330000019073	EXP	fixation: autoDraw = null
365.69330000019073	EXP	Questions: autoDraw = null
365.69330000019073	EXP	inputTyping: autoDraw = null
365.69330000019073	EXP	text_clock: autoDraw = null
365.69330000019073	EXP	timerBorder: autoDraw = null
365.69330000019073	EXP	reminderText2: autoDraw = null
365.69330000019073	EXP	trial_textCounter: autoDraw = null
365.69330000019073	EXP	text_clock: autoDraw = null
365.69330000019073	EXP	endText: autoDraw = true
369.8972000000477	DATA	Keydown:  
